Workbook

Sheet Datos Ventas
A1: =IFERROR(__xludf.DUMMYFUNCTION("importdata(""https://drive.google.com/uc?export=download&id=1U1AR8u12BH41vb1Uvb31WaPc4KTs4qQo&v=2"","";"")"),"Empresa") -> Empresa | B1: =IFERROR(__xludf.DUMMYFUNCTION("""COMPUTED_VALUE"""),"Número de Documento") -> Número de Documento | C1: =IFERROR(__xludf.DUMMYFUNCTION("""COMPUTED_VALUE"""),"Año Fiscal") -> Año Fiscal | D1: =IFERROR(__xludf.DUMMYFUNCTION("""COMPUTED_VALUE"""),"Fecha") -> Fecha | E1: =IFERROR(__xludf.DUMMYFUNCTION("""COMPUTED_VALUE"""),"Tipo de Documento") -> Tipo de Documento | F1: =IFERROR(__xludf.DUMMYFUNCTION("""COMPUTED_VALUE"""),"Número de Artículo") -> Número de Artículo | G1: =IFERROR(__xludf.DUMMYFUNCTION("""COMPUTED_VALUE"""),"Material") -> Material | H1: =IFERROR(__xludf.DUMMYFUNCTION("""COMPUTED_VALUE"""),"Vendedor") -> Vendedor | I1: =IFERROR(__xludf.DUMMYFUNCTION("""COMPUTED_VALUE"""),"Cantidad") -> Cantidad | J1: =IFERROR(__xludf.DUMMYFUNCTION("""COMPUTED_VALUE"""),"Valor en Moneda Local") -> Valor en Moneda Local | K1: =IFERROR(__xludf.DUMMYFUNCTION("""COMPUTED_VALUE"""),"Valor en Moneda Extranjera") -> Valor en Moneda Extranjera
A2: =IFERROR(__xludf.DUMMYFUNCTION("""COMPUTED_VALUE"""),1000.0) -> 1000 | B2: =IFERROR(__xludf.DUMMYFUNCTION("""COMPUTED_VALUE"""),183456.0) -> 183456 | C2: =IFERROR(__xludf.DUMMYFUNCTION("""COMPUTED_VALUE"""),2026.0) -> 2026 | D2: =IFERROR(__xludf.DUMMYFUNCTION("""COMPUTED_VALUE"""),46387.0) -> 46387 | E2: =IFERROR(__xludf.DUMMYFUNCTION("""COMPUTED_VALUE"""),"VF") -> VF | F2: =IFERROR(__xludf.DUMMYFUNCTION("""COMPUTED_VALUE"""),1.0) -> 1 | G2: =IFERROR(__xludf.DUMMYFUNCTION("""COMPUTED_VALUE"""),"PR001") -> PR001 | H2: =IFERROR(__xludf.DUMMYFUNCTION("""COMPUTED_VALUE"""),"VD026") -> VD026 | I2: =IFERROR(__xludf.DUMMYFUNCTION("""COMPUTED_VALUE"""),27.0) -> 27 | J2: =IFERROR(__xludf.DUMMYFUNCTION("""COMPUTED_VALUE"""),1957.23) -> 1957.23 | K2: =IFERROR(__xludf.DUMMYFUNCTION("""COMPUTED_VALUE"""),1957.23) -> 1957.23
A3: =IFERROR(__xludf.DUMMYFUNCTION("""COMPUTED_VALUE"""),1000.0) -> 1000 | B3: =IFERROR(__xludf.DUMMYFUNCTION("""COMPUTED_VALUE"""),183456.0) -> 183456 | C3: =IFERROR(__xludf.DUMMYFUNCTION("""COMPUTED_VALUE"""),2026.0) -> 2026 | D3: =IFERROR(__xludf.DUMMYFUNCTION("""COMPUTED_VALUE"""),46387.0) -> 46387 | E3: =IFERROR(__xludf.DUMMYFUNCTION("""COMPUTED_VALUE"""),"VF") -> VF | F3: =IFERROR(__xludf.DUMMYFUNCTION("""COMPUTED_VALUE"""),2.0) -> 2 | G3: =IFERROR(__xludf.DUMMYFUNCTION("""COMPUTED_VALUE"""),"PR058") -> PR058 | H3: =IFERROR(__xludf.DUMMYFUNCTION("""COMPUTED_VALUE"""),"VD037") -> VD037 | I3: =IFERROR(__xludf.DUMMYFUNCTION("""COMPUTED_VALUE"""),14.0) -> 14 | J3: =IFERROR(__xludf.DUMMYFUNCTION("""COMPUTED_VALUE"""),2872.8) -> 2872.8 | K3: =IFERROR(__xludf.DUMMYFUNCTION("""COMPUTED_VALUE"""),2872.8) -> 2872.8
A4: =IFERROR(__xludf.DUMMYFUNCTION("""COMPUTED_VALUE"""),1000.0) -> 1000 | B4: =IFERROR(__xludf.DUMMYFUNCTION("""COMPUTED_VALUE"""),183457.0) -> 183457 | C4: =IFERROR(__xludf.DUMMYFUNCTION("""COMPUTED_VALUE"""),2026.0) -> 2026 | D4: =IFERROR(__xludf.DUMMYFUNCTION("""COMPUTED_VALUE"""),46387.0) -> 46387 | E4: =IFERROR(__xludf.DUMMYFUNCTION("""COMPUTED_VALUE"""),"VF") -> VF | F4: =IFERROR(__xludf.DUMMYFUNCTION("""COMPUTED_VALUE"""),1.0) -> 1 | G4: =IFERROR(__xludf.DUMMYFUNCTION("""COMPUTED_VALUE"""),"PR020") -> PR020 | H4: =IFERROR(__xludf.DUMMYFUNCTION("""COMPUTED_VALUE"""),"VD034") -> VD034 | I4: =IFERROR(__xludf.DUMMYFUNCTION("""COMPUTED_VALUE"""),20.0) -> 20 | J4: =IFERROR(__xludf.DUMMYFUNCTION("""COMPUTED_VALUE"""),7137.62) -> 7137.62 | K4: =IFERROR(__xludf.DUMMYFUNCTION("""COMPUTED_VALUE"""),7137.62) -> 7137.62
A5: =IFERROR(__xludf.DUMMYFUNCTION("""COMPUTED_VALUE"""),1000.0) -> 1000 | B5: =IFERROR(__xludf.DUMMYFUNCTION("""COMPUTED_VALUE"""),183458.0) -> 183458 | C5: =IFERROR(__xludf.DUMMYFUNCTION("""COMPUTED_VALUE"""),2026.0) -> 2026 | D5: =IFERROR(__xludf.DUMMYFUNCTION("""COMPUTED_VALUE"""),46387.0) -> 46387 | E5: =IFERROR(__xludf.DUMMYFUNCTION("""COMPUTED_VALUE"""),"VF") -> VF | F5: =IFERROR(__xludf.DUMMYFUNCTION("""COMPUTED_VALUE"""),1.0) -> 1 | G5: =IFERROR(__xludf.DUMMYFUNCTION("""COMPUTED_VALUE"""),"PR035") -> PR035 | H5: =IFERROR(__xludf.DUMMYFUNCTION("""COMPUTED_VALUE"""),"VD021") -> VD021 | I5: =IFERROR(__xludf.DUMMYFUNCTION("""COMPUTED_VALUE"""),24.0) -> 24 | J5: =IFERROR(__xludf.DUMMYFUNCTION("""COMPUTED_VALUE"""),2478.77) -> 2478.77 | K5: =IFERROR(__xludf.DUMMYFUNCTION("""COMPUTED_VALUE"""),2478.77) -> 2478.77
A6: =IFERROR(__xludf.DUMMYFUNCTION("""COMPUTED_VALUE"""),1000.0) -> 1000 | B6: =IFERROR(__xludf.DUMMYFUNCTION("""COMPUTED_VALUE"""),183459.0) -> 183459 | C6: =IFERROR(__xludf.DUMMYFUNCTION("""COMPUTED_VALUE"""),2026.0) -> 2026 | D6: =IFERROR(__xludf.DUMMYFUNCTION("""COMPUTED_VALUE"""),46387.0) -> 46387 | E6: =IFERROR(__xludf.DUMMYFUNCTION("""COMPUTED_VALUE"""),"VF") -> VF | F6: =IFERROR(__xludf.DUMMYFUNCTION("""COMPUTED_VALUE"""),1.0) -> 1 | G6: =IFERROR(__xludf.DUMMYFUNCTION("""COMPUTED_VALUE"""),"PR016") -> PR016 | H6: =IFERROR(__xludf.DUMMYFUNCTION("""COMPUTED_VALUE"""),"VD027") -> VD027 | I6: =IFERROR(__xludf.DUMMYFUNCTION("""COMPUTED_VALUE"""),10.0) -> 10 | J6: =IFERROR(__xludf.DUMMYFUNCTION("""COMPUTED_VALUE"""),303.03) -> 303.03 | K6: =IFERROR(__xludf.DUMMYFUNCTION("""COMPUTED_VALUE"""),303.03) -> 303.03
A7: =IFERROR(__xludf.DUMMYFUNCTION("""COMPUTED_VALUE"""),1000.0) -> 1000 | B7: =IFERROR(__xludf.DUMMYFUNCTION("""COMPUTED_VALUE"""),183460.0) -> 183460 | C7: =IFERROR(__xludf.DUMMYFUNCTION("""COMPUTED_VALUE"""),2026.0) -> 2026 | D7: =IFERROR(__xludf.DUMMYFUNCTION("""COMPUTED_VALUE"""),46387.0) -> 46387 | E7: =IFERROR(__xludf.DUMMYFUNCTION("""COMPUTED_VALUE"""),"VF") -> VF | F7: =IFERROR(__xludf.DUMMYFUNCTION("""COMPUTED_VALUE"""),1.0) -> 1 | G7: =IFERROR(__xludf.DUMMYFUNCTION("""COMPUTED_VALUE"""),"PR051") -> PR051 | H7: =IFERROR(__xludf.DUMMYFUNCTION("""COMPUTED_VALUE"""),"VD048") -> VD048 | I7: =IFERROR(__xludf.DUMMYFUNCTION("""COMPUTED_VALUE"""),18.0) -> 18 | J7: =IFERROR(__xludf.DUMMYFUNCTION("""COMPUTED_VALUE"""),704.72) -> 704.72 | K7: =IFERROR(__xludf.DUMMYFUNCTION("""COMPUTED_VALUE"""),704.72) -> 704.72
A8: =IFERROR(__xludf.DUMMYFUNCTION("""COMPUTED_VALUE"""),1000.0) -> 1000 | B8: =IFERROR(__xludf.DUMMYFUNCTION("""COMPUTED_VALUE"""),183461.0) -> 183461 | C8: =IFERROR(__xludf.DUMMYFUNCTION("""COMPUTED_VALUE"""),2026.0) -> 2026 | D8: =IFERROR(__xludf.DUMMYFUNCTION("""COMPUTED_VALUE"""),46387.0) -> 46387 | E8: =IFERROR(__xludf.DUMMYFUNCTION("""COMPUTED_VALUE"""),"VF") -> VF | F8: =IFERROR(__xludf.DUMMYFUNCTION("""COMPUTED_VALUE"""),1.0) -> 1 | G8: =IFERROR(__xludf.DUMMYFUNCTION("""COMPUTED_VALUE"""),"PR042") -> PR042 | H8: =IFERROR(__xludf.DUMMYFUNCTION("""COMPUTED_VALUE"""),"VD025") -> VD025 | I8: =IFERROR(__xludf.DUMMYFUNCTION("""COMPUTED_VALUE"""),27.0) -> 27 | J8: =IFERROR(__xludf.DUMMYFUNCTION("""COMPUTED_VALUE"""),1778.76) -> 1778.76 | K8: =IFERROR(__xludf.DUMMYFUNCTION("""COMPUTED_VALUE"""),1778.76) -> 1778.76
A9: =IFERROR(__xludf.DUMMYFUNCTION("""COMPUTED_VALUE"""),1000.0) -> 1000 | B9: =IFERROR(__xludf.DUMMYFUNCTION("""COMPUTED_VALUE"""),183462.0) -> 183462 | C9: =IFERROR(__xludf.DUMMYFUNCTION("""COMPUTED_VALUE"""),2026.0) -> 2026 | D9: =IFERROR(__xludf.DUMMYFUNCTION("""COMPUTED_VALUE"""),46387.0) -> 46387 | E9: =IFERROR(__xludf.DUMMYFUNCTION("""COMPUTED_VALUE"""),"VF") -> VF | F9: =IFERROR(__xludf.DUMMYFUNCTION("""COMPUTED_VALUE"""),1.0) -> 1 | G9: =IFERROR(__xludf.DUMMYFUNCTION("""COMPUTED_VALUE"""),"PR050") -> PR050 | H9: =IFERROR(__xludf.DUMMYFUNCTION("""COMPUTED_VALUE"""),"VD037") -> VD037 | I9: =IFERROR(__xludf.DUMMYFUNCTION("""COMPUTED_VALUE"""),14.0) -> 14 | J9: =IFERROR(__xludf.DUMMYFUNCTION("""COMPUTED_VALUE"""),511.27) -> 511.27 | K9: =IFERROR(__xludf.DUMMYFUNCTION("""COMPUTED_VALUE"""),511.27) -> 511.27
A10: =IFERROR(__xludf.DUMMYFUNCTION("""COMPUTED_VALUE"""),1000.0) -> 1000 | B10: =IFERROR(__xludf.DUMMYFUNCTION("""COMPUTED_VALUE"""),183463.0) -> 183463 | C10: =IFERROR(__xludf.DUMMYFUNCTION("""COMPUTED_VALUE"""),2026.0) -> 2026 | D10: =IFERROR(__xludf.DUMMYFUNCTION("""COMPUTED_VALUE"""),46387.0) -> 46387 | E10: =IFERROR(__xludf.DUMMYFUNCTION("""COMPUTED_VALUE"""),"VF") -> VF | F10: =IFERROR(__xludf.DUMMYFUNCTION("""COMPUTED_VALUE"""),1.0) -> 1 | G10: =IFERROR(__xludf.DUMMYFUNCTION("""COMPUTED_VALUE"""),"PR001") -> PR001 | H10: =IFERROR(__xludf.DUMMYFUNCTION("""COMPUTED_VALUE"""),"VD036") -> VD036 | I10: =IFERROR(__xludf.DUMMYFUNCTION("""COMPUTED_VALUE"""),12.0) -> 12 | J10: =IFERROR(__xludf.DUMMYFUNCTION("""COMPUTED_VALUE"""),901.51) -> 901.51 | K10: =IFERROR(__xludf.DUMMYFUNCTION("""COMPUTED_VALUE"""),901.51) -> 901.51
A11: =IFERROR(__xludf.DUMMYFUNCTION("""COMPUTED_VALUE"""),1000.0) -> 1000 | B11: =IFERROR(__xludf.DUMMYFUNCTION("""COMPUTED_VALUE"""),183464.0) -> 183464 | C11: =IFERROR(__xludf.DUMMYFUNCTION("""COMPUTED_VALUE"""),2026.0) -> 2026 | D11: =IFERROR(__xludf.DUMMYFUNCTION("""COMPUTED_VALUE"""),46387.0) -> 46387 | E11: =IFERROR(__xludf.DUMMYFUNCTION("""COMPUTED_VALUE"""),"VF") -> VF | F11: =IFERROR(__xludf.DUMMYFUNCTION("""COMPUTED_VALUE"""),1.0) -> 1 | G11: =IFERROR(__xludf.DUMMYFUNCTION("""COMPUTED_VALUE"""),"PR059") -> PR059 | H11: =IFERROR(__xludf.DUMMYFUNCTION("""COMPUTED_VALUE"""),"VD049") -> VD049 | I11: =IFERROR(__xludf.DUMMYFUNCTION("""COMPUTED_VALUE"""),27.0) -> 27 | J11: =IFERROR(__xludf.DUMMYFUNCTION("""COMPUTED_VALUE"""),5783.4) -> 5783.4 | K11: =IFERROR(__xludf.DUMMYFUNCTION("""COMPUTED_VALUE"""),5783.4) -> 5783.4
A12: =IFERROR(__xludf.DUMMYFUNCTION("""COMPUTED_VALUE"""),1000.0) -> 1000 | B12: =IFERROR(__xludf.DUMMYFUNCTION("""COMPUTED_VALUE"""),183465.0) -> 183465 | C12: =IFERROR(__xludf.DUMMYFUNCTION("""COMPUTED_VALUE"""),2026.0) -> 2026 | D12: =IFERROR(__xludf.DUMMYFUNCTION("""COMPUTED_VALUE"""),46387.0) -> 46387 | E12: =IFERROR(__xludf.DUMMYFUNCTION("""COMPUTED_VALUE"""),"VF") -> VF | F12: =IFERROR(__xludf.DUMMYFUNCTION("""COMPUTED_VALUE"""),1.0) -> 1 | G12: =IFERROR(__xludf.DUMMYFUNCTION("""COMPUTED_VALUE"""),"PR019") -> PR019 | H12: =IFERROR(__xludf.DUMMYFUNCTION("""COMPUTED_VALUE"""),"VD021") -> VD021 | I12: =IFERROR(__xludf.DUMMYFUNCTION("""COMPUTED_VALUE"""),15.0) -> 15 | J12: =IFERROR(__xludf.DUMMYFUNCTION("""COMPUTED_VALUE"""),845.81) -> 845.81 | K12: =IFERROR(__xludf.DUMMYFUNCTION("""COMPUTED_VALUE"""),845.81) -> 845.81
A13: =IFERROR(__xludf.DUMMYFUNCTION("""COMPUTED_VALUE"""),1000.0) -> 1000 | B13: =IFERROR(__xludf.DUMMYFUNCTION("""COMPUTED_VALUE"""),183466.0) -> 183466 | C13: =IFERROR(__xludf.DUMMYFUNCTION("""COMPUTED_VALUE"""),2026.0) -> 2026 | D13: =IFERROR(__xludf.DUMMYFUNCTION("""COMPUTED_VALUE"""),46387.0) -> 46387 | E13: =IFERROR(__xludf.DUMMYFUNCTION("""COMPUTED_VALUE"""),"VF") -> VF | F13: =IFERROR(__xludf.DUMMYFUNCTION("""COMPUTED_VALUE"""),1.0) -> 1 | G13: =IFERROR(__xludf.DUMMYFUNCTION("""COMPUTED_VALUE"""),"PR055") -> PR055 | H13: =IFERROR(__xludf.DUMMYFUNCTION("""COMPUTED_VALUE"""),"VD015") -> VD015 | I13: =IFERROR(__xludf.DUMMYFUNCTION("""COMPUTED_VALUE"""),18.0) -> 18 | J13: =IFERROR(__xludf.DUMMYFUNCTION("""COMPUTED_VALUE"""),1844.75) -> 1844.75 | K13: =IFERROR(__xludf.DUMMYFUNCTION("""COMPUTED_VALUE"""),1844.75) -> 1844.75
A14: =IFERROR(__xludf.DUMMYFUNCTION("""COMPUTED_VALUE"""),1000.0) -> 1000 | B14: =IFERROR(__xludf.DUMMYFUNCTION("""COMPUTED_VALUE"""),183466.0) -> 183466 | C14: =IFERROR(__xludf.DUMMYFUNCTION("""COMPUTED_VALUE"""),2026.0) -> 2026 | D14: =IFERROR(__xludf.DUMMYFUNCTION("""COMPUTED_VALUE"""),46387.0) -> 46387 | E14: =IFERROR(__xludf.DUMMYFUNCTION("""COMPUTED_VALUE"""),"VF") -> VF | F14: =IFERROR(__xludf.DUMMYFUNCTION("""COMPUTED_VALUE"""),2.0) -> 2 | G14: =IFERROR(__xludf.DUMMYFUNCTION("""COMPUTED_VALUE"""),"PR052") -> PR052 | H14: =IFERROR(__xludf.DUMMYFUNCTION("""COMPUTED_VALUE"""),"VD012") -> VD012 | I14: =IFERROR(__xludf.DUMMYFUNCTION("""COMPUTED_VALUE"""),16.0) -> 16 | J14: =IFERROR(__xludf.DUMMYFUNCTION("""COMPUTED_VALUE"""),950.1) -> 950.1 | K14: =IFERROR(__xludf.DUMMYFUNCTION("""COMPUTED_VALUE"""),950.1) -> 950.1
A15: =IFERROR(__xludf.DUMMYFUNCTION("""COMPUTED_VALUE"""),1000.0) -> 1000 | B15: =IFERROR(__xludf.DUMMYFUNCTION("""COMPUTED_VALUE"""),183466.0) -> 183466 | C15: =IFERROR(__xludf.DUMMYFUNCTION("""COMPUTED_VALUE"""),2026.0) -> 2026 | D15: =IFERROR(__xludf.DUMMYFUNCTION("""COMPUTED_VALUE"""),46387.0) -> 46387 | E15: =IFERROR(__xludf.DUMMYFUNCTION("""COMPUTED_VALUE"""),"VF") -> VF | F15: =IFERROR(__xludf.DUMMYFUNCTION("""COMPUTED_VALUE"""),3.0) -> 3 | G15: =IFERROR(__xludf.DUMMYFUNCTION("""COMPUTED_VALUE"""),"PR052") -> PR052 | H15: =IFERROR(__xludf.DUMMYFUNCTION("""COMPUTED_VALUE"""),"VD043") -> VD043 | I15: =IFERROR(__xludf.DUMMYFUNCTION("""COMPUTED_VALUE"""),9.0) -> 9 | J15: =IFERROR(__xludf.DUMMYFUNCTION("""COMPUTED_VALUE"""),511.97) -> 511.97 | K15: =IFERROR(__xludf.DUMMYFUNCTION("""COMPUTED_VALUE"""),511.97) -> 511.97
A16: =IFERROR(__xludf.DUMMYFUNCTION("""COMPUTED_VALUE"""),1000.0) -> 1000 | B16: =IFERROR(__xludf.DUMMYFUNCTION("""COMPUTED_VALUE"""),183467.0) -> 183467 | C16: =IFERROR(__xludf.DUMMYFUNCTION("""COMPUTED_VALUE"""),2026.0) -> 2026 | D16: =IFERROR(__xludf.DUMMYFUNCTION("""COMPUTED_VALUE"""),46386.0) -> 46386 | E16: =IFERROR(__xludf.DUMMYFUNCTION("""COMPUTED_VALUE"""),"VF") -> VF | F16: =IFERROR(__xludf.DUMMYFUNCTION("""COMPUTED_VALUE"""),1.0) -> 1 | G16: =IFERROR(__xludf.DUMMYFUNCTION("""COMPUTED_VALUE"""),"PR014") -> PR014 | H16: =IFERROR(__xludf.DUMMYFUNCTION("""COMPUTED_VALUE"""),"VD020") -> VD020 | I16: =IFERROR(__xludf.DUMMYFUNCTION("""COMPUTED_VALUE"""),9.0) -> 9 | J16: =IFERROR(__xludf.DUMMYFUNCTION("""COMPUTED_VALUE"""),420.15) -> 420.15 | K16: =IFERROR(__xludf.DUMMYFUNCTION("""COMPUTED_VALUE"""),420.15) -> 420.15
A17: =IFERROR(__xludf.DUMMYFUNCTION("""COMPUTED_VALUE"""),1000.0) -> 1000 | B17: =IFERROR(__xludf.DUMMYFUNCTION("""COMPUTED_VALUE"""),183468.0) -> 183468 | C17: =IFERROR(__xludf.DUMMYFUNCTION("""COMPUTED_VALUE"""),2026.0) -> 2026 | D17: =IFERROR(__xludf.DUMMYFUNCTION("""COMPUTED_VALUE"""),46386.0) -> 46386 | E17: =IFERROR(__xludf.DUMMYFUNCTION("""COMPUTED_VALUE"""),"VF") -> VF | F17: =IFERROR(__xludf.DUMMYFUNCTION("""COMPUTED_VALUE"""),1.0) -> 1 | G17: =IFERROR(__xludf.DUMMYFUNCTION("""COMPUTED_VALUE"""),"PR055") -> PR055 | H17: =IFERROR(__xludf.DUMMYFUNCTION("""COMPUTED_VALUE"""),"VD019") -> VD019 | I17: =IFERROR(__xludf.DUMMYFUNCTION("""COMPUTED_VALUE"""),9.0) -> 9 | J17: =IFERROR(__xludf.DUMMYFUNCTION("""COMPUTED_VALUE"""),890.01) -> 890.01 | K17: =IFERROR(__xludf.DUMMYFUNCTION("""COMPUTED_VALUE"""),890.01) -> 890.01
A18: =IFERROR(__xludf.DUMMYFUNCTION("""COMPUTED_VALUE"""),1000.0) -> 1000 | B18: =IFERROR(__xludf.DUMMYFUNCTION("""COMPUTED_VALUE"""),183469.0) -> 183469 | C18: =IFERROR(__xludf.DUMMYFUNCTION("""COMPUTED_VALUE"""),2026.0) -> 2026 | D18: =IFERROR(__xludf.DUMMYFUNCTION("""COMPUTED_VALUE"""),46386.0) -> 46386 | E18: =IFERROR(__xludf.DUMMYFUNCTION("""COMPUTED_VALUE"""),"VF") -> VF | F18: =IFERROR(__xludf.DUMMYFUNCTION("""COMPUTED_VALUE"""),1.0) -> 1 | G18: =IFERROR(__xludf.DUMMYFUNCTION("""COMPUTED_VALUE"""),"PR045") -> PR045 | H18: =IFERROR(__xludf.DUMMYFUNCTION("""COMPUTED_VALUE"""),"VD041") -> VD041 | I18: =IFERROR(__xludf.DUMMYFUNCTION("""COMPUTED_VALUE"""),14.0) -> 14 | J18: =IFERROR(__xludf.DUMMYFUNCTION("""COMPUTED_VALUE"""),1157.1) -> 1157.1 | K18: =IFERROR(__xludf.DUMMYFUNCTION("""COMPUTED_VALUE"""),1157.1) -> 1157.1
A19: =IFERROR(__xludf.DUMMYFUNCTION("""COMPUTED_VALUE"""),1000.0) -> 1000 | B19: =IFERROR(__xludf.DUMMYFUNCTION("""COMPUTED_VALUE"""),183470.0) -> 183470 | C19: =IFERROR(__xludf.DUMMYFUNCTION("""COMPUTED_VALUE"""),2026.0) -> 2026 | D19: =IFERROR(__xludf.DUMMYFUNCTION("""COMPUTED_VALUE"""),46386.0) -> 46386 | E19: =IFERROR(__xludf.DUMMYFUNCTION("""COMPUTED_VALUE"""),"VF") -> VF | F19: =IFERROR(__xludf.DUMMYFUNCTION("""COMPUTED_VALUE"""),1.0) -> 1 | G19: =IFERROR(__xludf.DUMMYFUNCTION("""COMPUTED_VALUE"""),"PR053") -> PR053 | H19: =IFERROR(__xludf.DUMMYFUNCTION("""COMPUTED_VALUE"""),"VD013") -> VD013 | I19: =IFERROR(__xludf.DUMMYFUNCTION("""COMPUTED_VALUE"""),9.0) -> 9 | J19: =IFERROR(__xludf.DUMMYFUNCTION("""COMPUTED_VALUE"""),511.97) -> 511.97 | K19: =IFERROR(__xludf.DUMMYFUNCTION("""COMPUTED_VALUE"""),511.97) -> 511.97
A20: =IFERROR(__xludf.DUMMYFUNCTION("""COMPUTED_VALUE"""),1000.0) -> 1000 | B20: =IFERROR(__xludf.DUMMYFUNCTION("""COMPUTED_VALUE"""),183471.0) -> 183471 | C20: =IFERROR(__xludf.DUMMYFUNCTION("""COMPUTED_VALUE"""),2026.0) -> 2026 | D20: =IFERROR(__xludf.DUMMYFUNCTION("""COMPUTED_VALUE"""),46386.0) -> 46386 | E20: =IFERROR(__xludf.DUMMYFUNCTION("""COMPUTED_VALUE"""),"VF") -> VF | F20: =IFERROR(__xludf.DUMMYFUNCTION("""COMPUTED_VALUE"""),1.0) -> 1 | G20: =IFERROR(__xludf.DUMMYFUNCTION("""COMPUTED_VALUE"""),"PR054") -> PR054 | H20: =IFERROR(__xludf.DUMMYFUNCTION("""COMPUTED_VALUE"""),"VD028") -> VD028 | I20: =IFERROR(__xludf.DUMMYFUNCTION("""COMPUTED_VALUE"""),9.0) -> 9 | J20: =IFERROR(__xludf.DUMMYFUNCTION("""COMPUTED_VALUE"""),538.92) -> 538.92 | K20: =IFERROR(__xludf.DUMMYFUNCTION("""COMPUTED_VALUE"""),538.92) -> 538.92
A21: =IFERROR(__xludf.DUMMYFUNCTION("""COMPUTED_VALUE"""),2000.0) -> 2000 | B21: =IFERROR(__xludf.DUMMYFUNCTION("""COMPUTED_VALUE"""),183472.0) -> 183472 | C21: =IFERROR(__xludf.DUMMYFUNCTION("""COMPUTED_VALUE"""),2026.0) -> 2026 | D21: =IFERROR(__xludf.DUMMYFUNCTION("""COMPUTED_VALUE"""),46386.0) -> 46386 | E21: =IFERROR(__xludf.DUMMYFUNCTION("""COMPUTED_VALUE"""),"VF") -> VF | F21: =IFERROR(__xludf.DUMMYFUNCTION("""COMPUTED_VALUE"""),1.0) -> 1 | G21: =IFERROR(__xludf.DUMMYFUNCTION("""COMPUTED_VALUE"""),"PR020") -> PR020 | H21: =IFERROR(__xludf.DUMMYFUNCTION("""COMPUTED_VALUE"""),"VD047") -> VD047 | I21: =IFERROR(__xludf.DUMMYFUNCTION("""COMPUTED_VALUE"""),27.0) -> 27 | J21: =IFERROR(__xludf.DUMMYFUNCTION("""COMPUTED_VALUE"""),8907.03) -> 8907.03 | K21: =IFERROR(__xludf.DUMMYFUNCTION("""COMPUTED_VALUE"""),8907.03) -> 8907.03
A22: =IFERROR(__xludf.DUMMYFUNCTION("""COMPUTED_VALUE"""),1000.0) -> 1000 | B22: =IFERROR(__xludf.DUMMYFUNCTION("""COMPUTED_VALUE"""),183472.0) -> 183472 | C22: =IFERROR(__xludf.DUMMYFUNCTION("""COMPUTED_VALUE"""),2026.0) -> 2026 | D22: =IFERROR(__xludf.DUMMYFUNCTION("""COMPUTED_VALUE"""),46386.0) -> 46386 | E22: =IFERROR(__xludf.DUMMYFUNCTION("""COMPUTED_VALUE"""),"VF") -> VF | F22: =IFERROR(__xludf.DUMMYFUNCTION("""COMPUTED_VALUE"""),2.0) -> 2 | G22: =IFERROR(__xludf.DUMMYFUNCTION("""COMPUTED_VALUE"""),"PR047") -> PR047 | H22: =IFERROR(__xludf.DUMMYFUNCTION("""COMPUTED_VALUE"""),"VD017") -> VD017 | I22: =IFERROR(__xludf.DUMMYFUNCTION("""COMPUTED_VALUE"""),12.0) -> 12 | J22: =IFERROR(__xludf.DUMMYFUNCTION("""COMPUTED_VALUE"""),4174.56) -> 4174.56 | K22: =IFERROR(__xludf.DUMMYFUNCTION("""COMPUTED_VALUE"""),4174.56) -> 4174.56
A23: =IFERROR(__xludf.DUMMYFUNCTION("""COMPUTED_VALUE"""),2000.0) -> 2000 | B23: =IFERROR(__xludf.DUMMYFUNCTION("""COMPUTED_VALUE"""),183473.0) -> 183473 | C23: =IFERROR(__xludf.DUMMYFUNCTION("""COMPUTED_VALUE"""),2026.0) -> 2026 | D23: =IFERROR(__xludf.DUMMYFUNCTION("""COMPUTED_VALUE"""),46386.0) -> 46386 | E23: =IFERROR(__xludf.DUMMYFUNCTION("""COMPUTED_VALUE"""),"VF") -> VF | F23: =IFERROR(__xludf.DUMMYFUNCTION("""COMPUTED_VALUE"""),1.0) -> 1 | G23: =IFERROR(__xludf.DUMMYFUNCTION("""COMPUTED_VALUE"""),"PR047") -> PR047 | H23: =IFERROR(__xludf.DUMMYFUNCTION("""COMPUTED_VALUE"""),"VD040") -> VD040 | I23: =IFERROR(__xludf.DUMMYFUNCTION("""COMPUTED_VALUE"""),15.0) -> 15 | J23: =IFERROR(__xludf.DUMMYFUNCTION("""COMPUTED_VALUE"""),4826.84) -> 4826.84 | K23: =IFERROR(__xludf.DUMMYFUNCTION("""COMPUTED_VALUE"""),4826.84) -> 4826.84
A24: =IFERROR(__xludf.DUMMYFUNCTION("""COMPUTED_VALUE"""),1000.0) -> 1000 | B24: =IFERROR(__xludf.DUMMYFUNCTION("""COMPUTED_VALUE"""),183474.0) -> 183474 | C24: =IFERROR(__xludf.DUMMYFUNCTION("""COMPUTED_VALUE"""),2026.0) -> 2026 | D24: =IFERROR(__xludf.DUMMYFUNCTION("""COMPUTED_VALUE"""),46386.0) -> 46386 | E24: =IFERROR(__xludf.DUMMYFUNCTION("""COMPUTED_VALUE"""),"VF") -> VF | F24: =IFERROR(__xludf.DUMMYFUNCTION("""COMPUTED_VALUE"""),1.0) -> 1 | G24: =IFERROR(__xludf.DUMMYFUNCTION("""COMPUTED_VALUE"""),"PR003") -> PR003 | H24: =IFERROR(__xludf.DUMMYFUNCTION("""COMPUTED_VALUE"""),"VD033") -> VD033 | I24: =IFERROR(__xludf.DUMMYFUNCTION("""COMPUTED_VALUE"""),8.0) -> 8 | J24: =IFERROR(__xludf.DUMMYFUNCTION("""COMPUTED_VALUE"""),629.59) -> 629.59 | K24: =IFERROR(__xludf.DUMMYFUNCTION("""COMPUTED_VALUE"""),629.59) -> 629.59
A25: =IFERROR(__xludf.DUMMYFUNCTION("""COMPUTED_VALUE"""),1000.0) -> 1000 | B25: =IFERROR(__xludf.DUMMYFUNCTION("""COMPUTED_VALUE"""),183475.0) -> 183475 | C25: =IFERROR(__xludf.DUMMYFUNCTION("""COMPUTED_VALUE"""),2026.0) -> 2026 | D25: =IFERROR(__xludf.DUMMYFUNCTION("""COMPUTED_VALUE"""),46386.0) -> 46386 | E25: =IFERROR(__xludf.DUMMYFUNCTION("""COMPUTED_VALUE"""),"VF") -> VF | F25: =IFERROR(__xludf.DUMMYFUNCTION("""COMPUTED_VALUE"""),1.0) -> 1 | G25: =IFERROR(__xludf.DUMMYFUNCTION("""COMPUTED_VALUE"""),"PR058") -> PR058 | H25: =IFERROR(__xludf.DUMMYFUNCTION("""COMPUTED_VALUE"""),"VD014") -> VD014 | I25: =IFERROR(__xludf.DUMMYFUNCTION("""COMPUTED_VALUE"""),21.0) -> 21 | J25: =IFERROR(__xludf.DUMMYFUNCTION("""COMPUTED_VALUE"""),4536.0) -> 4536 | K25: =IFERROR(__xludf.DUMMYFUNCTION("""COMPUTED_VALUE"""),4536.0) -> 4536
A26: =IFERROR(__xludf.DUMMYFUNCTION("""COMPUTED_VALUE"""),2000.0) -> 2000 | B26: =IFERROR(__xludf.DUMMYFUNCTION("""COMPUTED_VALUE"""),183476.0) -> 183476 | C26: =IFERROR(__xludf.DUMMYFUNCTION("""COMPUTED_VALUE"""),2026.0) -> 2026 | D26: =IFERROR(__xludf.DUMMYFUNCTION("""COMPUTED_VALUE"""),46386.0) -> 46386 | E26: =IFERROR(__xludf.DUMMYFUNCTION("""COMPUTED_VALUE"""),"VF") -> VF | F26: =IFERROR(__xludf.DUMMYFUNCTION("""COMPUTED_VALUE"""),1.0) -> 1 | G26: =IFERROR(__xludf.DUMMYFUNCTION("""COMPUTED_VALUE"""),"PR049") -> PR049 | H26: =IFERROR(__xludf.DUMMYFUNCTION("""COMPUTED_VALUE"""),"VD029") -> VD029 | I26: =IFERROR(__xludf.DUMMYFUNCTION("""COMPUTED_VALUE"""),12.0) -> 12 | J26: =IFERROR(__xludf.DUMMYFUNCTION("""COMPUTED_VALUE"""),473.76) -> 473.76 | K26: =IFERROR(__xludf.DUMMYFUNCTION("""COMPUTED_VALUE"""),473.76) -> 473.76
A27: =IFERROR(__xludf.DUMMYFUNCTION("""COMPUTED_VALUE"""),1000.0) -> 1000 | B27: =IFERROR(__xludf.DUMMYFUNCTION("""COMPUTED_VALUE"""),183477.0) -> 183477 | C27: =IFERROR(__xludf.DUMMYFUNCTION("""COMPUTED_VALUE"""),2026.0) -> 2026 | D27: =IFERROR(__xludf.DUMMYFUNCTION("""COMPUTED_VALUE"""),46386.0) -> 46386 | E27: =IFERROR(__xludf.DUMMYFUNCTION("""COMPUTED_VALUE"""),"VF") -> VF | F27: =IFERROR(__xludf.DUMMYFUNCTION("""COMPUTED_VALUE"""),1.0) -> 1 | G27: =IFERROR(__xludf.DUMMYFUNCTION("""COMPUTED_VALUE"""),"PR035") -> PR035 | H27: =IFERROR(__xludf.DUMMYFUNCTION("""COMPUTED_VALUE"""),"VD010") -> VD010 | I27: =IFERROR(__xludf.DUMMYFUNCTION("""COMPUTED_VALUE"""),27.0) -> 27 | J27: =IFERROR(__xludf.DUMMYFUNCTION("""COMPUTED_VALUE"""),2763.94) -> 2763.94 | K27: =IFERROR(__xludf.DUMMYFUNCTION("""COMPUTED_VALUE"""),2763.94) -> 2763.94
A28: =IFERROR(__xludf.DUMMYFUNCTION("""COMPUTED_VALUE"""),2000.0) -> 2000 | B28: =IFERROR(__xludf.DUMMYFUNCTION("""COMPUTED_VALUE"""),183478.0) -> 183478 | C28: =IFERROR(__xludf.DUMMYFUNCTION("""COMPUTED_VALUE"""),2026.0) -> 2026 | D28: =IFERROR(__xludf.DUMMYFUNCTION("""COMPUTED_VALUE"""),46386.0) -> 46386 | E28: =IFERROR(__xludf.DUMMYFUNCTION("""COMPUTED_VALUE"""),"VF") -> VF | F28: =IFERROR(__xludf.DUMMYFUNCTION("""COMPUTED_VALUE"""),1.0) -> 1 | G28: =IFERROR(__xludf.DUMMYFUNCTION("""COMPUTED_VALUE"""),"PR003") -> PR003 | H28: =IFERROR(__xludf.DUMMYFUNCTION("""COMPUTED_VALUE"""),"VD024") -> VD024 | I28: =IFERROR(__xludf.DUMMYFUNCTION("""COMPUTED_VALUE"""),18.0) -> 18 | J28: =IFERROR(__xludf.DUMMYFUNCTION("""COMPUTED_VALUE"""),1480.39) -> 1480.39 | K28: =IFERROR(__xludf.DUMMYFUNCTION("""COMPUTED_VALUE"""),1480.39) -> 1480.39
A29: =IFERROR(__xludf.DUMMYFUNCTION("""COMPUTED_VALUE"""),2000.0) -> 2000 | B29: =IFERROR(__xludf.DUMMYFUNCTION("""COMPUTED_VALUE"""),183479.0) -> 183479 | C29: =IFERROR(__xludf.DUMMYFUNCTION("""COMPUTED_VALUE"""),2026.0) -> 2026 | D29: =IFERROR(__xludf.DUMMYFUNCTION("""COMPUTED_VALUE"""),46385.0) -> 46385 | E29: =IFERROR(__xludf.DUMMYFUNCTION("""COMPUTED_VALUE"""),"VF") -> VF | F29: =IFERROR(__xludf.DUMMYFUNCTION("""COMPUTED_VALUE"""),1.0) -> 1 | G29: =IFERROR(__xludf.DUMMYFUNCTION("""COMPUTED_VALUE"""),"PR006") -> PR006 | H29: =IFERROR(__xludf.DUMMYFUNCTION("""COMPUTED_VALUE"""),"VD021") -> VD021 | I29: =IFERROR(__xludf.DUMMYFUNCTION("""COMPUTED_VALUE"""),27.0) -> 27 | J29: =IFERROR(__xludf.DUMMYFUNCTION("""COMPUTED_VALUE"""),1249.67) -> 1249.67 | K29: =IFERROR(__xludf.DUMMYFUNCTION("""COMPUTED_VALUE"""),1249.67) -> 1249.67
A30: =IFERROR(__xludf.DUMMYFUNCTION("""COMPUTED_VALUE"""),1000.0) -> 1000 | B30: =IFERROR(__xludf.DUMMYFUNCTION("""COMPUTED_VALUE"""),183479.0) -> 183479 | C30: =IFERROR(__xludf.DUMMYFUNCTION("""COMPUTED_VALUE"""),2026.0) -> 2026 | D30: =IFERROR(__xludf.DUMMYFUNCTION("""COMPUTED_VALUE"""),46385.0) -> 46385 | E30: =IFERROR(__xludf.DUMMYFUNCTION("""COMPUTED_VALUE"""),"VF") -> VF | F30: =IFERROR(__xludf.DUMMYFUNCTION("""COMPUTED_VALUE"""),2.0) -> 2 | G30: =IFERROR(__xludf.DUMMYFUNCTION("""COMPUTED_VALUE"""),"PR002") -> PR002 | H30: =IFERROR(__xludf.DUMMYFUNCTION("""COMPUTED_VALUE"""),"VD040") -> VD040 | I30: =IFERROR(__xludf.DUMMYFUNCTION("""COMPUTED_VALUE"""),24.0) -> 24 | J30: =IFERROR(__xludf.DUMMYFUNCTION("""COMPUTED_VALUE"""),1996.34) -> 1996.34 | K30: =IFERROR(__xludf.DUMMYFUNCTION("""COMPUTED_VALUE"""),1996.34) -> 1996.34
A31: =IFERROR(__xludf.DUMMYFUNCTION("""COMPUTED_VALUE"""),1000.0) -> 1000 | B31: =IFERROR(__xludf.DUMMYFUNCTION("""COMPUTED_VALUE"""),183479.0) -> 183479 | C31: =IFERROR(__xludf.DUMMYFUNCTION("""COMPUTED_VALUE"""),2026.0) -> 2026 | D31: =IFERROR(__xludf.DUMMYFUNCTION("""COMPUTED_VALUE"""),46384.0) -> 46384 | E31: =IFERROR(__xludf.DUMMYFUNCTION("""COMPUTED_VALUE"""),"VF") -> VF | F31: =IFERROR(__xludf.DUMMYFUNCTION("""COMPUTED_VALUE"""),3.0) -> 3 | G31: =IFERROR(__xludf.DUMMYFUNCTION("""COMPUTED_VALUE"""),"PR038") -> PR038 | H31: =IFERROR(__xludf.DUMMYFUNCTION("""COMPUTED_VALUE"""),"VD016") -> VD016 | I31: =IFERROR(__xludf.DUMMYFUNCTION("""COMPUTED_VALUE"""),12.0) -> 12 | J31: =IFERROR(__xludf.DUMMYFUNCTION("""COMPUTED_VALUE"""),1972.02) -> 1972.02 | K31: =IFERROR(__xludf.DUMMYFUNCTION("""COMPUTED_VALUE"""),1972.02) -> 1972.02
A32: =IFERROR(__xludf.DUMMYFUNCTION("""COMPUTED_VALUE"""),1000.0) -> 1000 | B32: =IFERROR(__xludf.DUMMYFUNCTION("""COMPUTED_VALUE"""),183480.0) -> 183480 | C32: =IFERROR(__xludf.DUMMYFUNCTION("""COMPUTED_VALUE"""),2026.0) -> 2026 | D32: =IFERROR(__xludf.DUMMYFUNCTION("""COMPUTED_VALUE"""),46384.0) -> 46384 | E32: =IFERROR(__xludf.DUMMYFUNCTION("""COMPUTED_VALUE"""),"VF") -> VF | F32: =IFERROR(__xludf.DUMMYFUNCTION("""COMPUTED_VALUE"""),1.0) -> 1 | G32: =IFERROR(__xludf.DUMMYFUNCTION("""COMPUTED_VALUE"""),"PR027") -> PR027 | H32: =IFERROR(__xludf.DUMMYFUNCTION("""COMPUTED_VALUE"""),"VD035") -> VD035 | I32: =IFERROR(__xludf.DUMMYFUNCTION("""COMPUTED_VALUE"""),30.0) -> 30 | J32: =IFERROR(__xludf.DUMMYFUNCTION("""COMPUTED_VALUE"""),3996.0) -> 3996 | K32: =IFERROR(__xludf.DUMMYFUNCTION("""COMPUTED_VALUE"""),3996.0) -> 3996
A33: =IFERROR(__xludf.DUMMYFUNCTION("""COMPUTED_VALUE"""),1000.0) -> 1000 | B33: =IFERROR(__xludf.DUMMYFUNCTION("""COMPUTED_VALUE"""),183480.0) -> 183480 | C33: =IFERROR(__xludf.DUMMYFUNCTION("""COMPUTED_VALUE"""),2026.0) -> 2026 | D33: =IFERROR(__xludf.DUMMYFUNCTION("""COMPUTED_VALUE"""),46384.0) -> 46384 | E33: =IFERROR(__xludf.DUMMYFUNCTION("""COMPUTED_VALUE"""),"VF") -> VF | F33: =IFERROR(__xludf.DUMMYFUNCTION("""COMPUTED_VALUE"""),2.0) -> 2 | G33: =IFERROR(__xludf.DUMMYFUNCTION("""COMPUTED_VALUE"""),"PR059") -> PR059 | H33: =IFERROR(__xludf.DUMMYFUNCTION("""COMPUTED_VALUE"""),"VD049") -> VD049 | I33: =IFERROR(__xludf.DUMMYFUNCTION("""COMPUTED_VALUE"""),12.0) -> 12 | J33: =IFERROR(__xludf.DUMMYFUNCTION("""COMPUTED_VALUE"""),2419.2) -> 2419.2 | K33: =IFERROR(__xludf.DUMMYFUNCTION("""COMPUTED_VALUE"""),2419.2) -> 2419.2
A34: =IFERROR(__xludf.DUMMYFUNCTION("""COMPUTED_VALUE"""),1000.0) -> 1000 | B34: =IFERROR(__xludf.DUMMYFUNCTION("""COMPUTED_VALUE"""),183480.0) -> 183480 | C34: =IFERROR(__xludf.DUMMYFUNCTION("""COMPUTED_VALUE"""),2026.0) -> 2026 | D34: =IFERROR(__xludf.DUMMYFUNCTION("""COMPUTED_VALUE"""),46383.0) -> 46383 | E34: =IFERROR(__xludf.DUMMYFUNCTION("""COMPUTED_VALUE"""),"VF") -> VF | F34: =IFERROR(__xludf.DUMMYFUNCTION("""COMPUTED_VALUE"""),3.0) -> 3 | G34: =IFERROR(__xludf.DUMMYFUNCTION("""COMPUTED_VALUE"""),"PR035") -> PR035 | H34: =IFERROR(__xludf.DUMMYFUNCTION("""COMPUTED_VALUE"""),"VD019") -> VD019 | I34: =IFERROR(__xludf.DUMMYFUNCTION("""COMPUTED_VALUE"""),21.0) -> 21 | J34: =IFERROR(__xludf.DUMMYFUNCTION("""COMPUTED_VALUE"""),2207.31) -> 2207.31 | K34: =IFERROR(__xludf.DUMMYFUNCTION("""COMPUTED_VALUE"""),2207.31) -> 2207.31
A35: =IFERROR(__xludf.DUMMYFUNCTION("""COMPUTED_VALUE"""),1000.0) -> 1000 | B35: =IFERROR(__xludf.DUMMYFUNCTION("""COMPUTED_VALUE"""),183481.0) -> 183481 | C35: =IFERROR(__xludf.DUMMYFUNCTION("""COMPUTED_VALUE"""),2026.0) -> 2026 | D35: =IFERROR(__xludf.DUMMYFUNCTION("""COMPUTED_VALUE"""),46383.0) -> 46383 | E35: =IFERROR(__xludf.DUMMYFUNCTION("""COMPUTED_VALUE"""),"VF") -> VF | F35: =IFERROR(__xludf.DUMMYFUNCTION("""COMPUTED_VALUE"""),1.0) -> 1 | G35: =IFERROR(__xludf.DUMMYFUNCTION("""COMPUTED_VALUE"""),"PR028") -> PR028 | H35: =IFERROR(__xludf.DUMMYFUNCTION("""COMPUTED_VALUE"""),"VD011") -> VD011 | I35: =IFERROR(__xludf.DUMMYFUNCTION("""COMPUTED_VALUE"""),16.0) -> 16 | J35: =IFERROR(__xludf.DUMMYFUNCTION("""COMPUTED_VALUE"""),4718.11) -> 4718.11 | K35: =IFERROR(__xludf.DUMMYFUNCTION("""COMPUTED_VALUE"""),4718.11) -> 4718.11
A36: =IFERROR(__xludf.DUMMYFUNCTION("""COMPUTED_VALUE"""),1000.0) -> 1000 | B36: =IFERROR(__xludf.DUMMYFUNCTION("""COMPUTED_VALUE"""),183482.0) -> 183482 | C36: =IFERROR(__xludf.DUMMYFUNCTION("""COMPUTED_VALUE"""),2026.0) -> 2026 | D36: =IFERROR(__xludf.DUMMYFUNCTION("""COMPUTED_VALUE"""),46382.0) -> 46382 | E36: =IFERROR(__xludf.DUMMYFUNCTION("""COMPUTED_VALUE"""),"VF") -> VF | F36: =IFERROR(__xludf.DUMMYFUNCTION("""COMPUTED_VALUE"""),1.0) -> 1 | G36: =IFERROR(__xludf.DUMMYFUNCTION("""COMPUTED_VALUE"""),"PR018") -> PR018 | H36: =IFERROR(__xludf.DUMMYFUNCTION("""COMPUTED_VALUE"""),"VD016") -> VD016 | I36: =IFERROR(__xludf.DUMMYFUNCTION("""COMPUTED_VALUE"""),10.0) -> 10 | J36: =IFERROR(__xludf.DUMMYFUNCTION("""COMPUTED_VALUE"""),378.35) -> 378.35 | K36: =IFERROR(__xludf.DUMMYFUNCTION("""COMPUTED_VALUE"""),378.35) -> 378.35
A37: =IFERROR(__xludf.DUMMYFUNCTION("""COMPUTED_VALUE"""),2000.0) -> 2000 | B37: =IFERROR(__xludf.DUMMYFUNCTION("""COMPUTED_VALUE"""),183483.0) -> 183483 | C37: =IFERROR(__xludf.DUMMYFUNCTION("""COMPUTED_VALUE"""),2026.0) -> 2026 | D37: =IFERROR(__xludf.DUMMYFUNCTION("""COMPUTED_VALUE"""),46382.0) -> 46382 | E37: =IFERROR(__xludf.DUMMYFUNCTION("""COMPUTED_VALUE"""),"VF") -> VF | F37: =IFERROR(__xludf.DUMMYFUNCTION("""COMPUTED_VALUE"""),1.0) -> 1 | G37: =IFERROR(__xludf.DUMMYFUNCTION("""COMPUTED_VALUE"""),"PR035") -> PR035 | H37: =IFERROR(__xludf.DUMMYFUNCTION("""COMPUTED_VALUE"""),"VD018") -> VD018 | I37: =IFERROR(__xludf.DUMMYFUNCTION("""COMPUTED_VALUE"""),28.0) -> 28 | J37: =IFERROR(__xludf.DUMMYFUNCTION("""COMPUTED_VALUE"""),2149.73) -> 2149.73 | K37: =IFERROR(__xludf.DUMMYFUNCTION("""COMPUTED_VALUE"""),2149.73) -> 2149.73
A38: =IFERROR(__xludf.DUMMYFUNCTION("""COMPUTED_VALUE"""),1000.0) -> 1000 | B38: =IFERROR(__xludf.DUMMYFUNCTION("""COMPUTED_VALUE"""),183483.0) -> 183483 | C38: =IFERROR(__xludf.DUMMYFUNCTION("""COMPUTED_VALUE"""),2026.0) -> 2026 | D38: =IFERROR(__xludf.DUMMYFUNCTION("""COMPUTED_VALUE"""),46381.0) -> 46381 | E38: =IFERROR(__xludf.DUMMYFUNCTION("""COMPUTED_VALUE"""),"VF") -> VF | F38: =IFERROR(__xludf.DUMMYFUNCTION("""COMPUTED_VALUE"""),2.0) -> 2 | G38: =IFERROR(__xludf.DUMMYFUNCTION("""COMPUTED_VALUE"""),"PR057") -> PR057 | H38: =IFERROR(__xludf.DUMMYFUNCTION("""COMPUTED_VALUE"""),"VD034") -> VD034 | I38: =IFERROR(__xludf.DUMMYFUNCTION("""COMPUTED_VALUE"""),9.0) -> 9 | J38: =IFERROR(__xludf.DUMMYFUNCTION("""COMPUTED_VALUE"""),906.19) -> 906.19 | K38: =IFERROR(__xludf.DUMMYFUNCTION("""COMPUTED_VALUE"""),906.19) -> 906.19
A39: =IFERROR(__xludf.DUMMYFUNCTION("""COMPUTED_VALUE"""),1000.0) -> 1000 | B39: =IFERROR(__xludf.DUMMYFUNCTION("""COMPUTED_VALUE"""),183484.0) -> 183484 | C39: =IFERROR(__xludf.DUMMYFUNCTION("""COMPUTED_VALUE"""),2026.0) -> 2026 | D39: =IFERROR(__xludf.DUMMYFUNCTION("""COMPUTED_VALUE"""),46381.0) -> 46381 | E39: =IFERROR(__xludf.DUMMYFUNCTION("""COMPUTED_VALUE"""),"VF") -> VF | F39: =IFERROR(__xludf.DUMMYFUNCTION("""COMPUTED_VALUE"""),1.0) -> 1 | G39: =IFERROR(__xludf.DUMMYFUNCTION("""COMPUTED_VALUE"""),"PR004") -> PR004 | H39: =IFERROR(__xludf.DUMMYFUNCTION("""COMPUTED_VALUE"""),"VD024") -> VD024 | I39: =IFERROR(__xludf.DUMMYFUNCTION("""COMPUTED_VALUE"""),15.0) -> 15 | J39: =IFERROR(__xludf.DUMMYFUNCTION("""COMPUTED_VALUE"""),2610.0) -> 2610 | K39: =IFERROR(__xludf.DUMMYFUNCTION("""COMPUTED_VALUE"""),2610.0) -> 2610
A40: =IFERROR(__xludf.DUMMYFUNCTION("""COMPUTED_VALUE"""),1000.0) -> 1000 | B40: =IFERROR(__xludf.DUMMYFUNCTION("""COMPUTED_VALUE"""),183485.0) -> 183485 | C40: =IFERROR(__xludf.DUMMYFUNCTION("""COMPUTED_VALUE"""),2026.0) -> 2026 | D40: =IFERROR(__xludf.DUMMYFUNCTION("""COMPUTED_VALUE"""),46381.0) -> 46381 | E40: =IFERROR(__xludf.DUMMYFUNCTION("""COMPUTED_VALUE"""),"VF") -> VF | F40: =IFERROR(__xludf.DUMMYFUNCTION("""COMPUTED_VALUE"""),1.0) -> 1 | G40: =IFERROR(__xludf.DUMMYFUNCTION("""COMPUTED_VALUE"""),"PR014") -> PR014 | H40: =IFERROR(__xludf.DUMMYFUNCTION("""COMPUTED_VALUE"""),"VD011") -> VD011 | I40: =IFERROR(__xludf.DUMMYFUNCTION("""COMPUTED_VALUE"""),12.0) -> 12 | J40: =IFERROR(__xludf.DUMMYFUNCTION("""COMPUTED_VALUE"""),560.2) -> 560.2 | K40: =IFERROR(__xludf.DUMMYFUNCTION("""COMPUTED_VALUE"""),560.2) -> 560.2
A41: =IFERROR(__xludf.DUMMYFUNCTION("""COMPUTED_VALUE"""),2000.0) -> 2000 | B41: =IFERROR(__xludf.DUMMYFUNCTION("""COMPUTED_VALUE"""),183486.0) -> 183486 | C41: =IFERROR(__xludf.DUMMYFUNCTION("""COMPUTED_VALUE"""),2026.0) -> 2026 | D41: =IFERROR(__xludf.DUMMYFUNCTION("""COMPUTED_VALUE"""),46381.0) -> 46381 | E41: =IFERROR(__xludf.DUMMYFUNCTION("""COMPUTED_VALUE"""),"VF") -> VF | F41: =IFERROR(__xludf.DUMMYFUNCTION("""COMPUTED_VALUE"""),1.0) -> 1 | G41: =IFERROR(__xludf.DUMMYFUNCTION("""COMPUTED_VALUE"""),"PR027") -> PR027 | H41: =IFERROR(__xludf.DUMMYFUNCTION("""COMPUTED_VALUE"""),"VD018") -> VD018 | I41: =IFERROR(__xludf.DUMMYFUNCTION("""COMPUTED_VALUE"""),27.0) -> 27 | J41: =IFERROR(__xludf.DUMMYFUNCTION("""COMPUTED_VALUE"""),3888.0) -> 3888 | K41: =IFERROR(__xludf.DUMMYFUNCTION("""COMPUTED_VALUE"""),3888.0) -> 3888
A42: =IFERROR(__xludf.DUMMYFUNCTION("""COMPUTED_VALUE"""),1000.0) -> 1000 | B42: =IFERROR(__xludf.DUMMYFUNCTION("""COMPUTED_VALUE"""),183487.0) -> 183487 | C42: =IFERROR(__xludf.DUMMYFUNCTION("""COMPUTED_VALUE"""),2026.0) -> 2026 | D42: =IFERROR(__xludf.DUMMYFUNCTION("""COMPUTED_VALUE"""),46381.0) -> 46381 | E42: =IFERROR(__xludf.DUMMYFUNCTION("""COMPUTED_VALUE"""),"VF") -> VF | F42: =IFERROR(__xludf.DUMMYFUNCTION("""COMPUTED_VALUE"""),1.0) -> 1 | G42: =IFERROR(__xludf.DUMMYFUNCTION("""COMPUTED_VALUE"""),"PR032") -> PR032 | H42: =IFERROR(__xludf.DUMMYFUNCTION("""COMPUTED_VALUE"""),"VD011") -> VD011 | I42: =IFERROR(__xludf.DUMMYFUNCTION("""COMPUTED_VALUE"""),24.0) -> 24 | J42: =IFERROR(__xludf.DUMMYFUNCTION("""COMPUTED_VALUE"""),6600.0) -> 6600 | K42: =IFERROR(__xludf.DUMMYFUNCTION("""COMPUTED_VALUE"""),6600.0) -> 6600
A43: =IFERROR(__xludf.DUMMYFUNCTION("""COMPUTED_VALUE"""),2000.0) -> 2000 | B43: =IFERROR(__xludf.DUMMYFUNCTION("""COMPUTED_VALUE"""),183487.0) -> 183487 | C43: =IFERROR(__xludf.DUMMYFUNCTION("""COMPUTED_VALUE"""),2026.0) -> 2026 | D43: =IFERROR(__xludf.DUMMYFUNCTION("""COMPUTED_VALUE"""),46381.0) -> 46381 | E43: =IFERROR(__xludf.DUMMYFUNCTION("""COMPUTED_VALUE"""),"VF") -> VF | F43: =IFERROR(__xludf.DUMMYFUNCTION("""COMPUTED_VALUE"""),2.0) -> 2 | G43: =IFERROR(__xludf.DUMMYFUNCTION("""COMPUTED_VALUE"""),"PR006") -> PR006 | H43: =IFERROR(__xludf.DUMMYFUNCTION("""COMPUTED_VALUE"""),"VD015") -> VD015 | I43: =IFERROR(__xludf.DUMMYFUNCTION("""COMPUTED_VALUE"""),27.0) -> 27 | J43: =IFERROR(__xludf.DUMMYFUNCTION("""COMPUTED_VALUE"""),1260.44) -> 1260.44 | K43: =IFERROR(__xludf.DUMMYFUNCTION("""COMPUTED_VALUE"""),1260.44) -> 1260.44
A44: =IFERROR(__xludf.DUMMYFUNCTION("""COMPUTED_VALUE"""),2000.0) -> 2000 | B44: =IFERROR(__xludf.DUMMYFUNCTION("""COMPUTED_VALUE"""),183488.0) -> 183488 | C44: =IFERROR(__xludf.DUMMYFUNCTION("""COMPUTED_VALUE"""),2026.0) -> 2026 | D44: =IFERROR(__xludf.DUMMYFUNCTION("""COMPUTED_VALUE"""),46381.0) -> 46381 | E44: =IFERROR(__xludf.DUMMYFUNCTION("""COMPUTED_VALUE"""),"VF") -> VF | F44: =IFERROR(__xludf.DUMMYFUNCTION("""COMPUTED_VALUE"""),1.0) -> 1 | G44: =IFERROR(__xludf.DUMMYFUNCTION("""COMPUTED_VALUE"""),"PR028") -> PR028 | H44: =IFERROR(__xludf.DUMMYFUNCTION("""COMPUTED_VALUE"""),"VD048") -> VD048 | I44: =IFERROR(__xludf.DUMMYFUNCTION("""COMPUTED_VALUE"""),20.0) -> 20 | J44: =IFERROR(__xludf.DUMMYFUNCTION("""COMPUTED_VALUE"""),5597.76) -> 5597.76 | K44: =IFERROR(__xludf.DUMMYFUNCTION("""COMPUTED_VALUE"""),5597.76) -> 5597.76
A45: =IFERROR(__xludf.DUMMYFUNCTION("""COMPUTED_VALUE"""),1000.0) -> 1000 | B45: =IFERROR(__xludf.DUMMYFUNCTION("""COMPUTED_VALUE"""),183489.0) -> 183489 | C45: =IFERROR(__xludf.DUMMYFUNCTION("""COMPUTED_VALUE"""),2026.0) -> 2026 | D45: =IFERROR(__xludf.DUMMYFUNCTION("""COMPUTED_VALUE"""),46381.0) -> 46381 | E45: =IFERROR(__xludf.DUMMYFUNCTION("""COMPUTED_VALUE"""),"VF") -> VF | F45: =IFERROR(__xludf.DUMMYFUNCTION("""COMPUTED_VALUE"""),1.0) -> 1 | G45: =IFERROR(__xludf.DUMMYFUNCTION("""COMPUTED_VALUE"""),"PR033") -> PR033 | H45: =IFERROR(__xludf.DUMMYFUNCTION("""COMPUTED_VALUE"""),"VD024") -> VD024 | I45: =IFERROR(__xludf.DUMMYFUNCTION("""COMPUTED_VALUE"""),24.0) -> 24 | J45: =IFERROR(__xludf.DUMMYFUNCTION("""COMPUTED_VALUE"""),7485.12) -> 7485.12 | K45: =IFERROR(__xludf.DUMMYFUNCTION("""COMPUTED_VALUE"""),7485.12) -> 7485.12
A46: =IFERROR(__xludf.DUMMYFUNCTION("""COMPUTED_VALUE"""),1000.0) -> 1000 | B46: =IFERROR(__xludf.DUMMYFUNCTION("""COMPUTED_VALUE"""),183490.0) -> 183490 | C46: =IFERROR(__xludf.DUMMYFUNCTION("""COMPUTED_VALUE"""),2026.0) -> 2026 | D46: =IFERROR(__xludf.DUMMYFUNCTION("""COMPUTED_VALUE"""),46381.0) -> 46381 | E46: =IFERROR(__xludf.DUMMYFUNCTION("""COMPUTED_VALUE"""),"VF") -> VF | F46: =IFERROR(__xludf.DUMMYFUNCTION("""COMPUTED_VALUE"""),1.0) -> 1 | G46: =IFERROR(__xludf.DUMMYFUNCTION("""COMPUTED_VALUE"""),"PR008") -> PR008 | H46: =IFERROR(__xludf.DUMMYFUNCTION("""COMPUTED_VALUE"""),"VD027") -> VD027 | I46: =IFERROR(__xludf.DUMMYFUNCTION("""COMPUTED_VALUE"""),20.0) -> 20 | J46: =IFERROR(__xludf.DUMMYFUNCTION("""COMPUTED_VALUE"""),2049.72) -> 2049.72 | K46: =IFERROR(__xludf.DUMMYFUNCTION("""COMPUTED_VALUE"""),2049.72) -> 2049.72
A47: =IFERROR(__xludf.DUMMYFUNCTION("""COMPUTED_VALUE"""),1000.0) -> 1000 | B47: =IFERROR(__xludf.DUMMYFUNCTION("""COMPUTED_VALUE"""),183491.0) -> 183491 | C47: =IFERROR(__xludf.DUMMYFUNCTION("""COMPUTED_VALUE"""),2026.0) -> 2026 | D47: =IFERROR(__xludf.DUMMYFUNCTION("""COMPUTED_VALUE"""),46381.0) -> 46381 | E47: =IFERROR(__xludf.DUMMYFUNCTION("""COMPUTED_VALUE"""),"VF") -> VF | F47: =IFERROR(__xludf.DUMMYFUNCTION("""COMPUTED_VALUE"""),1.0) -> 1 | G47: =IFERROR(__xludf.DUMMYFUNCTION("""COMPUTED_VALUE"""),"PR013") -> PR013 | H47: =IFERROR(__xludf.DUMMYFUNCTION("""COMPUTED_VALUE"""),"VD048") -> VD048 | I47: =IFERROR(__xludf.DUMMYFUNCTION("""COMPUTED_VALUE"""),27.0) -> 27 | J47: =IFERROR(__xludf.DUMMYFUNCTION("""COMPUTED_VALUE"""),1238.9) -> 1238.9 | K47: =IFERROR(__xludf.DUMMYFUNCTION("""COMPUTED_VALUE"""),1238.9) -> 1238.9
A48: =IFERROR(__xludf.DUMMYFUNCTION("""COMPUTED_VALUE"""),1000.0) -> 1000 | B48: =IFERROR(__xludf.DUMMYFUNCTION("""COMPUTED_VALUE"""),183492.0) -> 183492 | C48: =IFERROR(__xludf.DUMMYFUNCTION("""COMPUTED_VALUE"""),2026.0) -> 2026 | D48: =IFERROR(__xludf.DUMMYFUNCTION("""COMPUTED_VALUE"""),46381.0) -> 46381 | E48: =IFERROR(__xludf.DUMMYFUNCTION("""COMPUTED_VALUE"""),"VF") -> VF | F48: =IFERROR(__xludf.DUMMYFUNCTION("""COMPUTED_VALUE"""),1.0) -> 1 | G48: =IFERROR(__xludf.DUMMYFUNCTION("""COMPUTED_VALUE"""),"PR011") -> PR011 | H48: =IFERROR(__xludf.DUMMYFUNCTION("""COMPUTED_VALUE"""),"VD026") -> VD026 | I48: =IFERROR(__xludf.DUMMYFUNCTION("""COMPUTED_VALUE"""),18.0) -> 18 | J48: =IFERROR(__xludf.DUMMYFUNCTION("""COMPUTED_VALUE"""),1013.04) -> 1013.04 | K48: =IFERROR(__xludf.DUMMYFUNCTION("""COMPUTED_VALUE"""),1013.04) -> 1013.04
A49: =IFERROR(__xludf.DUMMYFUNCTION("""COMPUTED_VALUE"""),1000.0) -> 1000 | B49: =IFERROR(__xludf.DUMMYFUNCTION("""COMPUTED_VALUE"""),183493.0) -> 183493 | C49: =IFERROR(__xludf.DUMMYFUNCTION("""COMPUTED_VALUE"""),2026.0) -> 2026 | D49: =IFERROR(__xludf.DUMMYFUNCTION("""COMPUTED_VALUE"""),46381.0) -> 46381 | E49: =IFERROR(__xludf.DUMMYFUNCTION("""COMPUTED_VALUE"""),"VF") -> VF | F49: =IFERROR(__xludf.DUMMYFUNCTION("""COMPUTED_VALUE"""),1.0) -> 1 | G49: =IFERROR(__xludf.DUMMYFUNCTION("""COMPUTED_VALUE"""),"PR014") -> PR014 | H49: =IFERROR(__xludf.DUMMYFUNCTION("""COMPUTED_VALUE"""),"VD040") -> VD040 | I49: =IFERROR(__xludf.DUMMYFUNCTION("""COMPUTED_VALUE"""),24.0) -> 24 | J49: =IFERROR(__xludf.DUMMYFUNCTION("""COMPUTED_VALUE"""),1139.54) -> 1139.54 | K49: =IFERROR(__xludf.DUMMYFUNCTION("""COMPUTED_VALUE"""),1139.54) -> 1139.54
A50: =IFERROR(__xludf.DUMMYFUNCTION("""COMPUTED_VALUE"""),2000.0) -> 2000 | B50: =IFERROR(__xludf.DUMMYFUNCTION("""COMPUTED_VALUE"""),183494.0) -> 183494 | C50: =IFERROR(__xludf.DUMMYFUNCTION("""COMPUTED_VALUE"""),2026.0) -> 2026 | D50: =IFERROR(__xludf.DUMMYFUNCTION("""COMPUTED_VALUE"""),46380.0) -> 46380 | E50: =IFERROR(__xludf.DUMMYFUNCTION("""COMPUTED_VALUE"""),"VF") -> VF | F50: =IFERROR(__xludf.DUMMYFUNCTION("""COMPUTED_VALUE"""),1.0) -> 1 | G50: =IFERROR(__xludf.DUMMYFUNCTION("""COMPUTED_VALUE"""),"PR043") -> PR043 | H50: =IFERROR(__xludf.DUMMYFUNCTION("""COMPUTED_VALUE"""),"VD035") -> VD035 | I50: =IFERROR(__xludf.DUMMYFUNCTION("""COMPUTED_VALUE"""),18.0) -> 18 | J50: =IFERROR(__xludf.DUMMYFUNCTION("""COMPUTED_VALUE"""),1435.5) -> 1435.5 | K50: =IFERROR(__xludf.DUMMYFUNCTION("""COMPUTED_VALUE"""),1435.5) -> 1435.5
A51: =IFERROR(__xludf.DUMMYFUNCTION("""COMPUTED_VALUE"""),1000.0) -> 1000 | B51: =IFERROR(__xludf.DUMMYFUNCTION("""COMPUTED_VALUE"""),183494.0) -> 183494 | C51: =IFERROR(__xludf.DUMMYFUNCTION("""COMPUTED_VALUE"""),2026.0) -> 2026 | D51: =IFERROR(__xludf.DUMMYFUNCTION("""COMPUTED_VALUE"""),46380.0) -> 46380 | E51: =IFERROR(__xludf.DUMMYFUNCTION("""COMPUTED_VALUE"""),"VF") -> VF | F51: =IFERROR(__xludf.DUMMYFUNCTION("""COMPUTED_VALUE"""),2.0) -> 2 | G51: =IFERROR(__xludf.DUMMYFUNCTION("""COMPUTED_VALUE"""),"PR037") -> PR037 | H51: =IFERROR(__xludf.DUMMYFUNCTION("""COMPUTED_VALUE"""),"VD036") -> VD036 | I51: =IFERROR(__xludf.DUMMYFUNCTION("""COMPUTED_VALUE"""),30.0) -> 30 | J51: =IFERROR(__xludf.DUMMYFUNCTION("""COMPUTED_VALUE"""),5040.0) -> 5040 | K51: =IFERROR(__xludf.DUMMYFUNCTION("""COMPUTED_VALUE"""),5040.0) -> 5040
A52: =IFERROR(__xludf.DUMMYFUNCTION("""COMPUTED_VALUE"""),1000.0) -> 1000 | B52: =IFERROR(__xludf.DUMMYFUNCTION("""COMPUTED_VALUE"""),183494.0) -> 183494 | C52: =IFERROR(__xludf.DUMMYFUNCTION("""COMPUTED_VALUE"""),2026.0) -> 2026 | D52: =IFERROR(__xludf.DUMMYFUNCTION("""COMPUTED_VALUE"""),46380.0) -> 46380 | E52: =IFERROR(__xludf.DUMMYFUNCTION("""COMPUTED_VALUE"""),"VF") -> VF | F52: =IFERROR(__xludf.DUMMYFUNCTION("""COMPUTED_VALUE"""),3.0) -> 3 | G52: =IFERROR(__xludf.DUMMYFUNCTION("""COMPUTED_VALUE"""),"PR020") -> PR020 | H52: =IFERROR(__xludf.DUMMYFUNCTION("""COMPUTED_VALUE"""),"VD026") -> VD026 | I52: =IFERROR(__xludf.DUMMYFUNCTION("""COMPUTED_VALUE"""),20.0) -> 20 | J52: =IFERROR(__xludf.DUMMYFUNCTION("""COMPUTED_VALUE"""),6657.78) -> 6657.78 | K52: =IFERROR(__xludf.DUMMYFUNCTION("""COMPUTED_VALUE"""),6657.78) -> 6657.78
A53: =IFERROR(__xludf.DUMMYFUNCTION("""COMPUTED_VALUE"""),1000.0) -> 1000 | B53: =IFERROR(__xludf.DUMMYFUNCTION("""COMPUTED_VALUE"""),183495.0) -> 183495 | C53: =IFERROR(__xludf.DUMMYFUNCTION("""COMPUTED_VALUE"""),2026.0) -> 2026 | D53: =IFERROR(__xludf.DUMMYFUNCTION("""COMPUTED_VALUE"""),46380.0) -> 46380 | E53: =IFERROR(__xludf.DUMMYFUNCTION("""COMPUTED_VALUE"""),"VF") -> VF | F53: =IFERROR(__xludf.DUMMYFUNCTION("""COMPUTED_VALUE"""),1.0) -> 1 | G53: =IFERROR(__xludf.DUMMYFUNCTION("""COMPUTED_VALUE"""),"PR052") -> PR052 | H53: =IFERROR(__xludf.DUMMYFUNCTION("""COMPUTED_VALUE"""),"VD035") -> VD035 | I53: =IFERROR(__xludf.DUMMYFUNCTION("""COMPUTED_VALUE"""),12.0) -> 12 | J53: =IFERROR(__xludf.DUMMYFUNCTION("""COMPUTED_VALUE"""),658.68) -> 658.68 | K53: =IFERROR(__xludf.DUMMYFUNCTION("""COMPUTED_VALUE"""),658.68) -> 658.68
A54: =IFERROR(__xludf.DUMMYFUNCTION("""COMPUTED_VALUE"""),1000.0) -> 1000 | B54: =IFERROR(__xludf.DUMMYFUNCTION("""COMPUTED_VALUE"""),183495.0) -> 183495 | C54: =IFERROR(__xludf.DUMMYFUNCTION("""COMPUTED_VALUE"""),2026.0) -> 2026 | D54: =IFERROR(__xludf.DUMMYFUNCTION("""COMPUTED_VALUE"""),46380.0) -> 46380 | E54: =IFERROR(__xludf.DUMMYFUNCTION("""COMPUTED_VALUE"""),"VF") -> VF | F54: =IFERROR(__xludf.DUMMYFUNCTION("""COMPUTED_VALUE"""),2.0) -> 2 | G54: =IFERROR(__xludf.DUMMYFUNCTION("""COMPUTED_VALUE"""),"PR023") -> PR023 | H54: =IFERROR(__xludf.DUMMYFUNCTION("""COMPUTED_VALUE"""),"VD016") -> VD016 | I54: =IFERROR(__xludf.DUMMYFUNCTION("""COMPUTED_VALUE"""),27.0) -> 27 | J54: =IFERROR(__xludf.DUMMYFUNCTION("""COMPUTED_VALUE"""),7894.34) -> 7894.34 | K54: =IFERROR(__xludf.DUMMYFUNCTION("""COMPUTED_VALUE"""),7894.34) -> 7894.34
A55: =IFERROR(__xludf.DUMMYFUNCTION("""COMPUTED_VALUE"""),1000.0) -> 1000 | B55: =IFERROR(__xludf.DUMMYFUNCTION("""COMPUTED_VALUE"""),183496.0) -> 183496 | C55: =IFERROR(__xludf.DUMMYFUNCTION("""COMPUTED_VALUE"""),2026.0) -> 2026 | D55: =IFERROR(__xludf.DUMMYFUNCTION("""COMPUTED_VALUE"""),46380.0) -> 46380 | E55: =IFERROR(__xludf.DUMMYFUNCTION("""COMPUTED_VALUE"""),"VF") -> VF | F55: =IFERROR(__xludf.DUMMYFUNCTION("""COMPUTED_VALUE"""),1.0) -> 1 | G55: =IFERROR(__xludf.DUMMYFUNCTION("""COMPUTED_VALUE"""),"PR002") -> PR002 | H55: =IFERROR(__xludf.DUMMYFUNCTION("""COMPUTED_VALUE"""),"VD018") -> VD018 | I55: =IFERROR(__xludf.DUMMYFUNCTION("""COMPUTED_VALUE"""),9.0) -> 9 | J55: =IFERROR(__xludf.DUMMYFUNCTION("""COMPUTED_VALUE"""),717.17) -> 717.17 | K55: =IFERROR(__xludf.DUMMYFUNCTION("""COMPUTED_VALUE"""),717.17) -> 717.17
A56: =IFERROR(__xludf.DUMMYFUNCTION("""COMPUTED_VALUE"""),1000.0) -> 1000 | B56: =IFERROR(__xludf.DUMMYFUNCTION("""COMPUTED_VALUE"""),183496.0) -> 183496 | C56: =IFERROR(__xludf.DUMMYFUNCTION("""COMPUTED_VALUE"""),2026.0) -> 2026 | D56: =IFERROR(__xludf.DUMMYFUNCTION("""COMPUTED_VALUE"""),46379.0) -> 46379 | E56: =IFERROR(__xludf.DUMMYFUNCTION("""COMPUTED_VALUE"""),"VF") -> VF | F56: =IFERROR(__xludf.DUMMYFUNCTION("""COMPUTED_VALUE"""),2.0) -> 2 | G56: =IFERROR(__xludf.DUMMYFUNCTION("""COMPUTED_VALUE"""),"PR039") -> PR039 | H56: =IFERROR(__xludf.DUMMYFUNCTION("""COMPUTED_VALUE"""),"VD014") -> VD014 | I56: =IFERROR(__xludf.DUMMYFUNCTION("""COMPUTED_VALUE"""),16.0) -> 16 | J56: =IFERROR(__xludf.DUMMYFUNCTION("""COMPUTED_VALUE"""),2663.04) -> 2663.04 | K56: =IFERROR(__xludf.DUMMYFUNCTION("""COMPUTED_VALUE"""),2663.04) -> 2663.04
A57: =IFERROR(__xludf.DUMMYFUNCTION("""COMPUTED_VALUE"""),2000.0) -> 2000 | B57: =IFERROR(__xludf.DUMMYFUNCTION("""COMPUTED_VALUE"""),183497.0) -> 183497 | C57: =IFERROR(__xludf.DUMMYFUNCTION("""COMPUTED_VALUE"""),2026.0) -> 2026 | D57: =IFERROR(__xludf.DUMMYFUNCTION("""COMPUTED_VALUE"""),46379.0) -> 46379 | E57: =IFERROR(__xludf.DUMMYFUNCTION("""COMPUTED_VALUE"""),"VF") -> VF | F57: =IFERROR(__xludf.DUMMYFUNCTION("""COMPUTED_VALUE"""),1.0) -> 1 | G57: =IFERROR(__xludf.DUMMYFUNCTION("""COMPUTED_VALUE"""),"PR060") -> PR060 | H57: =IFERROR(__xludf.DUMMYFUNCTION("""COMPUTED_VALUE"""),"VD044") -> VD044 | I57: =IFERROR(__xludf.DUMMYFUNCTION("""COMPUTED_VALUE"""),6.0) -> 6 | J57: =IFERROR(__xludf.DUMMYFUNCTION("""COMPUTED_VALUE"""),1252.8) -> 1252.8 | K57: =IFERROR(__xludf.DUMMYFUNCTION("""COMPUTED_VALUE"""),1252.8) -> 1252.8
A58: =IFERROR(__xludf.DUMMYFUNCTION("""COMPUTED_VALUE"""),1000.0) -> 1000 | B58: =IFERROR(__xludf.DUMMYFUNCTION("""COMPUTED_VALUE"""),183498.0) -> 183498 | C58: =IFERROR(__xludf.DUMMYFUNCTION("""COMPUTED_VALUE"""),2026.0) -> 2026 | D58: =IFERROR(__xludf.DUMMYFUNCTION("""COMPUTED_VALUE"""),46378.0) -> 46378 | E58: =IFERROR(__xludf.DUMMYFUNCTION("""COMPUTED_VALUE"""),"VF") -> VF | F58: =IFERROR(__xludf.DUMMYFUNCTION("""COMPUTED_VALUE"""),1.0) -> 1 | G58: =IFERROR(__xludf.DUMMYFUNCTION("""COMPUTED_VALUE"""),"PR009") -> PR009 | H58: =IFERROR(__xludf.DUMMYFUNCTION("""COMPUTED_VALUE"""),"VD041") -> VD041 | I58: =IFERROR(__xludf.DUMMYFUNCTION("""COMPUTED_VALUE"""),15.0) -> 15 | J58: =IFERROR(__xludf.DUMMYFUNCTION("""COMPUTED_VALUE"""),1560.72) -> 1560.72 | K58: =IFERROR(__xludf.DUMMYFUNCTION("""COMPUTED_VALUE"""),1560.72) -> 1560.72
A59: =IFERROR(__xludf.DUMMYFUNCTION("""COMPUTED_VALUE"""),2000.0) -> 2000 | B59: =IFERROR(__xludf.DUMMYFUNCTION("""COMPUTED_VALUE"""),183498.0) -> 183498 | C59: =IFERROR(__xludf.DUMMYFUNCTION("""COMPUTED_VALUE"""),2026.0) -> 2026 | D59: =IFERROR(__xludf.DUMMYFUNCTION("""COMPUTED_VALUE"""),46378.0) -> 46378 | E59: =IFERROR(__xludf.DUMMYFUNCTION("""COMPUTED_VALUE"""),"VF") -> VF | F59: =IFERROR(__xludf.DUMMYFUNCTION("""COMPUTED_VALUE"""),2.0) -> 2 | G59: =IFERROR(__xludf.DUMMYFUNCTION("""COMPUTED_VALUE"""),"PR057") -> PR057 | H59: =IFERROR(__xludf.DUMMYFUNCTION("""COMPUTED_VALUE"""),"VD046") -> VD046 | I59: =IFERROR(__xludf.DUMMYFUNCTION("""COMPUTED_VALUE"""),15.0) -> 15 | J59: =IFERROR(__xludf.DUMMYFUNCTION("""COMPUTED_VALUE"""),1591.23) -> 1591.23 | K59: =IFERROR(__xludf.DUMMYFUNCTION("""COMPUTED_VALUE"""),1591.23) -> 1591.23
A60: =IFERROR(__xludf.DUMMYFUNCTION("""COMPUTED_VALUE"""),1000.0) -> 1000 | B60: =IFERROR(__xludf.DUMMYFUNCTION("""COMPUTED_VALUE"""),183498.0) -> 183498 | C60: =IFERROR(__xludf.DUMMYFUNCTION("""COMPUTED_VALUE"""),2026.0) -> 2026 | D60: =IFERROR(__xludf.DUMMYFUNCTION("""COMPUTED_VALUE"""),46377.0) -> 46377 | E60: =IFERROR(__xludf.DUMMYFUNCTION("""COMPUTED_VALUE"""),"VF") -> VF | F60: =IFERROR(__xludf.DUMMYFUNCTION("""COMPUTED_VALUE"""),3.0) -> 3 | G60: =IFERROR(__xludf.DUMMYFUNCTION("""COMPUTED_VALUE"""),"PR018") -> PR018 | H60: =IFERROR(__xludf.DUMMYFUNCTION("""COMPUTED_VALUE"""),"VD037") -> VD037 | I60: =IFERROR(__xludf.DUMMYFUNCTION("""COMPUTED_VALUE"""),10.0) -> 10 | J60: =IFERROR(__xludf.DUMMYFUNCTION("""COMPUTED_VALUE"""),361.9) -> 361.9 | K60: =IFERROR(__xludf.DUMMYFUNCTION("""COMPUTED_VALUE"""),361.9) -> 361.9
A61: =IFERROR(__xludf.DUMMYFUNCTION("""COMPUTED_VALUE"""),1000.0) -> 1000 | B61: =IFERROR(__xludf.DUMMYFUNCTION("""COMPUTED_VALUE"""),183499.0) -> 183499 | C61: =IFERROR(__xludf.DUMMYFUNCTION("""COMPUTED_VALUE"""),2026.0) -> 2026 | D61: =IFERROR(__xludf.DUMMYFUNCTION("""COMPUTED_VALUE"""),46377.0) -> 46377 | E61: =IFERROR(__xludf.DUMMYFUNCTION("""COMPUTED_VALUE"""),"VF") -> VF | F61: =IFERROR(__xludf.DUMMYFUNCTION("""COMPUTED_VALUE"""),1.0) -> 1 | G61: =IFERROR(__xludf.DUMMYFUNCTION("""COMPUTED_VALUE"""),"PR022") -> PR022 | H61: =IFERROR(__xludf.DUMMYFUNCTION("""COMPUTED_VALUE"""),"VD023") -> VD023 | I61: =IFERROR(__xludf.DUMMYFUNCTION("""COMPUTED_VALUE"""),16.0) -> 16 | J61: =IFERROR(__xludf.DUMMYFUNCTION("""COMPUTED_VALUE"""),5424.0) -> 5424 | K61: =IFERROR(__xludf.DUMMYFUNCTION("""COMPUTED_VALUE"""),5424.0) -> 5424
A62: =IFERROR(__xludf.DUMMYFUNCTION("""COMPUTED_VALUE"""),1000.0) -> 1000 | B62: =IFERROR(__xludf.DUMMYFUNCTION("""COMPUTED_VALUE"""),183499.0) -> 183499 | C62: =IFERROR(__xludf.DUMMYFUNCTION("""COMPUTED_VALUE"""),2026.0) -> 2026 | D62: =IFERROR(__xludf.DUMMYFUNCTION("""COMPUTED_VALUE"""),46377.0) -> 46377 | E62: =IFERROR(__xludf.DUMMYFUNCTION("""COMPUTED_VALUE"""),"VF") -> VF | F62: =IFERROR(__xludf.DUMMYFUNCTION("""COMPUTED_VALUE"""),2.0) -> 2 | G62: =IFERROR(__xludf.DUMMYFUNCTION("""COMPUTED_VALUE"""),"PR020") -> PR020 | H62: =IFERROR(__xludf.DUMMYFUNCTION("""COMPUTED_VALUE"""),"VD023") -> VD023 | I62: =IFERROR(__xludf.DUMMYFUNCTION("""COMPUTED_VALUE"""),21.0) -> 21 | J62: =IFERROR(__xludf.DUMMYFUNCTION("""COMPUTED_VALUE"""),7242.59) -> 7242.59 | K62: =IFERROR(__xludf.DUMMYFUNCTION("""COMPUTED_VALUE"""),7242.59) -> 7242.59
A63: =IFERROR(__xludf.DUMMYFUNCTION("""COMPUTED_VALUE"""),1000.0) -> 1000 | B63: =IFERROR(__xludf.DUMMYFUNCTION("""COMPUTED_VALUE"""),183500.0) -> 183500 | C63: =IFERROR(__xludf.DUMMYFUNCTION("""COMPUTED_VALUE"""),2026.0) -> 2026 | D63: =IFERROR(__xludf.DUMMYFUNCTION("""COMPUTED_VALUE"""),46377.0) -> 46377 | E63: =IFERROR(__xludf.DUMMYFUNCTION("""COMPUTED_VALUE"""),"VF") -> VF | F63: =IFERROR(__xludf.DUMMYFUNCTION("""COMPUTED_VALUE"""),1.0) -> 1 | G63: =IFERROR(__xludf.DUMMYFUNCTION("""COMPUTED_VALUE"""),"PR043") -> PR043 | H63: =IFERROR(__xludf.DUMMYFUNCTION("""COMPUTED_VALUE"""),"VD039") -> VD039 | I63: =IFERROR(__xludf.DUMMYFUNCTION("""COMPUTED_VALUE"""),16.0) -> 16 | J63: =IFERROR(__xludf.DUMMYFUNCTION("""COMPUTED_VALUE"""),1368.8) -> 1368.8 | K63: =IFERROR(__xludf.DUMMYFUNCTION("""COMPUTED_VALUE"""),1368.8) -> 1368.8
A64: =IFERROR(__xludf.DUMMYFUNCTION("""COMPUTED_VALUE"""),1000.0) -> 1000 | B64: =IFERROR(__xludf.DUMMYFUNCTION("""COMPUTED_VALUE"""),183501.0) -> 183501 | C64: =IFERROR(__xludf.DUMMYFUNCTION("""COMPUTED_VALUE"""),2026.0) -> 2026 | D64: =IFERROR(__xludf.DUMMYFUNCTION("""COMPUTED_VALUE"""),46377.0) -> 46377 | E64: =IFERROR(__xludf.DUMMYFUNCTION("""COMPUTED_VALUE"""),"VF") -> VF | F64: =IFERROR(__xludf.DUMMYFUNCTION("""COMPUTED_VALUE"""),1.0) -> 1 | G64: =IFERROR(__xludf.DUMMYFUNCTION("""COMPUTED_VALUE"""),"PR040") -> PR040 | H64: =IFERROR(__xludf.DUMMYFUNCTION("""COMPUTED_VALUE"""),"VD014") -> VD014 | I64: =IFERROR(__xludf.DUMMYFUNCTION("""COMPUTED_VALUE"""),20.0) -> 20 | J64: =IFERROR(__xludf.DUMMYFUNCTION("""COMPUTED_VALUE"""),1624.0) -> 1624 | K64: =IFERROR(__xludf.DUMMYFUNCTION("""COMPUTED_VALUE"""),1624.0) -> 1624
A65: =IFERROR(__xludf.DUMMYFUNCTION("""COMPUTED_VALUE"""),1000.0) -> 1000 | B65: =IFERROR(__xludf.DUMMYFUNCTION("""COMPUTED_VALUE"""),183502.0) -> 183502 | C65: =IFERROR(__xludf.DUMMYFUNCTION("""COMPUTED_VALUE"""),2026.0) -> 2026 | D65: =IFERROR(__xludf.DUMMYFUNCTION("""COMPUTED_VALUE"""),46377.0) -> 46377 | E65: =IFERROR(__xludf.DUMMYFUNCTION("""COMPUTED_VALUE"""),"VF") -> VF | F65: =IFERROR(__xludf.DUMMYFUNCTION("""COMPUTED_VALUE"""),1.0) -> 1 | G65: =IFERROR(__xludf.DUMMYFUNCTION("""COMPUTED_VALUE"""),"PR052") -> PR052 | H65: =IFERROR(__xludf.DUMMYFUNCTION("""COMPUTED_VALUE"""),"VD035") -> VD035 | I65: =IFERROR(__xludf.DUMMYFUNCTION("""COMPUTED_VALUE"""),30.0) -> 30 | J65: =IFERROR(__xludf.DUMMYFUNCTION("""COMPUTED_VALUE"""),1721.55) -> 1721.55 | K65: =IFERROR(__xludf.DUMMYFUNCTION("""COMPUTED_VALUE"""),1721.55) -> 1721.55
A66: =IFERROR(__xludf.DUMMYFUNCTION("""COMPUTED_VALUE"""),2000.0) -> 2000 | B66: =IFERROR(__xludf.DUMMYFUNCTION("""COMPUTED_VALUE"""),183502.0) -> 183502 | C66: =IFERROR(__xludf.DUMMYFUNCTION("""COMPUTED_VALUE"""),2026.0) -> 2026 | D66: =IFERROR(__xludf.DUMMYFUNCTION("""COMPUTED_VALUE"""),46377.0) -> 46377 | E66: =IFERROR(__xludf.DUMMYFUNCTION("""COMPUTED_VALUE"""),"VF") -> VF | F66: =IFERROR(__xludf.DUMMYFUNCTION("""COMPUTED_VALUE"""),2.0) -> 2 | G66: =IFERROR(__xludf.DUMMYFUNCTION("""COMPUTED_VALUE"""),"PR021") -> PR021 | H66: =IFERROR(__xludf.DUMMYFUNCTION("""COMPUTED_VALUE"""),"VD013") -> VD013 | I66: =IFERROR(__xludf.DUMMYFUNCTION("""COMPUTED_VALUE"""),8.0) -> 8 | J66: =IFERROR(__xludf.DUMMYFUNCTION("""COMPUTED_VALUE"""),2689.75) -> 2689.75 | K66: =IFERROR(__xludf.DUMMYFUNCTION("""COMPUTED_VALUE"""),2689.75) -> 2689.75
A67: =IFERROR(__xludf.DUMMYFUNCTION("""COMPUTED_VALUE"""),1000.0) -> 1000 | B67: =IFERROR(__xludf.DUMMYFUNCTION("""COMPUTED_VALUE"""),183503.0) -> 183503 | C67: =IFERROR(__xludf.DUMMYFUNCTION("""COMPUTED_VALUE"""),2026.0) -> 2026 | D67: =IFERROR(__xludf.DUMMYFUNCTION("""COMPUTED_VALUE"""),46377.0) -> 46377 | E67: =IFERROR(__xludf.DUMMYFUNCTION("""COMPUTED_VALUE"""),"VF") -> VF | F67: =IFERROR(__xludf.DUMMYFUNCTION("""COMPUTED_VALUE"""),1.0) -> 1 | G67: =IFERROR(__xludf.DUMMYFUNCTION("""COMPUTED_VALUE"""),"PR050") -> PR050 | H67: =IFERROR(__xludf.DUMMYFUNCTION("""COMPUTED_VALUE"""),"VD015") -> VD015 | I67: =IFERROR(__xludf.DUMMYFUNCTION("""COMPUTED_VALUE"""),24.0) -> 24 | J67: =IFERROR(__xludf.DUMMYFUNCTION("""COMPUTED_VALUE"""),915.94) -> 915.94 | K67: =IFERROR(__xludf.DUMMYFUNCTION("""COMPUTED_VALUE"""),915.94) -> 915.94
A68: =IFERROR(__xludf.DUMMYFUNCTION("""COMPUTED_VALUE"""),1000.0) -> 1000 | B68: =IFERROR(__xludf.DUMMYFUNCTION("""COMPUTED_VALUE"""),183504.0) -> 183504 | C68: =IFERROR(__xludf.DUMMYFUNCTION("""COMPUTED_VALUE"""),2026.0) -> 2026 | D68: =IFERROR(__xludf.DUMMYFUNCTION("""COMPUTED_VALUE"""),46377.0) -> 46377 | E68: =IFERROR(__xludf.DUMMYFUNCTION("""COMPUTED_VALUE"""),"VF") -> VF | F68: =IFERROR(__xludf.DUMMYFUNCTION("""COMPUTED_VALUE"""),1.0) -> 1 | G68: =IFERROR(__xludf.DUMMYFUNCTION("""COMPUTED_VALUE"""),"PR036") -> PR036 | H68: =IFERROR(__xludf.DUMMYFUNCTION("""COMPUTED_VALUE"""),"VD040") -> VD040 | I68: =IFERROR(__xludf.DUMMYFUNCTION("""COMPUTED_VALUE"""),12.0) -> 12 | J68: =IFERROR(__xludf.DUMMYFUNCTION("""COMPUTED_VALUE"""),1301.52) -> 1301.52 | K68: =IFERROR(__xludf.DUMMYFUNCTION("""COMPUTED_VALUE"""),1301.52) -> 1301.52
A69: =IFERROR(__xludf.DUMMYFUNCTION("""COMPUTED_VALUE"""),1000.0) -> 1000 | B69: =IFERROR(__xludf.DUMMYFUNCTION("""COMPUTED_VALUE"""),183505.0) -> 183505 | C69: =IFERROR(__xludf.DUMMYFUNCTION("""COMPUTED_VALUE"""),2026.0) -> 2026 | D69: =IFERROR(__xludf.DUMMYFUNCTION("""COMPUTED_VALUE"""),46376.0) -> 46376 | E69: =IFERROR(__xludf.DUMMYFUNCTION("""COMPUTED_VALUE"""),"VF") -> VF | F69: =IFERROR(__xludf.DUMMYFUNCTION("""COMPUTED_VALUE"""),1.0) -> 1 | G69: =IFERROR(__xludf.DUMMYFUNCTION("""COMPUTED_VALUE"""),"PR023") -> PR023 | H69: =IFERROR(__xludf.DUMMYFUNCTION("""COMPUTED_VALUE"""),"VD037") -> VD037 | I69: =IFERROR(__xludf.DUMMYFUNCTION("""COMPUTED_VALUE"""),12.0) -> 12 | J69: =IFERROR(__xludf.DUMMYFUNCTION("""COMPUTED_VALUE"""),3298.68) -> 3298.68 | K69: =IFERROR(__xludf.DUMMYFUNCTION("""COMPUTED_VALUE"""),3298.68) -> 3298.68
A70: =IFERROR(__xludf.DUMMYFUNCTION("""COMPUTED_VALUE"""),1000.0) -> 1000 | B70: =IFERROR(__xludf.DUMMYFUNCTION("""COMPUTED_VALUE"""),183506.0) -> 183506 | C70: =IFERROR(__xludf.DUMMYFUNCTION("""COMPUTED_VALUE"""),2026.0) -> 2026 | D70: =IFERROR(__xludf.DUMMYFUNCTION("""COMPUTED_VALUE"""),46376.0) -> 46376 | E70: =IFERROR(__xludf.DUMMYFUNCTION("""COMPUTED_VALUE"""),"VF") -> VF | F70: =IFERROR(__xludf.DUMMYFUNCTION("""COMPUTED_VALUE"""),1.0) -> 1 | G70: =IFERROR(__xludf.DUMMYFUNCTION("""COMPUTED_VALUE"""),"PR052") -> PR052 | H70: =IFERROR(__xludf.DUMMYFUNCTION("""COMPUTED_VALUE"""),"VD014") -> VD014 | I70: =IFERROR(__xludf.DUMMYFUNCTION("""COMPUTED_VALUE"""),20.0) -> 20 | J70: =IFERROR(__xludf.DUMMYFUNCTION("""COMPUTED_VALUE"""),1127.74) -> 1127.74 | K70: =IFERROR(__xludf.DUMMYFUNCTION("""COMPUTED_VALUE"""),1127.74) -> 1127.74
A71: =IFERROR(__xludf.DUMMYFUNCTION("""COMPUTED_VALUE"""),1000.0) -> 1000 | B71: =IFERROR(__xludf.DUMMYFUNCTION("""COMPUTED_VALUE"""),183506.0) -> 183506 | C71: =IFERROR(__xludf.DUMMYFUNCTION("""COMPUTED_VALUE"""),2026.0) -> 2026 | D71: =IFERROR(__xludf.DUMMYFUNCTION("""COMPUTED_VALUE"""),46375.0) -> 46375 | E71: =IFERROR(__xludf.DUMMYFUNCTION("""COMPUTED_VALUE"""),"VF") -> VF | F71: =IFERROR(__xludf.DUMMYFUNCTION("""COMPUTED_VALUE"""),2.0) -> 2 | G71: =IFERROR(__xludf.DUMMYFUNCTION("""COMPUTED_VALUE"""),"PR051") -> PR051 | H71: =IFERROR(__xludf.DUMMYFUNCTION("""COMPUTED_VALUE"""),"VD018") -> VD018 | I71: =IFERROR(__xludf.DUMMYFUNCTION("""COMPUTED_VALUE"""),6.0) -> 6 | J71: =IFERROR(__xludf.DUMMYFUNCTION("""COMPUTED_VALUE"""),221.09) -> 221.09 | K71: =IFERROR(__xludf.DUMMYFUNCTION("""COMPUTED_VALUE"""),221.09) -> 221.09
A72: =IFERROR(__xludf.DUMMYFUNCTION("""COMPUTED_VALUE"""),2000.0) -> 2000 | B72: =IFERROR(__xludf.DUMMYFUNCTION("""COMPUTED_VALUE"""),183507.0) -> 183507 | C72: =IFERROR(__xludf.DUMMYFUNCTION("""COMPUTED_VALUE"""),2026.0) -> 2026 | D72: =IFERROR(__xludf.DUMMYFUNCTION("""COMPUTED_VALUE"""),46375.0) -> 46375 | E72: =IFERROR(__xludf.DUMMYFUNCTION("""COMPUTED_VALUE"""),"VF") -> VF | F72: =IFERROR(__xludf.DUMMYFUNCTION("""COMPUTED_VALUE"""),1.0) -> 1 | G72: =IFERROR(__xludf.DUMMYFUNCTION("""COMPUTED_VALUE"""),"PR019") -> PR019 | H72: =IFERROR(__xludf.DUMMYFUNCTION("""COMPUTED_VALUE"""),"VD010") -> VD010 | I72: =IFERROR(__xludf.DUMMYFUNCTION("""COMPUTED_VALUE"""),20.0) -> 20 | J72: =IFERROR(__xludf.DUMMYFUNCTION("""COMPUTED_VALUE"""),1197.6) -> 1197.6 | K72: =IFERROR(__xludf.DUMMYFUNCTION("""COMPUTED_VALUE"""),1197.6) -> 1197.6
A73: =IFERROR(__xludf.DUMMYFUNCTION("""COMPUTED_VALUE"""),1000.0) -> 1000 | B73: =IFERROR(__xludf.DUMMYFUNCTION("""COMPUTED_VALUE"""),183508.0) -> 183508 | C73: =IFERROR(__xludf.DUMMYFUNCTION("""COMPUTED_VALUE"""),2026.0) -> 2026 | D73: =IFERROR(__xludf.DUMMYFUNCTION("""COMPUTED_VALUE"""),46375.0) -> 46375 | E73: =IFERROR(__xludf.DUMMYFUNCTION("""COMPUTED_VALUE"""),"VF") -> VF | F73: =IFERROR(__xludf.DUMMYFUNCTION("""COMPUTED_VALUE"""),1.0) -> 1 | G73: =IFERROR(__xludf.DUMMYFUNCTION("""COMPUTED_VALUE"""),"PR053") -> PR053 | H73: =IFERROR(__xludf.DUMMYFUNCTION("""COMPUTED_VALUE"""),"VD043") -> VD043 | I73: =IFERROR(__xludf.DUMMYFUNCTION("""COMPUTED_VALUE"""),16.0) -> 16 | J73: =IFERROR(__xludf.DUMMYFUNCTION("""COMPUTED_VALUE"""),950.1) -> 950.1 | K73: =IFERROR(__xludf.DUMMYFUNCTION("""COMPUTED_VALUE"""),950.1) -> 950.1
A74: =IFERROR(__xludf.DUMMYFUNCTION("""COMPUTED_VALUE"""),1000.0) -> 1000 | B74: =IFERROR(__xludf.DUMMYFUNCTION("""COMPUTED_VALUE"""),183509.0) -> 183509 | C74: =IFERROR(__xludf.DUMMYFUNCTION("""COMPUTED_VALUE"""),2026.0) -> 2026 | D74: =IFERROR(__xludf.DUMMYFUNCTION("""COMPUTED_VALUE"""),46375.0) -> 46375 | E74: =IFERROR(__xludf.DUMMYFUNCTION("""COMPUTED_VALUE"""),"VF") -> VF | F74: =IFERROR(__xludf.DUMMYFUNCTION("""COMPUTED_VALUE"""),1.0) -> 1 | G74: =IFERROR(__xludf.DUMMYFUNCTION("""COMPUTED_VALUE"""),"PR031") -> PR031 | H74: =IFERROR(__xludf.DUMMYFUNCTION("""COMPUTED_VALUE"""),"VD035") -> VD035 | I74: =IFERROR(__xludf.DUMMYFUNCTION("""COMPUTED_VALUE"""),21.0) -> 21 | J74: =IFERROR(__xludf.DUMMYFUNCTION("""COMPUTED_VALUE"""),6122.55) -> 6122.55 | K74: =IFERROR(__xludf.DUMMYFUNCTION("""COMPUTED_VALUE"""),6122.55) -> 6122.55
A75: =IFERROR(__xludf.DUMMYFUNCTION("""COMPUTED_VALUE"""),1000.0) -> 1000 | B75: =IFERROR(__xludf.DUMMYFUNCTION("""COMPUTED_VALUE"""),183509.0) -> 183509 | C75: =IFERROR(__xludf.DUMMYFUNCTION("""COMPUTED_VALUE"""),2026.0) -> 2026 | D75: =IFERROR(__xludf.DUMMYFUNCTION("""COMPUTED_VALUE"""),46375.0) -> 46375 | E75: =IFERROR(__xludf.DUMMYFUNCTION("""COMPUTED_VALUE"""),"VF") -> VF | F75: =IFERROR(__xludf.DUMMYFUNCTION("""COMPUTED_VALUE"""),2.0) -> 2 | G75: =IFERROR(__xludf.DUMMYFUNCTION("""COMPUTED_VALUE"""),"PR008") -> PR008 | H75: =IFERROR(__xludf.DUMMYFUNCTION("""COMPUTED_VALUE"""),"VD037") -> VD037 | I75: =IFERROR(__xludf.DUMMYFUNCTION("""COMPUTED_VALUE"""),10.0) -> 10 | J75: =IFERROR(__xludf.DUMMYFUNCTION("""COMPUTED_VALUE"""),1078.8) -> 1078.8 | K75: =IFERROR(__xludf.DUMMYFUNCTION("""COMPUTED_VALUE"""),1078.8) -> 1078.8
A76: =IFERROR(__xludf.DUMMYFUNCTION("""COMPUTED_VALUE"""),1000.0) -> 1000 | B76: =IFERROR(__xludf.DUMMYFUNCTION("""COMPUTED_VALUE"""),183510.0) -> 183510 | C76: =IFERROR(__xludf.DUMMYFUNCTION("""COMPUTED_VALUE"""),2026.0) -> 2026 | D76: =IFERROR(__xludf.DUMMYFUNCTION("""COMPUTED_VALUE"""),46375.0) -> 46375 | E76: =IFERROR(__xludf.DUMMYFUNCTION("""COMPUTED_VALUE"""),"VF") -> VF | F76: =IFERROR(__xludf.DUMMYFUNCTION("""COMPUTED_VALUE"""),1.0) -> 1 | G76: =IFERROR(__xludf.DUMMYFUNCTION("""COMPUTED_VALUE"""),"PR010") -> PR010 | H76: =IFERROR(__xludf.DUMMYFUNCTION("""COMPUTED_VALUE"""),"VD023") -> VD023 | I76: =IFERROR(__xludf.DUMMYFUNCTION("""COMPUTED_VALUE"""),14.0) -> 14 | J76: =IFERROR(__xludf.DUMMYFUNCTION("""COMPUTED_VALUE"""),704.03) -> 704.03 | K76: =IFERROR(__xludf.DUMMYFUNCTION("""COMPUTED_VALUE"""),704.03) -> 704.03
A77: =IFERROR(__xludf.DUMMYFUNCTION("""COMPUTED_VALUE"""),1000.0) -> 1000 | B77: =IFERROR(__xludf.DUMMYFUNCTION("""COMPUTED_VALUE"""),183511.0) -> 183511 | C77: =IFERROR(__xludf.DUMMYFUNCTION("""COMPUTED_VALUE"""),2026.0) -> 2026 | D77: =IFERROR(__xludf.DUMMYFUNCTION("""COMPUTED_VALUE"""),46375.0) -> 46375 | E77: =IFERROR(__xludf.DUMMYFUNCTION("""COMPUTED_VALUE"""),"VF") -> VF | F77: =IFERROR(__xludf.DUMMYFUNCTION("""COMPUTED_VALUE"""),1.0) -> 1 | G77: =IFERROR(__xludf.DUMMYFUNCTION("""COMPUTED_VALUE"""),"PR012") -> PR012 | H77: =IFERROR(__xludf.DUMMYFUNCTION("""COMPUTED_VALUE"""),"VD018") -> VD018 | I77: =IFERROR(__xludf.DUMMYFUNCTION("""COMPUTED_VALUE"""),10.0) -> 10 | J77: =IFERROR(__xludf.DUMMYFUNCTION("""COMPUTED_VALUE"""),577.02) -> 577.02 | K77: =IFERROR(__xludf.DUMMYFUNCTION("""COMPUTED_VALUE"""),577.02) -> 577.02
A78: =IFERROR(__xludf.DUMMYFUNCTION("""COMPUTED_VALUE"""),2000.0) -> 2000 | B78: =IFERROR(__xludf.DUMMYFUNCTION("""COMPUTED_VALUE"""),183512.0) -> 183512 | C78: =IFERROR(__xludf.DUMMYFUNCTION("""COMPUTED_VALUE"""),2026.0) -> 2026 | D78: =IFERROR(__xludf.DUMMYFUNCTION("""COMPUTED_VALUE"""),46375.0) -> 46375 | E78: =IFERROR(__xludf.DUMMYFUNCTION("""COMPUTED_VALUE"""),"VF") -> VF | F78: =IFERROR(__xludf.DUMMYFUNCTION("""COMPUTED_VALUE"""),1.0) -> 1 | G78: =IFERROR(__xludf.DUMMYFUNCTION("""COMPUTED_VALUE"""),"PR043") -> PR043 | H78: =IFERROR(__xludf.DUMMYFUNCTION("""COMPUTED_VALUE"""),"VD033") -> VD033 | I78: =IFERROR(__xludf.DUMMYFUNCTION("""COMPUTED_VALUE"""),12.0) -> 12 | J78: =IFERROR(__xludf.DUMMYFUNCTION("""COMPUTED_VALUE"""),983.1) -> 983.1 | K78: =IFERROR(__xludf.DUMMYFUNCTION("""COMPUTED_VALUE"""),983.1) -> 983.1
A79: =IFERROR(__xludf.DUMMYFUNCTION("""COMPUTED_VALUE"""),2000.0) -> 2000 | B79: =IFERROR(__xludf.DUMMYFUNCTION("""COMPUTED_VALUE"""),183513.0) -> 183513 | C79: =IFERROR(__xludf.DUMMYFUNCTION("""COMPUTED_VALUE"""),2026.0) -> 2026 | D79: =IFERROR(__xludf.DUMMYFUNCTION("""COMPUTED_VALUE"""),46375.0) -> 46375 | E79: =IFERROR(__xludf.DUMMYFUNCTION("""COMPUTED_VALUE"""),"VF") -> VF | F79: =IFERROR(__xludf.DUMMYFUNCTION("""COMPUTED_VALUE"""),1.0) -> 1 | G79: =IFERROR(__xludf.DUMMYFUNCTION("""COMPUTED_VALUE"""),"PR004") -> PR004 | H79: =IFERROR(__xludf.DUMMYFUNCTION("""COMPUTED_VALUE"""),"VD015") -> VD015 | I79: =IFERROR(__xludf.DUMMYFUNCTION("""COMPUTED_VALUE"""),10.0) -> 10 | J79: =IFERROR(__xludf.DUMMYFUNCTION("""COMPUTED_VALUE"""),1725.5) -> 1725.5 | K79: =IFERROR(__xludf.DUMMYFUNCTION("""COMPUTED_VALUE"""),1725.5) -> 1725.5
A80: =IFERROR(__xludf.DUMMYFUNCTION("""COMPUTED_VALUE"""),1000.0) -> 1000 | B80: =IFERROR(__xludf.DUMMYFUNCTION("""COMPUTED_VALUE"""),183513.0) -> 183513 | C80: =IFERROR(__xludf.DUMMYFUNCTION("""COMPUTED_VALUE"""),2026.0) -> 2026 | D80: =IFERROR(__xludf.DUMMYFUNCTION("""COMPUTED_VALUE"""),46375.0) -> 46375 | E80: =IFERROR(__xludf.DUMMYFUNCTION("""COMPUTED_VALUE"""),"VF") -> VF | F80: =IFERROR(__xludf.DUMMYFUNCTION("""COMPUTED_VALUE"""),2.0) -> 2 | G80: =IFERROR(__xludf.DUMMYFUNCTION("""COMPUTED_VALUE"""),"PR045") -> PR045 | H80: =IFERROR(__xludf.DUMMYFUNCTION("""COMPUTED_VALUE"""),"VD027") -> VD027 | I80: =IFERROR(__xludf.DUMMYFUNCTION("""COMPUTED_VALUE"""),16.0) -> 16 | J80: =IFERROR(__xludf.DUMMYFUNCTION("""COMPUTED_VALUE"""),1334.0) -> 1334 | K80: =IFERROR(__xludf.DUMMYFUNCTION("""COMPUTED_VALUE"""),1334.0) -> 1334
A81: =IFERROR(__xludf.DUMMYFUNCTION("""COMPUTED_VALUE"""),1000.0) -> 1000 | B81: =IFERROR(__xludf.DUMMYFUNCTION("""COMPUTED_VALUE"""),183514.0) -> 183514 | C81: =IFERROR(__xludf.DUMMYFUNCTION("""COMPUTED_VALUE"""),2026.0) -> 2026 | D81: =IFERROR(__xludf.DUMMYFUNCTION("""COMPUTED_VALUE"""),46374.0) -> 46374 | E81: =IFERROR(__xludf.DUMMYFUNCTION("""COMPUTED_VALUE"""),"VF") -> VF | F81: =IFERROR(__xludf.DUMMYFUNCTION("""COMPUTED_VALUE"""),1.0) -> 1 | G81: =IFERROR(__xludf.DUMMYFUNCTION("""COMPUTED_VALUE"""),"PR014") -> PR014 | H81: =IFERROR(__xludf.DUMMYFUNCTION("""COMPUTED_VALUE"""),"VD035") -> VD035 | I81: =IFERROR(__xludf.DUMMYFUNCTION("""COMPUTED_VALUE"""),20.0) -> 20 | J81: =IFERROR(__xludf.DUMMYFUNCTION("""COMPUTED_VALUE"""),877.8) -> 877.8 | K81: =IFERROR(__xludf.DUMMYFUNCTION("""COMPUTED_VALUE"""),877.8) -> 877.8
A82: =IFERROR(__xludf.DUMMYFUNCTION("""COMPUTED_VALUE"""),1000.0) -> 1000 | B82: =IFERROR(__xludf.DUMMYFUNCTION("""COMPUTED_VALUE"""),183515.0) -> 183515 | C82: =IFERROR(__xludf.DUMMYFUNCTION("""COMPUTED_VALUE"""),2026.0) -> 2026 | D82: =IFERROR(__xludf.DUMMYFUNCTION("""COMPUTED_VALUE"""),46374.0) -> 46374 | E82: =IFERROR(__xludf.DUMMYFUNCTION("""COMPUTED_VALUE"""),"VF") -> VF | F82: =IFERROR(__xludf.DUMMYFUNCTION("""COMPUTED_VALUE"""),1.0) -> 1 | G82: =IFERROR(__xludf.DUMMYFUNCTION("""COMPUTED_VALUE"""),"PR026") -> PR026 | H82: =IFERROR(__xludf.DUMMYFUNCTION("""COMPUTED_VALUE"""),"VD011") -> VD011 | I82: =IFERROR(__xludf.DUMMYFUNCTION("""COMPUTED_VALUE"""),15.0) -> 15 | J82: =IFERROR(__xludf.DUMMYFUNCTION("""COMPUTED_VALUE"""),6035.78) -> 6035.78 | K82: =IFERROR(__xludf.DUMMYFUNCTION("""COMPUTED_VALUE"""),6035.78) -> 6035.78
A83: =IFERROR(__xludf.DUMMYFUNCTION("""COMPUTED_VALUE"""),1000.0) -> 1000 | B83: =IFERROR(__xludf.DUMMYFUNCTION("""COMPUTED_VALUE"""),183516.0) -> 183516 | C83: =IFERROR(__xludf.DUMMYFUNCTION("""COMPUTED_VALUE"""),2026.0) -> 2026 | D83: =IFERROR(__xludf.DUMMYFUNCTION("""COMPUTED_VALUE"""),46374.0) -> 46374 | E83: =IFERROR(__xludf.DUMMYFUNCTION("""COMPUTED_VALUE"""),"VF") -> VF | F83: =IFERROR(__xludf.DUMMYFUNCTION("""COMPUTED_VALUE"""),1.0) -> 1 | G83: =IFERROR(__xludf.DUMMYFUNCTION("""COMPUTED_VALUE"""),"PR014") -> PR014 | H83: =IFERROR(__xludf.DUMMYFUNCTION("""COMPUTED_VALUE"""),"VD028") -> VD028 | I83: =IFERROR(__xludf.DUMMYFUNCTION("""COMPUTED_VALUE"""),30.0) -> 30 | J83: =IFERROR(__xludf.DUMMYFUNCTION("""COMPUTED_VALUE"""),1328.67) -> 1328.67 | K83: =IFERROR(__xludf.DUMMYFUNCTION("""COMPUTED_VALUE"""),1328.67) -> 1328.67
A84: =IFERROR(__xludf.DUMMYFUNCTION("""COMPUTED_VALUE"""),1000.0) -> 1000 | B84: =IFERROR(__xludf.DUMMYFUNCTION("""COMPUTED_VALUE"""),183516.0) -> 183516 | C84: =IFERROR(__xludf.DUMMYFUNCTION("""COMPUTED_VALUE"""),2026.0) -> 2026 | D84: =IFERROR(__xludf.DUMMYFUNCTION("""COMPUTED_VALUE"""),46373.0) -> 46373 | E84: =IFERROR(__xludf.DUMMYFUNCTION("""COMPUTED_VALUE"""),"VF") -> VF | F84: =IFERROR(__xludf.DUMMYFUNCTION("""COMPUTED_VALUE"""),2.0) -> 2 | G84: =IFERROR(__xludf.DUMMYFUNCTION("""COMPUTED_VALUE"""),"PR024") -> PR024 | H84: =IFERROR(__xludf.DUMMYFUNCTION("""COMPUTED_VALUE"""),"VD019") -> VD019 | I84: =IFERROR(__xludf.DUMMYFUNCTION("""COMPUTED_VALUE"""),30.0) -> 30 | J84: =IFERROR(__xludf.DUMMYFUNCTION("""COMPUTED_VALUE"""),8810.61) -> 8810.61 | K84: =IFERROR(__xludf.DUMMYFUNCTION("""COMPUTED_VALUE"""),8810.61) -> 8810.61
A85: =IFERROR(__xludf.DUMMYFUNCTION("""COMPUTED_VALUE"""),1000.0) -> 1000 | B85: =IFERROR(__xludf.DUMMYFUNCTION("""COMPUTED_VALUE"""),183517.0) -> 183517 | C85: =IFERROR(__xludf.DUMMYFUNCTION("""COMPUTED_VALUE"""),2026.0) -> 2026 | D85: =IFERROR(__xludf.DUMMYFUNCTION("""COMPUTED_VALUE"""),46373.0) -> 46373 | E85: =IFERROR(__xludf.DUMMYFUNCTION("""COMPUTED_VALUE"""),"VF") -> VF | F85: =IFERROR(__xludf.DUMMYFUNCTION("""COMPUTED_VALUE"""),1.0) -> 1 | G85: =IFERROR(__xludf.DUMMYFUNCTION("""COMPUTED_VALUE"""),"PR023") -> PR023 | H85: =IFERROR(__xludf.DUMMYFUNCTION("""COMPUTED_VALUE"""),"VD034") -> VD034 | I85: =IFERROR(__xludf.DUMMYFUNCTION("""COMPUTED_VALUE"""),18.0) -> 18 | J85: =IFERROR(__xludf.DUMMYFUNCTION("""COMPUTED_VALUE"""),5082.97) -> 5082.97 | K85: =IFERROR(__xludf.DUMMYFUNCTION("""COMPUTED_VALUE"""),5082.97) -> 5082.97
A86: =IFERROR(__xludf.DUMMYFUNCTION("""COMPUTED_VALUE"""),1000.0) -> 1000 | B86: =IFERROR(__xludf.DUMMYFUNCTION("""COMPUTED_VALUE"""),183517.0) -> 183517 | C86: =IFERROR(__xludf.DUMMYFUNCTION("""COMPUTED_VALUE"""),2026.0) -> 2026 | D86: =IFERROR(__xludf.DUMMYFUNCTION("""COMPUTED_VALUE"""),46373.0) -> 46373 | E86: =IFERROR(__xludf.DUMMYFUNCTION("""COMPUTED_VALUE"""),"VF") -> VF | F86: =IFERROR(__xludf.DUMMYFUNCTION("""COMPUTED_VALUE"""),2.0) -> 2 | G86: =IFERROR(__xludf.DUMMYFUNCTION("""COMPUTED_VALUE"""),"PR010") -> PR010 | H86: =IFERROR(__xludf.DUMMYFUNCTION("""COMPUTED_VALUE"""),"VD028") -> VD028 | I86: =IFERROR(__xludf.DUMMYFUNCTION("""COMPUTED_VALUE"""),20.0) -> 20 | J86: =IFERROR(__xludf.DUMMYFUNCTION("""COMPUTED_VALUE"""),1050.66) -> 1050.66 | K86: =IFERROR(__xludf.DUMMYFUNCTION("""COMPUTED_VALUE"""),1050.66) -> 1050.66
A87: =IFERROR(__xludf.DUMMYFUNCTION("""COMPUTED_VALUE"""),1000.0) -> 1000 | B87: =IFERROR(__xludf.DUMMYFUNCTION("""COMPUTED_VALUE"""),183517.0) -> 183517 | C87: =IFERROR(__xludf.DUMMYFUNCTION("""COMPUTED_VALUE"""),2026.0) -> 2026 | D87: =IFERROR(__xludf.DUMMYFUNCTION("""COMPUTED_VALUE"""),46373.0) -> 46373 | E87: =IFERROR(__xludf.DUMMYFUNCTION("""COMPUTED_VALUE"""),"VF") -> VF | F87: =IFERROR(__xludf.DUMMYFUNCTION("""COMPUTED_VALUE"""),3.0) -> 3 | G87: =IFERROR(__xludf.DUMMYFUNCTION("""COMPUTED_VALUE"""),"PR042") -> PR042 | H87: =IFERROR(__xludf.DUMMYFUNCTION("""COMPUTED_VALUE"""),"VD041") -> VD041 | I87: =IFERROR(__xludf.DUMMYFUNCTION("""COMPUTED_VALUE"""),24.0) -> 24 | J87: =IFERROR(__xludf.DUMMYFUNCTION("""COMPUTED_VALUE"""),1502.06) -> 1502.06 | K87: =IFERROR(__xludf.DUMMYFUNCTION("""COMPUTED_VALUE"""),1502.06) -> 1502.06
A88: =IFERROR(__xludf.DUMMYFUNCTION("""COMPUTED_VALUE"""),1000.0) -> 1000 | B88: =IFERROR(__xludf.DUMMYFUNCTION("""COMPUTED_VALUE"""),183518.0) -> 183518 | C88: =IFERROR(__xludf.DUMMYFUNCTION("""COMPUTED_VALUE"""),2026.0) -> 2026 | D88: =IFERROR(__xludf.DUMMYFUNCTION("""COMPUTED_VALUE"""),46373.0) -> 46373 | E88: =IFERROR(__xludf.DUMMYFUNCTION("""COMPUTED_VALUE"""),"VF") -> VF | F88: =IFERROR(__xludf.DUMMYFUNCTION("""COMPUTED_VALUE"""),1.0) -> 1 | G88: =IFERROR(__xludf.DUMMYFUNCTION("""COMPUTED_VALUE"""),"PR057") -> PR057 | H88: =IFERROR(__xludf.DUMMYFUNCTION("""COMPUTED_VALUE"""),"VD015") -> VD015 | I88: =IFERROR(__xludf.DUMMYFUNCTION("""COMPUTED_VALUE"""),24.0) -> 24 | J88: =IFERROR(__xludf.DUMMYFUNCTION("""COMPUTED_VALUE"""),2373.36) -> 2373.36 | K88: =IFERROR(__xludf.DUMMYFUNCTION("""COMPUTED_VALUE"""),2373.36) -> 2373.36
A89: =IFERROR(__xludf.DUMMYFUNCTION("""COMPUTED_VALUE"""),1000.0) -> 1000 | B89: =IFERROR(__xludf.DUMMYFUNCTION("""COMPUTED_VALUE"""),183519.0) -> 183519 | C89: =IFERROR(__xludf.DUMMYFUNCTION("""COMPUTED_VALUE"""),2026.0) -> 2026 | D89: =IFERROR(__xludf.DUMMYFUNCTION("""COMPUTED_VALUE"""),46373.0) -> 46373 | E89: =IFERROR(__xludf.DUMMYFUNCTION("""COMPUTED_VALUE"""),"VF") -> VF | F89: =IFERROR(__xludf.DUMMYFUNCTION("""COMPUTED_VALUE"""),1.0) -> 1 | G89: =IFERROR(__xludf.DUMMYFUNCTION("""COMPUTED_VALUE"""),"PR034") -> PR034 | H89: =IFERROR(__xludf.DUMMYFUNCTION("""COMPUTED_VALUE"""),"VD027") -> VD027 | I89: =IFERROR(__xludf.DUMMYFUNCTION("""COMPUTED_VALUE"""),6.0) -> 6 | J89: =IFERROR(__xludf.DUMMYFUNCTION("""COMPUTED_VALUE"""),598.73) -> 598.73 | K89: =IFERROR(__xludf.DUMMYFUNCTION("""COMPUTED_VALUE"""),598.73) -> 598.73
A90: =IFERROR(__xludf.DUMMYFUNCTION("""COMPUTED_VALUE"""),1000.0) -> 1000 | B90: =IFERROR(__xludf.DUMMYFUNCTION("""COMPUTED_VALUE"""),183520.0) -> 183520 | C90: =IFERROR(__xludf.DUMMYFUNCTION("""COMPUTED_VALUE"""),2026.0) -> 2026 | D90: =IFERROR(__xludf.DUMMYFUNCTION("""COMPUTED_VALUE"""),46373.0) -> 46373 | E90: =IFERROR(__xludf.DUMMYFUNCTION("""COMPUTED_VALUE"""),"VF") -> VF | F90: =IFERROR(__xludf.DUMMYFUNCTION("""COMPUTED_VALUE"""),1.0) -> 1 | G90: =IFERROR(__xludf.DUMMYFUNCTION("""COMPUTED_VALUE"""),"PR031") -> PR031 | H90: =IFERROR(__xludf.DUMMYFUNCTION("""COMPUTED_VALUE"""),"VD024") -> VD024 | I90: =IFERROR(__xludf.DUMMYFUNCTION("""COMPUTED_VALUE"""),6.0) -> 6 | J90: =IFERROR(__xludf.DUMMYFUNCTION("""COMPUTED_VALUE"""),1675.8) -> 1675.8 | K90: =IFERROR(__xludf.DUMMYFUNCTION("""COMPUTED_VALUE"""),1675.8) -> 1675.8
A91: =IFERROR(__xludf.DUMMYFUNCTION("""COMPUTED_VALUE"""),1000.0) -> 1000 | B91: =IFERROR(__xludf.DUMMYFUNCTION("""COMPUTED_VALUE"""),183521.0) -> 183521 | C91: =IFERROR(__xludf.DUMMYFUNCTION("""COMPUTED_VALUE"""),2026.0) -> 2026 | D91: =IFERROR(__xludf.DUMMYFUNCTION("""COMPUTED_VALUE"""),46373.0) -> 46373 | E91: =IFERROR(__xludf.DUMMYFUNCTION("""COMPUTED_VALUE"""),"VF") -> VF | F91: =IFERROR(__xludf.DUMMYFUNCTION("""COMPUTED_VALUE"""),1.0) -> 1 | G91: =IFERROR(__xludf.DUMMYFUNCTION("""COMPUTED_VALUE"""),"PR046") -> PR046 | H91: =IFERROR(__xludf.DUMMYFUNCTION("""COMPUTED_VALUE"""),"VD038") -> VD038 | I91: =IFERROR(__xludf.DUMMYFUNCTION("""COMPUTED_VALUE"""),8.0) -> 8 | J91: =IFERROR(__xludf.DUMMYFUNCTION("""COMPUTED_VALUE"""),2620.7) -> 2620.7 | K91: =IFERROR(__xludf.DUMMYFUNCTION("""COMPUTED_VALUE"""),2620.7) -> 2620.7
A92: =IFERROR(__xludf.DUMMYFUNCTION("""COMPUTED_VALUE"""),1000.0) -> 1000 | B92: =IFERROR(__xludf.DUMMYFUNCTION("""COMPUTED_VALUE"""),183522.0) -> 183522 | C92: =IFERROR(__xludf.DUMMYFUNCTION("""COMPUTED_VALUE"""),2026.0) -> 2026 | D92: =IFERROR(__xludf.DUMMYFUNCTION("""COMPUTED_VALUE"""),46372.0) -> 46372 | E92: =IFERROR(__xludf.DUMMYFUNCTION("""COMPUTED_VALUE"""),"VF") -> VF | F92: =IFERROR(__xludf.DUMMYFUNCTION("""COMPUTED_VALUE"""),1.0) -> 1 | G92: =IFERROR(__xludf.DUMMYFUNCTION("""COMPUTED_VALUE"""),"PR033") -> PR033 | H92: =IFERROR(__xludf.DUMMYFUNCTION("""COMPUTED_VALUE"""),"VD014") -> VD014 | I92: =IFERROR(__xludf.DUMMYFUNCTION("""COMPUTED_VALUE"""),12.0) -> 12 | J92: =IFERROR(__xludf.DUMMYFUNCTION("""COMPUTED_VALUE"""),3649.0) -> 3649 | K92: =IFERROR(__xludf.DUMMYFUNCTION("""COMPUTED_VALUE"""),3649.0) -> 3649
A93: =IFERROR(__xludf.DUMMYFUNCTION("""COMPUTED_VALUE"""),1000.0) -> 1000 | B93: =IFERROR(__xludf.DUMMYFUNCTION("""COMPUTED_VALUE"""),183523.0) -> 183523 | C93: =IFERROR(__xludf.DUMMYFUNCTION("""COMPUTED_VALUE"""),2026.0) -> 2026 | D93: =IFERROR(__xludf.DUMMYFUNCTION("""COMPUTED_VALUE"""),46372.0) -> 46372 | E93: =IFERROR(__xludf.DUMMYFUNCTION("""COMPUTED_VALUE"""),"VF") -> VF | F93: =IFERROR(__xludf.DUMMYFUNCTION("""COMPUTED_VALUE"""),1.0) -> 1 | G93: =IFERROR(__xludf.DUMMYFUNCTION("""COMPUTED_VALUE"""),"PR041") -> PR041 | H93: =IFERROR(__xludf.DUMMYFUNCTION("""COMPUTED_VALUE"""),"VD035") -> VD035 | I93: =IFERROR(__xludf.DUMMYFUNCTION("""COMPUTED_VALUE"""),18.0) -> 18 | J93: =IFERROR(__xludf.DUMMYFUNCTION("""COMPUTED_VALUE"""),1166.08) -> 1166.08 | K93: =IFERROR(__xludf.DUMMYFUNCTION("""COMPUTED_VALUE"""),1166.08) -> 1166.08
A94: =IFERROR(__xludf.DUMMYFUNCTION("""COMPUTED_VALUE"""),1000.0) -> 1000 | B94: =IFERROR(__xludf.DUMMYFUNCTION("""COMPUTED_VALUE"""),183524.0) -> 183524 | C94: =IFERROR(__xludf.DUMMYFUNCTION("""COMPUTED_VALUE"""),2026.0) -> 2026 | D94: =IFERROR(__xludf.DUMMYFUNCTION("""COMPUTED_VALUE"""),46372.0) -> 46372 | E94: =IFERROR(__xludf.DUMMYFUNCTION("""COMPUTED_VALUE"""),"VF") -> VF | F94: =IFERROR(__xludf.DUMMYFUNCTION("""COMPUTED_VALUE"""),1.0) -> 1 | G94: =IFERROR(__xludf.DUMMYFUNCTION("""COMPUTED_VALUE"""),"PR001") -> PR001 | H94: =IFERROR(__xludf.DUMMYFUNCTION("""COMPUTED_VALUE"""),"VD045") -> VD045 | I94: =IFERROR(__xludf.DUMMYFUNCTION("""COMPUTED_VALUE"""),12.0) -> 12 | J94: =IFERROR(__xludf.DUMMYFUNCTION("""COMPUTED_VALUE"""),941.05) -> 941.05 | K94: =IFERROR(__xludf.DUMMYFUNCTION("""COMPUTED_VALUE"""),941.05) -> 941.05
A95: =IFERROR(__xludf.DUMMYFUNCTION("""COMPUTED_VALUE"""),1000.0) -> 1000 | B95: =IFERROR(__xludf.DUMMYFUNCTION("""COMPUTED_VALUE"""),183525.0) -> 183525 | C95: =IFERROR(__xludf.DUMMYFUNCTION("""COMPUTED_VALUE"""),2026.0) -> 2026 | D95: =IFERROR(__xludf.DUMMYFUNCTION("""COMPUTED_VALUE"""),46372.0) -> 46372 | E95: =IFERROR(__xludf.DUMMYFUNCTION("""COMPUTED_VALUE"""),"VF") -> VF | F95: =IFERROR(__xludf.DUMMYFUNCTION("""COMPUTED_VALUE"""),1.0) -> 1 | G95: =IFERROR(__xludf.DUMMYFUNCTION("""COMPUTED_VALUE"""),"PR006") -> PR006 | H95: =IFERROR(__xludf.DUMMYFUNCTION("""COMPUTED_VALUE"""),"VD035") -> VD035 | I95: =IFERROR(__xludf.DUMMYFUNCTION("""COMPUTED_VALUE"""),12.0) -> 12 | J95: =IFERROR(__xludf.DUMMYFUNCTION("""COMPUTED_VALUE"""),541.04) -> 541.04 | K95: =IFERROR(__xludf.DUMMYFUNCTION("""COMPUTED_VALUE"""),541.04) -> 541.04
A96: =IFERROR(__xludf.DUMMYFUNCTION("""COMPUTED_VALUE"""),1000.0) -> 1000 | B96: =IFERROR(__xludf.DUMMYFUNCTION("""COMPUTED_VALUE"""),183526.0) -> 183526 | C96: =IFERROR(__xludf.DUMMYFUNCTION("""COMPUTED_VALUE"""),2026.0) -> 2026 | D96: =IFERROR(__xludf.DUMMYFUNCTION("""COMPUTED_VALUE"""),46372.0) -> 46372 | E96: =IFERROR(__xludf.DUMMYFUNCTION("""COMPUTED_VALUE"""),"VF") -> VF | F96: =IFERROR(__xludf.DUMMYFUNCTION("""COMPUTED_VALUE"""),1.0) -> 1 | G96: =IFERROR(__xludf.DUMMYFUNCTION("""COMPUTED_VALUE"""),"PR049") -> PR049 | H96: =IFERROR(__xludf.DUMMYFUNCTION("""COMPUTED_VALUE"""),"VD039") -> VD039 | I96: =IFERROR(__xludf.DUMMYFUNCTION("""COMPUTED_VALUE"""),10.0) -> 10 | J96: =IFERROR(__xludf.DUMMYFUNCTION("""COMPUTED_VALUE"""),388.22) -> 388.22 | K96: =IFERROR(__xludf.DUMMYFUNCTION("""COMPUTED_VALUE"""),388.22) -> 388.22
A97: =IFERROR(__xludf.DUMMYFUNCTION("""COMPUTED_VALUE"""),1000.0) -> 1000 | B97: =IFERROR(__xludf.DUMMYFUNCTION("""COMPUTED_VALUE"""),183527.0) -> 183527 | C97: =IFERROR(__xludf.DUMMYFUNCTION("""COMPUTED_VALUE"""),2026.0) -> 2026 | D97: =IFERROR(__xludf.DUMMYFUNCTION("""COMPUTED_VALUE"""),46372.0) -> 46372 | E97: =IFERROR(__xludf.DUMMYFUNCTION("""COMPUTED_VALUE"""),"VF") -> VF | F97: =IFERROR(__xludf.DUMMYFUNCTION("""COMPUTED_VALUE"""),1.0) -> 1 | G97: =IFERROR(__xludf.DUMMYFUNCTION("""COMPUTED_VALUE"""),"PR012") -> PR012 | H97: =IFERROR(__xludf.DUMMYFUNCTION("""COMPUTED_VALUE"""),"VD034") -> VD034 | I97: =IFERROR(__xludf.DUMMYFUNCTION("""COMPUTED_VALUE"""),27.0) -> 27 | J97: =IFERROR(__xludf.DUMMYFUNCTION("""COMPUTED_VALUE"""),1584.36) -> 1584.36 | K97: =IFERROR(__xludf.DUMMYFUNCTION("""COMPUTED_VALUE"""),1584.36) -> 1584.36
A98: =IFERROR(__xludf.DUMMYFUNCTION("""COMPUTED_VALUE"""),1000.0) -> 1000 | B98: =IFERROR(__xludf.DUMMYFUNCTION("""COMPUTED_VALUE"""),183528.0) -> 183528 | C98: =IFERROR(__xludf.DUMMYFUNCTION("""COMPUTED_VALUE"""),2026.0) -> 2026 | D98: =IFERROR(__xludf.DUMMYFUNCTION("""COMPUTED_VALUE"""),46371.0) -> 46371 | E98: =IFERROR(__xludf.DUMMYFUNCTION("""COMPUTED_VALUE"""),"VF") -> VF | F98: =IFERROR(__xludf.DUMMYFUNCTION("""COMPUTED_VALUE"""),1.0) -> 1 | G98: =IFERROR(__xludf.DUMMYFUNCTION("""COMPUTED_VALUE"""),"PR060") -> PR060 | H98: =IFERROR(__xludf.DUMMYFUNCTION("""COMPUTED_VALUE"""),"VD019") -> VD019 | I98: =IFERROR(__xludf.DUMMYFUNCTION("""COMPUTED_VALUE"""),18.0) -> 18 | J98: =IFERROR(__xludf.DUMMYFUNCTION("""COMPUTED_VALUE"""),3628.8) -> 3628.8 | K98: =IFERROR(__xludf.DUMMYFUNCTION("""COMPUTED_VALUE"""),3628.8) -> 3628.8
A99: =IFERROR(__xludf.DUMMYFUNCTION("""COMPUTED_VALUE"""),1000.0) -> 1000 | B99: =IFERROR(__xludf.DUMMYFUNCTION("""COMPUTED_VALUE"""),183529.0) -> 183529 | C99: =IFERROR(__xludf.DUMMYFUNCTION("""COMPUTED_VALUE"""),2026.0) -> 2026 | D99: =IFERROR(__xludf.DUMMYFUNCTION("""COMPUTED_VALUE"""),46371.0) -> 46371 | E99: =IFERROR(__xludf.DUMMYFUNCTION("""COMPUTED_VALUE"""),"VF") -> VF | F99: =IFERROR(__xludf.DUMMYFUNCTION("""COMPUTED_VALUE"""),1.0) -> 1 | G99: =IFERROR(__xludf.DUMMYFUNCTION("""COMPUTED_VALUE"""),"PR060") -> PR060 | H99: =IFERROR(__xludf.DUMMYFUNCTION("""COMPUTED_VALUE"""),"VD042") -> VD042 | I99: =IFERROR(__xludf.DUMMYFUNCTION("""COMPUTED_VALUE"""),10.0) -> 10 | J99: =IFERROR(__xludf.DUMMYFUNCTION("""COMPUTED_VALUE"""),1980.0) -> 1980 | K99: =IFERROR(__xludf.DUMMYFUNCTION("""COMPUTED_VALUE"""),1980.0) -> 1980
A100: =IFERROR(__xludf.DUMMYFUNCTION("""COMPUTED_VALUE"""),1000.0) -> 1000 | B100: =IFERROR(__xludf.DUMMYFUNCTION("""COMPUTED_VALUE"""),183530.0) -> 183530 | C100: =IFERROR(__xludf.DUMMYFUNCTION("""COMPUTED_VALUE"""),2026.0) -> 2026 | D100: =IFERROR(__xludf.DUMMYFUNCTION("""COMPUTED_VALUE"""),46371.0) -> 46371 | E100: =IFERROR(__xludf.DUMMYFUNCTION("""COMPUTED_VALUE"""),"VF") -> VF | F100: =IFERROR(__xludf.DUMMYFUNCTION("""COMPUTED_VALUE"""),1.0) -> 1 | G100: =IFERROR(__xludf.DUMMYFUNCTION("""COMPUTED_VALUE"""),"PR014") -> PR014 | H100: =IFERROR(__xludf.DUMMYFUNCTION("""COMPUTED_VALUE"""),"VD010") -> VD010 | I100: =IFERROR(__xludf.DUMMYFUNCTION("""COMPUTED_VALUE"""),18.0) -> 18 | J100: =IFERROR(__xludf.DUMMYFUNCTION("""COMPUTED_VALUE"""),790.02) -> 790.02 | K100: =IFERROR(__xludf.DUMMYFUNCTION("""COMPUTED_VALUE"""),790.02) -> 790.02
...

Sheet Productos
A1: =IFERROR(__xludf.DUMMYFUNCTION("IMPORTRANGE(""https://docs.google.com/spreadsheets/d/1wDatiNabBWFvhbng0IgSrI0LbZ9kw3ciTUIdsOHVncU"",""A1:F100"")"),"Código") -> Código | B1: =IFERROR(__xludf.DUMMYFUNCTION("""COMPUTED_VALUE"""),"Producto") -> Producto | C1: =IFERROR(__xludf.DUMMYFUNCTION("""COMPUTED_VALUE"""),"Talla") -> Talla | D1: =IFERROR(__xludf.DUMMYFUNCTION("""COMPUTED_VALUE"""),"Categoría") -> Categoría | E1: =IFERROR(__xludf.DUMMYFUNCTION("""COMPUTED_VALUE"""),"Costo Unitario") -> Costo Unitario | F1: =IFERROR(__xludf.DUMMYFUNCTION("""COMPUTED_VALUE"""),"Precio Unitario") -> Precio Unitario
A2: =IFERROR(__xludf.DUMMYFUNCTION("""COMPUTED_VALUE"""),"PR001") -> PR001 | B2: =IFERROR(__xludf.DUMMYFUNCTION("""COMPUTED_VALUE"""),"Bermuda") -> Bermuda | C2: =IFERROR(__xludf.DUMMYFUNCTION("""COMPUTED_VALUE"""),"S") -> S | D2: =IFERROR(__xludf.DUMMYFUNCTION("""COMPUTED_VALUE"""),"Ropa") -> Ropa | E2: =IFERROR(__xludf.DUMMYFUNCTION("""COMPUTED_VALUE"""),"$35,59") -> $35,59 | F2: =IFERROR(__xludf.DUMMYFUNCTION("""COMPUTED_VALUE"""),"$65,90") -> $65,90
A3: =IFERROR(__xludf.DUMMYFUNCTION("""COMPUTED_VALUE"""),"PR002") -> PR002 | B3: =IFERROR(__xludf.DUMMYFUNCTION("""COMPUTED_VALUE"""),"Bermuda") -> Bermuda | C3: =IFERROR(__xludf.DUMMYFUNCTION("""COMPUTED_VALUE"""),"M") -> M | D3: =IFERROR(__xludf.DUMMYFUNCTION("""COMPUTED_VALUE"""),"Ropa") -> Ropa | E3: =IFERROR(__xludf.DUMMYFUNCTION("""COMPUTED_VALUE"""),"$39,14") -> $39,14 | F3: =IFERROR(__xludf.DUMMYFUNCTION("""COMPUTED_VALUE"""),"$69,90") -> $69,90
A4: =IFERROR(__xludf.DUMMYFUNCTION("""COMPUTED_VALUE"""),"PR003") -> PR003 | B4: =IFERROR(__xludf.DUMMYFUNCTION("""COMPUTED_VALUE"""),"Bermuda") -> Bermuda | C4: =IFERROR(__xludf.DUMMYFUNCTION("""COMPUTED_VALUE"""),"L") -> L | D4: =IFERROR(__xludf.DUMMYFUNCTION("""COMPUTED_VALUE"""),"Ropa") -> Ropa | E4: =IFERROR(__xludf.DUMMYFUNCTION("""COMPUTED_VALUE"""),"$45,38") -> $45,38 | F4: =IFERROR(__xludf.DUMMYFUNCTION("""COMPUTED_VALUE"""),"$70,90") -> $70,90
A5: =IFERROR(__xludf.DUMMYFUNCTION("""COMPUTED_VALUE"""),"PR004") -> PR004 | B5: =IFERROR(__xludf.DUMMYFUNCTION("""COMPUTED_VALUE"""),"Bolso versátil") -> Bolso versátil | C5: =IFERROR(__xludf.DUMMYFUNCTION("""COMPUTED_VALUE"""),"Única") -> Única | D5: =IFERROR(__xludf.DUMMYFUNCTION("""COMPUTED_VALUE"""),"Accesorios") -> Accesorios | E5: =IFERROR(__xludf.DUMMYFUNCTION("""COMPUTED_VALUE"""),"$92,80") -> $92,80 | F5: =IFERROR(__xludf.DUMMYFUNCTION("""COMPUTED_VALUE"""),"$145,00") -> $145,00
A6: =IFERROR(__xludf.DUMMYFUNCTION("""COMPUTED_VALUE"""),"PR005") -> PR005 | B6: =IFERROR(__xludf.DUMMYFUNCTION("""COMPUTED_VALUE"""),"Bolso de cuero") -> Bolso de cuero | C6: =IFERROR(__xludf.DUMMYFUNCTION("""COMPUTED_VALUE"""),"Única") -> Única | D6: =IFERROR(__xludf.DUMMYFUNCTION("""COMPUTED_VALUE"""),"Accesorios") -> Accesorios | E6: =IFERROR(__xludf.DUMMYFUNCTION("""COMPUTED_VALUE"""),"$155,94") -> $155,94 | F6: =IFERROR(__xludf.DUMMYFUNCTION("""COMPUTED_VALUE"""),"$259,90") -> $259,90
A7: =IFERROR(__xludf.DUMMYFUNCTION("""COMPUTED_VALUE"""),"PR006") -> PR006 | B7: =IFERROR(__xludf.DUMMYFUNCTION("""COMPUTED_VALUE"""),"Gorra") -> Gorra | C7: =IFERROR(__xludf.DUMMYFUNCTION("""COMPUTED_VALUE"""),"Única") -> Única | D7: =IFERROR(__xludf.DUMMYFUNCTION("""COMPUTED_VALUE"""),"Accesorios") -> Accesorios | E7: =IFERROR(__xludf.DUMMYFUNCTION("""COMPUTED_VALUE"""),"$27,13") -> $27,13 | F7: =IFERROR(__xludf.DUMMYFUNCTION("""COMPUTED_VALUE"""),"$39,90") -> $39,90
A8: =IFERROR(__xludf.DUMMYFUNCTION("""COMPUTED_VALUE"""),"PR007") -> PR007 | B8: =IFERROR(__xludf.DUMMYFUNCTION("""COMPUTED_VALUE"""),"Pantalón de mezclilla") -> Pantalón de mezclilla | C8: =IFERROR(__xludf.DUMMYFUNCTION("""COMPUTED_VALUE"""),"S") -> S | D8: =IFERROR(__xludf.DUMMYFUNCTION("""COMPUTED_VALUE"""),"Ropa") -> Ropa | E8: =IFERROR(__xludf.DUMMYFUNCTION("""COMPUTED_VALUE"""),"$60,13") -> $60,13 | F8: =IFERROR(__xludf.DUMMYFUNCTION("""COMPUTED_VALUE"""),"$85,90") -> $85,90
A9: =IFERROR(__xludf.DUMMYFUNCTION("""COMPUTED_VALUE"""),"PR008") -> PR008 | B9: =IFERROR(__xludf.DUMMYFUNCTION("""COMPUTED_VALUE"""),"Pantalón de mezclilla") -> Pantalón de mezclilla | C9: =IFERROR(__xludf.DUMMYFUNCTION("""COMPUTED_VALUE"""),"M") -> M | D9: =IFERROR(__xludf.DUMMYFUNCTION("""COMPUTED_VALUE"""),"Ropa") -> Ropa | E9: =IFERROR(__xludf.DUMMYFUNCTION("""COMPUTED_VALUE"""),"$55,74") -> $55,74 | F9: =IFERROR(__xludf.DUMMYFUNCTION("""COMPUTED_VALUE"""),"$89,90") -> $89,90
A10: =IFERROR(__xludf.DUMMYFUNCTION("""COMPUTED_VALUE"""),"PR009") -> PR009 | B10: =IFERROR(__xludf.DUMMYFUNCTION("""COMPUTED_VALUE"""),"Pantalón de mezclilla") -> Pantalón de mezclilla | C10: =IFERROR(__xludf.DUMMYFUNCTION("""COMPUTED_VALUE"""),"L") -> L | D10: =IFERROR(__xludf.DUMMYFUNCTION("""COMPUTED_VALUE"""),"Ropa") -> Ropa | E10: =IFERROR(__xludf.DUMMYFUNCTION("""COMPUTED_VALUE"""),"$64,10") -> $64,10 | F10: =IFERROR(__xludf.DUMMYFUNCTION("""COMPUTED_VALUE"""),"$92,90") -> $92,90
A11: =IFERROR(__xludf.DUMMYFUNCTION("""COMPUTED_VALUE"""),"PR010") -> PR010 | B11: =IFERROR(__xludf.DUMMYFUNCTION("""COMPUTED_VALUE"""),"Pantalón legging") -> Pantalón legging | C11: =IFERROR(__xludf.DUMMYFUNCTION("""COMPUTED_VALUE"""),"S") -> S | D11: =IFERROR(__xludf.DUMMYFUNCTION("""COMPUTED_VALUE"""),"Ropa") -> Ropa | E11: =IFERROR(__xludf.DUMMYFUNCTION("""COMPUTED_VALUE"""),"$27,39") -> $27,39 | F11: =IFERROR(__xludf.DUMMYFUNCTION("""COMPUTED_VALUE"""),"$44,90") -> $44,90
A12: =IFERROR(__xludf.DUMMYFUNCTION("""COMPUTED_VALUE"""),"PR011") -> PR011 | B12: =IFERROR(__xludf.DUMMYFUNCTION("""COMPUTED_VALUE"""),"Pantalón legging") -> Pantalón legging | C12: =IFERROR(__xludf.DUMMYFUNCTION("""COMPUTED_VALUE"""),"M") -> M | D12: =IFERROR(__xludf.DUMMYFUNCTION("""COMPUTED_VALUE"""),"Ropa") -> Ropa | E12: =IFERROR(__xludf.DUMMYFUNCTION("""COMPUTED_VALUE"""),"$23,92") -> $23,92 | F12: =IFERROR(__xludf.DUMMYFUNCTION("""COMPUTED_VALUE"""),"$46,90") -> $46,90
A13: =IFERROR(__xludf.DUMMYFUNCTION("""COMPUTED_VALUE"""),"PR012") -> PR012 | B13: =IFERROR(__xludf.DUMMYFUNCTION("""COMPUTED_VALUE"""),"Pantalón legging") -> Pantalón legging | C13: =IFERROR(__xludf.DUMMYFUNCTION("""COMPUTED_VALUE"""),"L") -> L | D13: =IFERROR(__xludf.DUMMYFUNCTION("""COMPUTED_VALUE"""),"Ropa") -> Ropa | E13: =IFERROR(__xludf.DUMMYFUNCTION("""COMPUTED_VALUE"""),"$28,85") -> $28,85 | F13: =IFERROR(__xludf.DUMMYFUNCTION("""COMPUTED_VALUE"""),"$48,90") -> $48,90
A14: =IFERROR(__xludf.DUMMYFUNCTION("""COMPUTED_VALUE"""),"PR013") -> PR013 | B14: =IFERROR(__xludf.DUMMYFUNCTION("""COMPUTED_VALUE"""),"Playera estampada") -> Playera estampada | C14: =IFERROR(__xludf.DUMMYFUNCTION("""COMPUTED_VALUE"""),"S") -> S | D14: =IFERROR(__xludf.DUMMYFUNCTION("""COMPUTED_VALUE"""),"Ropa") -> Ropa | E14: =IFERROR(__xludf.DUMMYFUNCTION("""COMPUTED_VALUE"""),"$27,53") -> $27,53 | F14: =IFERROR(__xludf.DUMMYFUNCTION("""COMPUTED_VALUE"""),"$39,90") -> $39,90
A15: =IFERROR(__xludf.DUMMYFUNCTION("""COMPUTED_VALUE"""),"PR014") -> PR014 | B15: =IFERROR(__xludf.DUMMYFUNCTION("""COMPUTED_VALUE"""),"Playera estampada") -> Playera estampada | C15: =IFERROR(__xludf.DUMMYFUNCTION("""COMPUTED_VALUE"""),"M") -> M | D15: =IFERROR(__xludf.DUMMYFUNCTION("""COMPUTED_VALUE"""),"Ropa") -> Ropa | E15: =IFERROR(__xludf.DUMMYFUNCTION("""COMPUTED_VALUE"""),"$20,75") -> $20,75 | F15: =IFERROR(__xludf.DUMMYFUNCTION("""COMPUTED_VALUE"""),"$39,90") -> $39,90
A16: =IFERROR(__xludf.DUMMYFUNCTION("""COMPUTED_VALUE"""),"PR015") -> PR015 | B16: =IFERROR(__xludf.DUMMYFUNCTION("""COMPUTED_VALUE"""),"Playera estampada") -> Playera estampada | C16: =IFERROR(__xludf.DUMMYFUNCTION("""COMPUTED_VALUE"""),"L") -> L | D16: =IFERROR(__xludf.DUMMYFUNCTION("""COMPUTED_VALUE"""),"Ropa") -> Ropa | E16: =IFERROR(__xludf.DUMMYFUNCTION("""COMPUTED_VALUE"""),"$25,50") -> $25,50 | F16: =IFERROR(__xludf.DUMMYFUNCTION("""COMPUTED_VALUE"""),"$42,50") -> $42,50
A17: =IFERROR(__xludf.DUMMYFUNCTION("""COMPUTED_VALUE"""),"PR016") -> PR016 | B17: =IFERROR(__xludf.DUMMYFUNCTION("""COMPUTED_VALUE"""),"Playera lisa") -> Playera lisa | C17: =IFERROR(__xludf.DUMMYFUNCTION("""COMPUTED_VALUE"""),"S") -> S | D17: =IFERROR(__xludf.DUMMYFUNCTION("""COMPUTED_VALUE"""),"Ropa") -> Ropa | E17: =IFERROR(__xludf.DUMMYFUNCTION("""COMPUTED_VALUE"""),"$13,21") -> $13,21 | F17: =IFERROR(__xludf.DUMMYFUNCTION("""COMPUTED_VALUE"""),"$25,90") -> $25,90
A18: =IFERROR(__xludf.DUMMYFUNCTION("""COMPUTED_VALUE"""),"PR017") -> PR017 | B18: =IFERROR(__xludf.DUMMYFUNCTION("""COMPUTED_VALUE"""),"Playera lisa") -> Playera lisa | C18: =IFERROR(__xludf.DUMMYFUNCTION("""COMPUTED_VALUE"""),"M") -> M | D18: =IFERROR(__xludf.DUMMYFUNCTION("""COMPUTED_VALUE"""),"Ropa") -> Ropa | E18: =IFERROR(__xludf.DUMMYFUNCTION("""COMPUTED_VALUE"""),"$17,34") -> $17,34 | F18: =IFERROR(__xludf.DUMMYFUNCTION("""COMPUTED_VALUE"""),"$29,90") -> $29,90
A19: =IFERROR(__xludf.DUMMYFUNCTION("""COMPUTED_VALUE"""),"PR018") -> PR018 | B19: =IFERROR(__xludf.DUMMYFUNCTION("""COMPUTED_VALUE"""),"Playera lisa") -> Playera lisa | C19: =IFERROR(__xludf.DUMMYFUNCTION("""COMPUTED_VALUE"""),"L") -> L | D19: =IFERROR(__xludf.DUMMYFUNCTION("""COMPUTED_VALUE"""),"Ropa") -> Ropa | E19: =IFERROR(__xludf.DUMMYFUNCTION("""COMPUTED_VALUE"""),"$17,77") -> $17,77 | F19: =IFERROR(__xludf.DUMMYFUNCTION("""COMPUTED_VALUE"""),"$32,90") -> $32,90
A20: =IFERROR(__xludf.DUMMYFUNCTION("""COMPUTED_VALUE"""),"PR019") -> PR019 | B20: =IFERROR(__xludf.DUMMYFUNCTION("""COMPUTED_VALUE"""),"Cinturón") -> Cinturón | C20: =IFERROR(__xludf.DUMMYFUNCTION("""COMPUTED_VALUE"""),"Única") -> Única | D20: =IFERROR(__xludf.DUMMYFUNCTION("""COMPUTED_VALUE"""),"Accesorios") -> Accesorios | E20: =IFERROR(__xludf.DUMMYFUNCTION("""COMPUTED_VALUE"""),"$34,43") -> $34,43 | F20: =IFERROR(__xludf.DUMMYFUNCTION("""COMPUTED_VALUE"""),"$49,90") -> $49,90
A21: =IFERROR(__xludf.DUMMYFUNCTION("""COMPUTED_VALUE"""),"PR020") -> PR020 | B21: =IFERROR(__xludf.DUMMYFUNCTION("""COMPUTED_VALUE"""),"Chaqueta de cuero") -> Chaqueta de cuero | C21: =IFERROR(__xludf.DUMMYFUNCTION("""COMPUTED_VALUE"""),"S") -> S | D21: =IFERROR(__xludf.DUMMYFUNCTION("""COMPUTED_VALUE"""),"Ropa") -> Ropa | E21: =IFERROR(__xludf.DUMMYFUNCTION("""COMPUTED_VALUE"""),"$164,95") -> $164,95 | F21: =IFERROR(__xludf.DUMMYFUNCTION("""COMPUTED_VALUE"""),"$299,90") -> $299,90
A22: =IFERROR(__xludf.DUMMYFUNCTION("""COMPUTED_VALUE"""),"PR021") -> PR021 | B22: =IFERROR(__xludf.DUMMYFUNCTION("""COMPUTED_VALUE"""),"Chaqueta de cuero") -> Chaqueta de cuero | C22: =IFERROR(__xludf.DUMMYFUNCTION("""COMPUTED_VALUE"""),"M") -> M | D22: =IFERROR(__xludf.DUMMYFUNCTION("""COMPUTED_VALUE"""),"Ropa") -> Ropa | E22: =IFERROR(__xludf.DUMMYFUNCTION("""COMPUTED_VALUE"""),"$178,71") -> $178,71 | F22: =IFERROR(__xludf.DUMMYFUNCTION("""COMPUTED_VALUE"""),"$302,90") -> $302,90
A23: =IFERROR(__xludf.DUMMYFUNCTION("""COMPUTED_VALUE"""),"PR022") -> PR022 | B23: =IFERROR(__xludf.DUMMYFUNCTION("""COMPUTED_VALUE"""),"Chaqueta de cuero") -> Chaqueta de cuero | C23: =IFERROR(__xludf.DUMMYFUNCTION("""COMPUTED_VALUE"""),"L") -> L | D23: =IFERROR(__xludf.DUMMYFUNCTION("""COMPUTED_VALUE"""),"Ropa") -> Ropa | E23: =IFERROR(__xludf.DUMMYFUNCTION("""COMPUTED_VALUE"""),"$186,00") -> $186,00 | F23: =IFERROR(__xludf.DUMMYFUNCTION("""COMPUTED_VALUE"""),"$300,00") -> $300,00
A24: =IFERROR(__xludf.DUMMYFUNCTION("""COMPUTED_VALUE"""),"PR023") -> PR023 | B24: =IFERROR(__xludf.DUMMYFUNCTION("""COMPUTED_VALUE"""),"Chaqueta de mezclilla") -> Chaqueta de mezclilla | C24: =IFERROR(__xludf.DUMMYFUNCTION("""COMPUTED_VALUE"""),"S") -> S | D24: =IFERROR(__xludf.DUMMYFUNCTION("""COMPUTED_VALUE"""),"Ropa") -> Ropa | E24: =IFERROR(__xludf.DUMMYFUNCTION("""COMPUTED_VALUE"""),"$167,43") -> $167,43 | F24: =IFERROR(__xludf.DUMMYFUNCTION("""COMPUTED_VALUE"""),"$249,90") -> $249,90
A25: =IFERROR(__xludf.DUMMYFUNCTION("""COMPUTED_VALUE"""),"PR024") -> PR024 | B25: =IFERROR(__xludf.DUMMYFUNCTION("""COMPUTED_VALUE"""),"Chaqueta de mezclilla") -> Chaqueta de mezclilla | C25: =IFERROR(__xludf.DUMMYFUNCTION("""COMPUTED_VALUE"""),"M") -> M | D25: =IFERROR(__xludf.DUMMYFUNCTION("""COMPUTED_VALUE"""),"Ropa") -> Ropa | E25: =IFERROR(__xludf.DUMMYFUNCTION("""COMPUTED_VALUE"""),"$168,94") -> $168,94 | F25: =IFERROR(__xludf.DUMMYFUNCTION("""COMPUTED_VALUE"""),"$259,90") -> $259,90
A26: =IFERROR(__xludf.DUMMYFUNCTION("""COMPUTED_VALUE"""),"PR025") -> PR025 | B26: =IFERROR(__xludf.DUMMYFUNCTION("""COMPUTED_VALUE"""),"Chaqueta de mezclilla") -> Chaqueta de mezclilla | C26: =IFERROR(__xludf.DUMMYFUNCTION("""COMPUTED_VALUE"""),"L") -> L | D26: =IFERROR(__xludf.DUMMYFUNCTION("""COMPUTED_VALUE"""),"Ropa") -> Ropa | E26: =IFERROR(__xludf.DUMMYFUNCTION("""COMPUTED_VALUE"""),"$155,95") -> $155,95 | F26: =IFERROR(__xludf.DUMMYFUNCTION("""COMPUTED_VALUE"""),"$299,90") -> $299,90
A27: =IFERROR(__xludf.DUMMYFUNCTION("""COMPUTED_VALUE"""),"PR026") -> PR026 | B27: =IFERROR(__xludf.DUMMYFUNCTION("""COMPUTED_VALUE"""),"Gafas cuadradas") -> Gafas cuadradas | C27: =IFERROR(__xludf.DUMMYFUNCTION("""COMPUTED_VALUE"""),"Única") -> Única | D27: =IFERROR(__xludf.DUMMYFUNCTION("""COMPUTED_VALUE"""),"Accesorios") -> Accesorios | E27: =IFERROR(__xludf.DUMMYFUNCTION("""COMPUTED_VALUE"""),"$199,44") -> $199,44 | F27: =IFERROR(__xludf.DUMMYFUNCTION("""COMPUTED_VALUE"""),"$349,90") -> $349,90
A28: =IFERROR(__xludf.DUMMYFUNCTION("""COMPUTED_VALUE"""),"PR027") -> PR027 | B28: =IFERROR(__xludf.DUMMYFUNCTION("""COMPUTED_VALUE"""),"Gafas redondas") -> Gafas redondas | C28: =IFERROR(__xludf.DUMMYFUNCTION("""COMPUTED_VALUE"""),"Única") -> Única | D28: =IFERROR(__xludf.DUMMYFUNCTION("""COMPUTED_VALUE"""),"Accesorios") -> Accesorios | E28: =IFERROR(__xludf.DUMMYFUNCTION("""COMPUTED_VALUE"""),"$66,00") -> $66,00 | F28: =IFERROR(__xludf.DUMMYFUNCTION("""COMPUTED_VALUE"""),"$120,00") -> $120,00
A29: =IFERROR(__xludf.DUMMYFUNCTION("""COMPUTED_VALUE"""),"PR028") -> PR028 | B29: =IFERROR(__xludf.DUMMYFUNCTION("""COMPUTED_VALUE"""),"Tenis Atitas") -> Tenis Atitas | C29: =IFERROR(__xludf.DUMMYFUNCTION("""COMPUTED_VALUE"""),36.0) -> 36 | D29: =IFERROR(__xludf.DUMMYFUNCTION("""COMPUTED_VALUE"""),"Calzado") -> Calzado | E29: =IFERROR(__xludf.DUMMYFUNCTION("""COMPUTED_VALUE"""),"$154,94") -> $154,94 | F29: =IFERROR(__xludf.DUMMYFUNCTION("""COMPUTED_VALUE"""),"$249,90") -> $249,90
A30: =IFERROR(__xludf.DUMMYFUNCTION("""COMPUTED_VALUE"""),"PR029") -> PR029 | B30: =IFERROR(__xludf.DUMMYFUNCTION("""COMPUTED_VALUE"""),"Tenis Atitas") -> Tenis Atitas | C30: =IFERROR(__xludf.DUMMYFUNCTION("""COMPUTED_VALUE"""),37.0) -> 37 | D30: =IFERROR(__xludf.DUMMYFUNCTION("""COMPUTED_VALUE"""),"Calzado") -> Calzado | E30: =IFERROR(__xludf.DUMMYFUNCTION("""COMPUTED_VALUE"""),"$145,35") -> $145,35 | F30: =IFERROR(__xludf.DUMMYFUNCTION("""COMPUTED_VALUE"""),"$255,00") -> $255,00
A31: =IFERROR(__xludf.DUMMYFUNCTION("""COMPUTED_VALUE"""),"PR030") -> PR030 | B31: =IFERROR(__xludf.DUMMYFUNCTION("""COMPUTED_VALUE"""),"Tenis Atitas") -> Tenis Atitas | C31: =IFERROR(__xludf.DUMMYFUNCTION("""COMPUTED_VALUE"""),38.0) -> 38 | D31: =IFERROR(__xludf.DUMMYFUNCTION("""COMPUTED_VALUE"""),"Calzado") -> Calzado | E31: =IFERROR(__xludf.DUMMYFUNCTION("""COMPUTED_VALUE"""),"$153,34") -> $153,34 | F31: =IFERROR(__xludf.DUMMYFUNCTION("""COMPUTED_VALUE"""),"$259,90") -> $259,90
A32: =IFERROR(__xludf.DUMMYFUNCTION("""COMPUTED_VALUE"""),"PR031") -> PR031 | B32: =IFERROR(__xludf.DUMMYFUNCTION("""COMPUTED_VALUE"""),"Tenis Chunky") -> Tenis Chunky | C32: =IFERROR(__xludf.DUMMYFUNCTION("""COMPUTED_VALUE"""),36.0) -> 36 | D32: =IFERROR(__xludf.DUMMYFUNCTION("""COMPUTED_VALUE"""),"Calzado") -> Calzado | E32: =IFERROR(__xludf.DUMMYFUNCTION("""COMPUTED_VALUE"""),"$156,80") -> $156,80 | F32: =IFERROR(__xludf.DUMMYFUNCTION("""COMPUTED_VALUE"""),"$245,00") -> $245,00
A33: =IFERROR(__xludf.DUMMYFUNCTION("""COMPUTED_VALUE"""),"PR032") -> PR032 | B33: =IFERROR(__xludf.DUMMYFUNCTION("""COMPUTED_VALUE"""),"Tenis Chunky") -> Tenis Chunky | C33: =IFERROR(__xludf.DUMMYFUNCTION("""COMPUTED_VALUE"""),37.0) -> 37 | D33: =IFERROR(__xludf.DUMMYFUNCTION("""COMPUTED_VALUE"""),"Calzado") -> Calzado | E33: =IFERROR(__xludf.DUMMYFUNCTION("""COMPUTED_VALUE"""),"$152,50") -> $152,50 | F33: =IFERROR(__xludf.DUMMYFUNCTION("""COMPUTED_VALUE"""),"$250,00") -> $250,00
A34: =IFERROR(__xludf.DUMMYFUNCTION("""COMPUTED_VALUE"""),"PR033") -> PR033 | B34: =IFERROR(__xludf.DUMMYFUNCTION("""COMPUTED_VALUE"""),"Tenis Chunky") -> Tenis Chunky | C34: =IFERROR(__xludf.DUMMYFUNCTION("""COMPUTED_VALUE"""),38.0) -> 38 | D34: =IFERROR(__xludf.DUMMYFUNCTION("""COMPUTED_VALUE"""),"Calzado") -> Calzado | E34: =IFERROR(__xludf.DUMMYFUNCTION("""COMPUTED_VALUE"""),"$153,34") -> $153,34 | F34: =IFERROR(__xludf.DUMMYFUNCTION("""COMPUTED_VALUE"""),"$259,90") -> $259,90
A35: =IFERROR(__xludf.DUMMYFUNCTION("""COMPUTED_VALUE"""),"PR034") -> PR034 | B35: =IFERROR(__xludf.DUMMYFUNCTION("""COMPUTED_VALUE"""),"Vestido corto") -> Vestido corto | C35: =IFERROR(__xludf.DUMMYFUNCTION("""COMPUTED_VALUE"""),"S") -> S | D35: =IFERROR(__xludf.DUMMYFUNCTION("""COMPUTED_VALUE"""),"Ropa") -> Ropa | E35: =IFERROR(__xludf.DUMMYFUNCTION("""COMPUTED_VALUE"""),"$59,33") -> $59,33 | F35: =IFERROR(__xludf.DUMMYFUNCTION("""COMPUTED_VALUE"""),"$89,90") -> $89,90
A36: =IFERROR(__xludf.DUMMYFUNCTION("""COMPUTED_VALUE"""),"PR035") -> PR035 | B36: =IFERROR(__xludf.DUMMYFUNCTION("""COMPUTED_VALUE"""),"Vestido corto") -> Vestido corto | C36: =IFERROR(__xludf.DUMMYFUNCTION("""COMPUTED_VALUE"""),"M") -> M | D36: =IFERROR(__xludf.DUMMYFUNCTION("""COMPUTED_VALUE"""),"Ropa") -> Ropa | E36: =IFERROR(__xludf.DUMMYFUNCTION("""COMPUTED_VALUE"""),"$46,61") -> $46,61 | F36: =IFERROR(__xludf.DUMMYFUNCTION("""COMPUTED_VALUE"""),"$91,40") -> $91,40
A37: =IFERROR(__xludf.DUMMYFUNCTION("""COMPUTED_VALUE"""),"PR036") -> PR036 | B37: =IFERROR(__xludf.DUMMYFUNCTION("""COMPUTED_VALUE"""),"Vestido corto") -> Vestido corto | C37: =IFERROR(__xludf.DUMMYFUNCTION("""COMPUTED_VALUE"""),"L") -> L | D37: =IFERROR(__xludf.DUMMYFUNCTION("""COMPUTED_VALUE"""),"Ropa") -> Ropa | E37: =IFERROR(__xludf.DUMMYFUNCTION("""COMPUTED_VALUE"""),"$52,36") -> $52,36 | F37: =IFERROR(__xludf.DUMMYFUNCTION("""COMPUTED_VALUE"""),"$93,50") -> $93,50
A38: =IFERROR(__xludf.DUMMYFUNCTION("""COMPUTED_VALUE"""),"PR037") -> PR037 | B38: =IFERROR(__xludf.DUMMYFUNCTION("""COMPUTED_VALUE"""),"Vestido largo") -> Vestido largo | C38: =IFERROR(__xludf.DUMMYFUNCTION("""COMPUTED_VALUE"""),"S") -> S | D38: =IFERROR(__xludf.DUMMYFUNCTION("""COMPUTED_VALUE"""),"Ropa") -> Ropa | E38: =IFERROR(__xludf.DUMMYFUNCTION("""COMPUTED_VALUE"""),"$70,00") -> $70,00 | F38: =IFERROR(__xludf.DUMMYFUNCTION("""COMPUTED_VALUE"""),"$140,00") -> $140,00
A39: =IFERROR(__xludf.DUMMYFUNCTION("""COMPUTED_VALUE"""),"PR038") -> PR038 | B39: =IFERROR(__xludf.DUMMYFUNCTION("""COMPUTED_VALUE"""),"Vestido largo") -> Vestido largo | C39: =IFERROR(__xludf.DUMMYFUNCTION("""COMPUTED_VALUE"""),"M") -> M | D39: =IFERROR(__xludf.DUMMYFUNCTION("""COMPUTED_VALUE"""),"Ropa") -> Ropa | E39: =IFERROR(__xludf.DUMMYFUNCTION("""COMPUTED_VALUE"""),"$98,60") -> $98,60 | F39: =IFERROR(__xludf.DUMMYFUNCTION("""COMPUTED_VALUE"""),"$142,90") -> $142,90
A40: =IFERROR(__xludf.DUMMYFUNCTION("""COMPUTED_VALUE"""),"PR039") -> PR039 | B40: =IFERROR(__xludf.DUMMYFUNCTION("""COMPUTED_VALUE"""),"Vestido largo") -> Vestido largo | C40: =IFERROR(__xludf.DUMMYFUNCTION("""COMPUTED_VALUE"""),"L") -> L | D40: =IFERROR(__xludf.DUMMYFUNCTION("""COMPUTED_VALUE"""),"Ropa") -> Ropa | E40: =IFERROR(__xludf.DUMMYFUNCTION("""COMPUTED_VALUE"""),"$90,52") -> $90,52 | F40: =IFERROR(__xludf.DUMMYFUNCTION("""COMPUTED_VALUE"""),"$146,00") -> $146,00
A41: =IFERROR(__xludf.DUMMYFUNCTION("""COMPUTED_VALUE"""),"PR040") -> PR040 | B41: =IFERROR(__xludf.DUMMYFUNCTION("""COMPUTED_VALUE"""),"Playera confort") -> Playera confort | C41: =IFERROR(__xludf.DUMMYFUNCTION("""COMPUTED_VALUE"""),"S") -> S | D41: =IFERROR(__xludf.DUMMYFUNCTION("""COMPUTED_VALUE"""),"Ropa") -> Ropa | E41: =IFERROR(__xludf.DUMMYFUNCTION("""COMPUTED_VALUE"""),"$46,90") -> $46,90 | F41: =IFERROR(__xludf.DUMMYFUNCTION("""COMPUTED_VALUE"""),"$70,00") -> $70,00
A42: =IFERROR(__xludf.DUMMYFUNCTION("""COMPUTED_VALUE"""),"PR041") -> PR041 | B42: =IFERROR(__xludf.DUMMYFUNCTION("""COMPUTED_VALUE"""),"Playera confort") -> Playera confort | C42: =IFERROR(__xludf.DUMMYFUNCTION("""COMPUTED_VALUE"""),"M") -> M | D42: =IFERROR(__xludf.DUMMYFUNCTION("""COMPUTED_VALUE"""),"Ropa") -> Ropa | E42: =IFERROR(__xludf.DUMMYFUNCTION("""COMPUTED_VALUE"""),"$34,04") -> $34,04 | F42: =IFERROR(__xludf.DUMMYFUNCTION("""COMPUTED_VALUE"""),"$54,90") -> $54,90
A43: =IFERROR(__xludf.DUMMYFUNCTION("""COMPUTED_VALUE"""),"PR042") -> PR042 | B43: =IFERROR(__xludf.DUMMYFUNCTION("""COMPUTED_VALUE"""),"Playera confort") -> Playera confort | C43: =IFERROR(__xludf.DUMMYFUNCTION("""COMPUTED_VALUE"""),"L") -> L | D43: =IFERROR(__xludf.DUMMYFUNCTION("""COMPUTED_VALUE"""),"Ropa") -> Ropa | E43: =IFERROR(__xludf.DUMMYFUNCTION("""COMPUTED_VALUE"""),"$29,65") -> $29,65 | F43: =IFERROR(__xludf.DUMMYFUNCTION("""COMPUTED_VALUE"""),"$54,90") -> $54,90
A44: =IFERROR(__xludf.DUMMYFUNCTION("""COMPUTED_VALUE"""),"PR043") -> PR043 | B44: =IFERROR(__xludf.DUMMYFUNCTION("""COMPUTED_VALUE"""),"Vestido floral") -> Vestido floral | C44: =IFERROR(__xludf.DUMMYFUNCTION("""COMPUTED_VALUE"""),"S") -> S | D44: =IFERROR(__xludf.DUMMYFUNCTION("""COMPUTED_VALUE"""),"Ropa") -> Ropa | E44: =IFERROR(__xludf.DUMMYFUNCTION("""COMPUTED_VALUE"""),"$37,70") -> $37,70 | F44: =IFERROR(__xludf.DUMMYFUNCTION("""COMPUTED_VALUE"""),"$72,50") -> $72,50
A45: =IFERROR(__xludf.DUMMYFUNCTION("""COMPUTED_VALUE"""),"PR044") -> PR044 | B45: =IFERROR(__xludf.DUMMYFUNCTION("""COMPUTED_VALUE"""),"Vestido floral") -> Vestido floral | C45: =IFERROR(__xludf.DUMMYFUNCTION("""COMPUTED_VALUE"""),"M") -> M | D45: =IFERROR(__xludf.DUMMYFUNCTION("""COMPUTED_VALUE"""),"Ropa") -> Ropa | E45: =IFERROR(__xludf.DUMMYFUNCTION("""COMPUTED_VALUE"""),"$50,03") -> $50,03 | F45: =IFERROR(__xludf.DUMMYFUNCTION("""COMPUTED_VALUE"""),"$72,50") -> $72,50
A46: =IFERROR(__xludf.DUMMYFUNCTION("""COMPUTED_VALUE"""),"PR045") -> PR045 | B46: =IFERROR(__xludf.DUMMYFUNCTION("""COMPUTED_VALUE"""),"Vestido floral") -> Vestido floral | C46: =IFERROR(__xludf.DUMMYFUNCTION("""COMPUTED_VALUE"""),"L") -> L | D46: =IFERROR(__xludf.DUMMYFUNCTION("""COMPUTED_VALUE"""),"Ropa") -> Ropa | E46: =IFERROR(__xludf.DUMMYFUNCTION("""COMPUTED_VALUE"""),"$42,78") -> $42,78 | F46: =IFERROR(__xludf.DUMMYFUNCTION("""COMPUTED_VALUE"""),"$72,50") -> $72,50
A47: =IFERROR(__xludf.DUMMYFUNCTION("""COMPUTED_VALUE"""),"PR046") -> PR046 | B47: =IFERROR(__xludf.DUMMYFUNCTION("""COMPUTED_VALUE"""),"Chaqueta de cuero") -> Chaqueta de cuero | C47: =IFERROR(__xludf.DUMMYFUNCTION("""COMPUTED_VALUE"""),"S") -> S | D47: =IFERROR(__xludf.DUMMYFUNCTION("""COMPUTED_VALUE"""),"Ropa") -> Ropa | E47: =IFERROR(__xludf.DUMMYFUNCTION("""COMPUTED_VALUE"""),"$171,04") -> $171,04 | F47: =IFERROR(__xludf.DUMMYFUNCTION("""COMPUTED_VALUE"""),"$289,90") -> $289,90
A48: =IFERROR(__xludf.DUMMYFUNCTION("""COMPUTED_VALUE"""),"PR047") -> PR047 | B48: =IFERROR(__xludf.DUMMYFUNCTION("""COMPUTED_VALUE"""),"Chaqueta de cuero") -> Chaqueta de cuero | C48: =IFERROR(__xludf.DUMMYFUNCTION("""COMPUTED_VALUE"""),"M") -> M | D48: =IFERROR(__xludf.DUMMYFUNCTION("""COMPUTED_VALUE"""),"Ropa") -> Ropa | E48: =IFERROR(__xludf.DUMMYFUNCTION("""COMPUTED_VALUE"""),"$194,23") -> $194,23 | F48: =IFERROR(__xludf.DUMMYFUNCTION("""COMPUTED_VALUE"""),"$289,90") -> $289,90
A49: =IFERROR(__xludf.DUMMYFUNCTION("""COMPUTED_VALUE"""),"PR048") -> PR048 | B49: =IFERROR(__xludf.DUMMYFUNCTION("""COMPUTED_VALUE"""),"Chaqueta de cuero") -> Chaqueta de cuero | C49: =IFERROR(__xludf.DUMMYFUNCTION("""COMPUTED_VALUE"""),"L") -> L | D49: =IFERROR(__xludf.DUMMYFUNCTION("""COMPUTED_VALUE"""),"Ropa") -> Ropa | E49: =IFERROR(__xludf.DUMMYFUNCTION("""COMPUTED_VALUE"""),"$171,04") -> $171,04 | F49: =IFERROR(__xludf.DUMMYFUNCTION("""COMPUTED_VALUE"""),"$289,90") -> $289,90
A50: =IFERROR(__xludf.DUMMYFUNCTION("""COMPUTED_VALUE"""),"PR049") -> PR049 | B50: =IFERROR(__xludf.DUMMYFUNCTION("""COMPUTED_VALUE"""),"Playera a rayas") -> Playera a rayas | C50: =IFERROR(__xludf.DUMMYFUNCTION("""COMPUTED_VALUE"""),"S") -> S | D50: =IFERROR(__xludf.DUMMYFUNCTION("""COMPUTED_VALUE"""),"Ropa") -> Ropa | E50: =IFERROR(__xludf.DUMMYFUNCTION("""COMPUTED_VALUE"""),"$18,75") -> $18,75 | F50: =IFERROR(__xludf.DUMMYFUNCTION("""COMPUTED_VALUE"""),"$32,90") -> $32,90
A51: =IFERROR(__xludf.DUMMYFUNCTION("""COMPUTED_VALUE"""),"PR050") -> PR050 | B51: =IFERROR(__xludf.DUMMYFUNCTION("""COMPUTED_VALUE"""),"Playera a rayas") -> Playera a rayas | C51: =IFERROR(__xludf.DUMMYFUNCTION("""COMPUTED_VALUE"""),"M") -> M | D51: =IFERROR(__xludf.DUMMYFUNCTION("""COMPUTED_VALUE"""),"Ropa") -> Ropa | E51: =IFERROR(__xludf.DUMMYFUNCTION("""COMPUTED_VALUE"""),"$22,37") -> $22,37 | F51: =IFERROR(__xludf.DUMMYFUNCTION("""COMPUTED_VALUE"""),"$32,90") -> $32,90
A52: =IFERROR(__xludf.DUMMYFUNCTION("""COMPUTED_VALUE"""),"PR051") -> PR051 | B52: =IFERROR(__xludf.DUMMYFUNCTION("""COMPUTED_VALUE"""),"Playera a rayas") -> Playera a rayas | C52: =IFERROR(__xludf.DUMMYFUNCTION("""COMPUTED_VALUE"""),"L") -> L | D52: =IFERROR(__xludf.DUMMYFUNCTION("""COMPUTED_VALUE"""),"Ropa") -> Ropa | E52: =IFERROR(__xludf.DUMMYFUNCTION("""COMPUTED_VALUE"""),"$20,73") -> $20,73 | F52: =IFERROR(__xludf.DUMMYFUNCTION("""COMPUTED_VALUE"""),"$32,90") -> $32,90
A53: =IFERROR(__xludf.DUMMYFUNCTION("""COMPUTED_VALUE"""),"PR052") -> PR052 | B53: =IFERROR(__xludf.DUMMYFUNCTION("""COMPUTED_VALUE"""),"Falda plisada") -> Falda plisada | C53: =IFERROR(__xludf.DUMMYFUNCTION("""COMPUTED_VALUE"""),"S") -> S | D53: =IFERROR(__xludf.DUMMYFUNCTION("""COMPUTED_VALUE"""),"Ropa") -> Ropa | E53: =IFERROR(__xludf.DUMMYFUNCTION("""COMPUTED_VALUE"""),"$31,94") -> $31,94 | F53: =IFERROR(__xludf.DUMMYFUNCTION("""COMPUTED_VALUE"""),"$49,90") -> $49,90
A54: =IFERROR(__xludf.DUMMYFUNCTION("""COMPUTED_VALUE"""),"PR053") -> PR053 | B54: =IFERROR(__xludf.DUMMYFUNCTION("""COMPUTED_VALUE"""),"Falda plisada") -> Falda plisada | C54: =IFERROR(__xludf.DUMMYFUNCTION("""COMPUTED_VALUE"""),"M") -> M | D54: =IFERROR(__xludf.DUMMYFUNCTION("""COMPUTED_VALUE"""),"Ropa") -> Ropa | E54: =IFERROR(__xludf.DUMMYFUNCTION("""COMPUTED_VALUE"""),"$28,94") -> $28,94 | F54: =IFERROR(__xludf.DUMMYFUNCTION("""COMPUTED_VALUE"""),"$49,90") -> $49,90
A55: =IFERROR(__xludf.DUMMYFUNCTION("""COMPUTED_VALUE"""),"PR054") -> PR054 | B55: =IFERROR(__xludf.DUMMYFUNCTION("""COMPUTED_VALUE"""),"Falda plisada") -> Falda plisada | C55: =IFERROR(__xludf.DUMMYFUNCTION("""COMPUTED_VALUE"""),"L") -> L | D55: =IFERROR(__xludf.DUMMYFUNCTION("""COMPUTED_VALUE"""),"Ropa") -> Ropa | E55: =IFERROR(__xludf.DUMMYFUNCTION("""COMPUTED_VALUE"""),"$34,93") -> $34,93 | F55: =IFERROR(__xludf.DUMMYFUNCTION("""COMPUTED_VALUE"""),"$49,90") -> $49,90
A56: =IFERROR(__xludf.DUMMYFUNCTION("""COMPUTED_VALUE"""),"PR055") -> PR055 | B56: =IFERROR(__xludf.DUMMYFUNCTION("""COMPUTED_VALUE"""),"Sandalia plana") -> Sandalia plana | C56: =IFERROR(__xludf.DUMMYFUNCTION("""COMPUTED_VALUE"""),35.0) -> 35 | D56: =IFERROR(__xludf.DUMMYFUNCTION("""COMPUTED_VALUE"""),"Calzado") -> Calzado | E56: =IFERROR(__xludf.DUMMYFUNCTION("""COMPUTED_VALUE"""),"$58,44") -> $58,44 | F56: =IFERROR(__xludf.DUMMYFUNCTION("""COMPUTED_VALUE"""),"$89,90") -> $89,90
A57: =IFERROR(__xludf.DUMMYFUNCTION("""COMPUTED_VALUE"""),"PR056") -> PR056 | B57: =IFERROR(__xludf.DUMMYFUNCTION("""COMPUTED_VALUE"""),"Sandalia plana") -> Sandalia plana | C57: =IFERROR(__xludf.DUMMYFUNCTION("""COMPUTED_VALUE"""),36.0) -> 36 | D57: =IFERROR(__xludf.DUMMYFUNCTION("""COMPUTED_VALUE"""),"Calzado") -> Calzado | E57: =IFERROR(__xludf.DUMMYFUNCTION("""COMPUTED_VALUE"""),"$45,85") -> $45,85 | F57: =IFERROR(__xludf.DUMMYFUNCTION("""COMPUTED_VALUE"""),"$89,90") -> $89,90
A58: =IFERROR(__xludf.DUMMYFUNCTION("""COMPUTED_VALUE"""),"PR057") -> PR057 | B58: =IFERROR(__xludf.DUMMYFUNCTION("""COMPUTED_VALUE"""),"Sandalia plana") -> Sandalia plana | C58: =IFERROR(__xludf.DUMMYFUNCTION("""COMPUTED_VALUE"""),37.0) -> 37 | D58: =IFERROR(__xludf.DUMMYFUNCTION("""COMPUTED_VALUE"""),"Calzado") -> Calzado | E58: =IFERROR(__xludf.DUMMYFUNCTION("""COMPUTED_VALUE"""),"$48,55") -> $48,55 | F58: =IFERROR(__xludf.DUMMYFUNCTION("""COMPUTED_VALUE"""),"$89,90") -> $89,90
A59: =IFERROR(__xludf.DUMMYFUNCTION("""COMPUTED_VALUE"""),"PR058") -> PR058 | B59: =IFERROR(__xludf.DUMMYFUNCTION("""COMPUTED_VALUE"""),"Pantalón de sastre") -> Pantalón de sastre | C59: =IFERROR(__xludf.DUMMYFUNCTION("""COMPUTED_VALUE"""),"S") -> S | D59: =IFERROR(__xludf.DUMMYFUNCTION("""COMPUTED_VALUE"""),"Ropa") -> Ropa | E59: =IFERROR(__xludf.DUMMYFUNCTION("""COMPUTED_VALUE"""),"$113,40") -> $113,40 | F59: =IFERROR(__xludf.DUMMYFUNCTION("""COMPUTED_VALUE"""),"$180,00") -> $180,00
A60: =IFERROR(__xludf.DUMMYFUNCTION("""COMPUTED_VALUE"""),"PR059") -> PR059 | B60: =IFERROR(__xludf.DUMMYFUNCTION("""COMPUTED_VALUE"""),"Pantalón de sastre") -> Pantalón de sastre | C60: =IFERROR(__xludf.DUMMYFUNCTION("""COMPUTED_VALUE"""),"M") -> M | D60: =IFERROR(__xludf.DUMMYFUNCTION("""COMPUTED_VALUE"""),"Ropa") -> Ropa | E60: =IFERROR(__xludf.DUMMYFUNCTION("""COMPUTED_VALUE"""),"$95,40") -> $95,40 | F60: =IFERROR(__xludf.DUMMYFUNCTION("""COMPUTED_VALUE"""),"$180,00") -> $180,00
A61: =IFERROR(__xludf.DUMMYFUNCTION("""COMPUTED_VALUE"""),"PR060") -> PR060 | B61: =IFERROR(__xludf.DUMMYFUNCTION("""COMPUTED_VALUE"""),"Pantalón de sastre") -> Pantalón de sastre | C61: =IFERROR(__xludf.DUMMYFUNCTION("""COMPUTED_VALUE"""),"L") -> L | D61: =IFERROR(__xludf.DUMMYFUNCTION("""COMPUTED_VALUE"""),"Ropa") -> Ropa | E61: =IFERROR(__xludf.DUMMYFUNCTION("""COMPUTED_VALUE"""),"$120,60") -> $120,60 | F61: =IFERROR(__xludf.DUMMYFUNCTION("""COMPUTED_VALUE"""),"$180,00") -> $180,00

Sheet Vendedores
A1: =IFERROR(__xludf.DUMMYFUNCTION("IMPORTRANGE(""https://docs.google.com/spreadsheets/d/1vaJzUnOrtKtLng2PhfFKCWSC4LAsqa8tmcEg1rv0FIM/"",""A1:D50"")"),"Código") -> Código | B1: =IFERROR(__xludf.DUMMYFUNCTION("""COMPUTED_VALUE"""),"Vendedor") -> Vendedor | C1: =IFERROR(__xludf.DUMMYFUNCTION("""COMPUTED_VALUE"""),"Ciudad") -> Ciudad | D1: =IFERROR(__xludf.DUMMYFUNCTION("""COMPUTED_VALUE"""),"Región") -> Región
A2: =IFERROR(__xludf.DUMMYFUNCTION("""COMPUTED_VALUE"""),"VD010") -> VD010 | B2: =IFERROR(__xludf.DUMMYFUNCTION("""COMPUTED_VALUE"""),"María Silva") -> María Silva | C2: =IFERROR(__xludf.DUMMYFUNCTION("""COMPUTED_VALUE"""),"San Juan de la Sierra") -> San Juan de la Sierra | D2: =IFERROR(__xludf.DUMMYFUNCTION("""COMPUTED_VALUE"""),"Región Central") -> Región Central
A3: =IFERROR(__xludf.DUMMYFUNCTION("""COMPUTED_VALUE"""),"VD011") -> VD011 | B3: =IFERROR(__xludf.DUMMYFUNCTION("""COMPUTED_VALUE"""),"Juan Santos") -> Juan Santos | C3: =IFERROR(__xludf.DUMMYFUNCTION("""COMPUTED_VALUE"""),"Vista Hermosa") -> Vista Hermosa | D3: =IFERROR(__xludf.DUMMYFUNCTION("""COMPUTED_VALUE"""),"Región Central") -> Región Central
A4: =IFERROR(__xludf.DUMMYFUNCTION("""COMPUTED_VALUE"""),"VD012") -> VD012 | B4: =IFERROR(__xludf.DUMMYFUNCTION("""COMPUTED_VALUE"""),"Ana Olmedo") -> Ana Olmedo | C4: =IFERROR(__xludf.DUMMYFUNCTION("""COMPUTED_VALUE"""),"Río Claro") -> Río Claro | D4: =IFERROR(__xludf.DUMMYFUNCTION("""COMPUTED_VALUE"""),"Región Central") -> Región Central
A5: =IFERROR(__xludf.DUMMYFUNCTION("""COMPUTED_VALUE"""),"VD013") -> VD013 | B5: =IFERROR(__xludf.DUMMYFUNCTION("""COMPUTED_VALUE"""),"Pedro Almonte") -> Pedro Almonte | C5: =IFERROR(__xludf.DUMMYFUNCTION("""COMPUTED_VALUE"""),"Santa Rosa del Valle") -> Santa Rosa del Valle | D5: =IFERROR(__xludf.DUMMYFUNCTION("""COMPUTED_VALUE"""),"Región Norte") -> Región Norte
A6: =IFERROR(__xludf.DUMMYFUNCTION("""COMPUTED_VALUE"""),"VD014") -> VD014 | B6: =IFERROR(__xludf.DUMMYFUNCTION("""COMPUTED_VALUE"""),"Carla Flores") -> Carla Flores | C6: =IFERROR(__xludf.DUMMYFUNCTION("""COMPUTED_VALUE"""),"Valle Escondido") -> Valle Escondido | D6: =IFERROR(__xludf.DUMMYFUNCTION("""COMPUTED_VALUE"""),"Región Andina") -> Región Andina
A7: =IFERROR(__xludf.DUMMYFUNCTION("""COMPUTED_VALUE"""),"VD015") -> VD015 | B7: =IFERROR(__xludf.DUMMYFUNCTION("""COMPUTED_VALUE"""),"Lucas Castillo") -> Lucas Castillo | C7: =IFERROR(__xludf.DUMMYFUNCTION("""COMPUTED_VALUE"""),"San Miguel de los Pinos") -> San Miguel de los Pinos | D7: =IFERROR(__xludf.DUMMYFUNCTION("""COMPUTED_VALUE"""),"Región Sur") -> Región Sur
A8: =IFERROR(__xludf.DUMMYFUNCTION("""COMPUTED_VALUE"""),"VD016") -> VD016 | B8: =IFERROR(__xludf.DUMMYFUNCTION("""COMPUTED_VALUE"""),"Beatriz Linares") -> Beatriz Linares | C8: =IFERROR(__xludf.DUMMYFUNCTION("""COMPUTED_VALUE"""),"Puerto Esperanza") -> Puerto Esperanza | D8: =IFERROR(__xludf.DUMMYFUNCTION("""COMPUTED_VALUE"""),"Región Sur") -> Región Sur
A9: =IFERROR(__xludf.DUMMYFUNCTION("""COMPUTED_VALUE"""),"VD017") -> VD017 | B9: =IFERROR(__xludf.DUMMYFUNCTION("""COMPUTED_VALUE"""),"Bruno Peralta") -> Bruno Peralta | C9: =IFERROR(__xludf.DUMMYFUNCTION("""COMPUTED_VALUE"""),"Costa Azul") -> Costa Azul | D9: =IFERROR(__xludf.DUMMYFUNCTION("""COMPUTED_VALUE"""),"Región Norte") -> Región Norte
A10: =IFERROR(__xludf.DUMMYFUNCTION("""COMPUTED_VALUE"""),"VD018") -> VD018 | B10: =IFERROR(__xludf.DUMMYFUNCTION("""COMPUTED_VALUE"""),"Leticia Rodríguez") -> Leticia Rodríguez | C10: =IFERROR(__xludf.DUMMYFUNCTION("""COMPUTED_VALUE"""),"Playa Blanca") -> Playa Blanca | D10: =IFERROR(__xludf.DUMMYFUNCTION("""COMPUTED_VALUE"""),"Región Norte") -> Región Norte
A11: =IFERROR(__xludf.DUMMYFUNCTION("""COMPUTED_VALUE"""),"VD019") -> VD019 | B11: =IFERROR(__xludf.DUMMYFUNCTION("""COMPUTED_VALUE"""),"Rafael Sosa") -> Rafael Sosa | C11: =IFERROR(__xludf.DUMMYFUNCTION("""COMPUTED_VALUE"""),"Selva Verde") -> Selva Verde | D11: =IFERROR(__xludf.DUMMYFUNCTION("""COMPUTED_VALUE"""),"Región Amazónica") -> Región Amazónica
A12: =IFERROR(__xludf.DUMMYFUNCTION("""COMPUTED_VALUE"""),"VD020") -> VD020 | B12: =IFERROR(__xludf.DUMMYFUNCTION("""COMPUTED_VALUE"""),"Gustavo Morales") -> Gustavo Morales | C12: =IFERROR(__xludf.DUMMYFUNCTION("""COMPUTED_VALUE"""),"Villa del Sol") -> Villa del Sol | D12: =IFERROR(__xludf.DUMMYFUNCTION("""COMPUTED_VALUE"""),"Región Central 2") -> Región Central 2
A13: =IFERROR(__xludf.DUMMYFUNCTION("""COMPUTED_VALUE"""),"VD021") -> VD021 | B13: =IFERROR(__xludf.DUMMYFUNCTION("""COMPUTED_VALUE"""),"Fernanda Méndez") -> Fernanda Méndez | C13: =IFERROR(__xludf.DUMMYFUNCTION("""COMPUTED_VALUE"""),"San Juan de la Sierra") -> San Juan de la Sierra | D13: =IFERROR(__xludf.DUMMYFUNCTION("""COMPUTED_VALUE"""),"Región Central") -> Región Central
A14: =IFERROR(__xludf.DUMMYFUNCTION("""COMPUTED_VALUE"""),"VD022") -> VD022 | B14: =IFERROR(__xludf.DUMMYFUNCTION("""COMPUTED_VALUE"""),"Santiago Linares") -> Santiago Linares | C14: =IFERROR(__xludf.DUMMYFUNCTION("""COMPUTED_VALUE"""),"Vista Hermosa") -> Vista Hermosa | D14: =IFERROR(__xludf.DUMMYFUNCTION("""COMPUTED_VALUE"""),"Región Central") -> Región Central
A15: =IFERROR(__xludf.DUMMYFUNCTION("""COMPUTED_VALUE"""),"VD023") -> VD023 | B15: =IFERROR(__xludf.DUMMYFUNCTION("""COMPUTED_VALUE"""),"Juliana Castro") -> Juliana Castro | C15: =IFERROR(__xludf.DUMMYFUNCTION("""COMPUTED_VALUE"""),"San Miguel de los Pinos") -> San Miguel de los Pinos | D15: =IFERROR(__xludf.DUMMYFUNCTION("""COMPUTED_VALUE"""),"Región Sur") -> Región Sur
A16: =IFERROR(__xludf.DUMMYFUNCTION("""COMPUTED_VALUE"""),"VD024") -> VD024 | B16: =IFERROR(__xludf.DUMMYFUNCTION("""COMPUTED_VALUE"""),"Marcos Rivera") -> Marcos Rivera | C16: =IFERROR(__xludf.DUMMYFUNCTION("""COMPUTED_VALUE"""),"Santa Rosa del Valle") -> Santa Rosa del Valle | D16: =IFERROR(__xludf.DUMMYFUNCTION("""COMPUTED_VALUE"""),"Región Norte") -> Región Norte
A17: =IFERROR(__xludf.DUMMYFUNCTION("""COMPUTED_VALUE"""),"VD025") -> VD025 | B17: =IFERROR(__xludf.DUMMYFUNCTION("""COMPUTED_VALUE"""),"Alina Santana") -> Alina Santana | C17: =IFERROR(__xludf.DUMMYFUNCTION("""COMPUTED_VALUE"""),"Playa Blanca") -> Playa Blanca | D17: =IFERROR(__xludf.DUMMYFUNCTION("""COMPUTED_VALUE"""),"Región Norte") -> Región Norte
A18: =IFERROR(__xludf.DUMMYFUNCTION("""COMPUTED_VALUE"""),"VD026") -> VD026 | B18: =IFERROR(__xludf.DUMMYFUNCTION("""COMPUTED_VALUE"""),"Daniel Fernández") -> Daniel Fernández | C18: =IFERROR(__xludf.DUMMYFUNCTION("""COMPUTED_VALUE"""),"Puerto Esperanza") -> Puerto Esperanza | D18: =IFERROR(__xludf.DUMMYFUNCTION("""COMPUTED_VALUE"""),"Región Sur") -> Región Sur
A19: =IFERROR(__xludf.DUMMYFUNCTION("""COMPUTED_VALUE"""),"VD027") -> VD027 | B19: =IFERROR(__xludf.DUMMYFUNCTION("""COMPUTED_VALUE"""),"Patricia Cortés") -> Patricia Cortés | C19: =IFERROR(__xludf.DUMMYFUNCTION("""COMPUTED_VALUE"""),"Costa Azul") -> Costa Azul | D19: =IFERROR(__xludf.DUMMYFUNCTION("""COMPUTED_VALUE"""),"Región Norte") -> Región Norte
A20: =IFERROR(__xludf.DUMMYFUNCTION("""COMPUTED_VALUE"""),"VD028") -> VD028 | B20: =IFERROR(__xludf.DUMMYFUNCTION("""COMPUTED_VALUE"""),"Rodrigo Almonte") -> Rodrigo Almonte | C20: =IFERROR(__xludf.DUMMYFUNCTION("""COMPUTED_VALUE"""),"Valle Escondido") -> Valle Escondido | D20: =IFERROR(__xludf.DUMMYFUNCTION("""COMPUTED_VALUE"""),"Región Andina") -> Región Andina
A21: =IFERROR(__xludf.DUMMYFUNCTION("""COMPUTED_VALUE"""),"VD029") -> VD029 | B21: =IFERROR(__xludf.DUMMYFUNCTION("""COMPUTED_VALUE"""),"Gabriela Sosa") -> Gabriela Sosa | C21: =IFERROR(__xludf.DUMMYFUNCTION("""COMPUTED_VALUE"""),"Selva Verde") -> Selva Verde | D21: =IFERROR(__xludf.DUMMYFUNCTION("""COMPUTED_VALUE"""),"Región Amazónica") -> Región Amazónica
A22: =IFERROR(__xludf.DUMMYFUNCTION("""COMPUTED_VALUE"""),"VD030") -> VD030 | B22: =IFERROR(__xludf.DUMMYFUNCTION("""COMPUTED_VALUE"""),"Leonardo Rojas") -> Leonardo Rojas | C22: =IFERROR(__xludf.DUMMYFUNCTION("""COMPUTED_VALUE"""),"Villa del Sol") -> Villa del Sol | D22: =IFERROR(__xludf.DUMMYFUNCTION("""COMPUTED_VALUE"""),"Región Central 2") -> Región Central 2
A23: =IFERROR(__xludf.DUMMYFUNCTION("""COMPUTED_VALUE"""),"VD031") -> VD031 | B23: =IFERROR(__xludf.DUMMYFUNCTION("""COMPUTED_VALUE"""),"Vanessa Martínez") -> Vanessa Martínez | C23: =IFERROR(__xludf.DUMMYFUNCTION("""COMPUTED_VALUE"""),"Monte Verde") -> Monte Verde | D23: =IFERROR(__xludf.DUMMYFUNCTION("""COMPUTED_VALUE"""),"Región Central 2") -> Región Central 2
A24: =IFERROR(__xludf.DUMMYFUNCTION("""COMPUTED_VALUE"""),"VD032") -> VD032 | B24: =IFERROR(__xludf.DUMMYFUNCTION("""COMPUTED_VALUE"""),"Eduardo Almonte") -> Eduardo Almonte | C24: =IFERROR(__xludf.DUMMYFUNCTION("""COMPUTED_VALUE"""),"Tierra Colorada") -> Tierra Colorada | D24: =IFERROR(__xludf.DUMMYFUNCTION("""COMPUTED_VALUE"""),"Región Central 2") -> Región Central 2
A25: =IFERROR(__xludf.DUMMYFUNCTION("""COMPUTED_VALUE"""),"VD033") -> VD033 | B25: =IFERROR(__xludf.DUMMYFUNCTION("""COMPUTED_VALUE"""),"Renata Flores") -> Renata Flores | C25: =IFERROR(__xludf.DUMMYFUNCTION("""COMPUTED_VALUE"""),"Altos del Sur") -> Altos del Sur | D25: =IFERROR(__xludf.DUMMYFUNCTION("""COMPUTED_VALUE"""),"Región Central 2") -> Región Central 2
A26: =IFERROR(__xludf.DUMMYFUNCTION("""COMPUTED_VALUE"""),"VD034") -> VD034 | B26: =IFERROR(__xludf.DUMMYFUNCTION("""COMPUTED_VALUE"""),"Felipe Carvajal") -> Felipe Carvajal | C26: =IFERROR(__xludf.DUMMYFUNCTION("""COMPUTED_VALUE"""),"San Pedro del Río") -> San Pedro del Río | D26: =IFERROR(__xludf.DUMMYFUNCTION("""COMPUTED_VALUE"""),"Región Sur 2") -> Región Sur 2
A27: =IFERROR(__xludf.DUMMYFUNCTION("""COMPUTED_VALUE"""),"VD035") -> VD035 | B27: =IFERROR(__xludf.DUMMYFUNCTION("""COMPUTED_VALUE"""),"Carolina Méndez") -> Carolina Méndez | C27: =IFERROR(__xludf.DUMMYFUNCTION("""COMPUTED_VALUE"""),"Valle de los Robles") -> Valle de los Robles | D27: =IFERROR(__xludf.DUMMYFUNCTION("""COMPUTED_VALUE"""),"Región Central 2") -> Región Central 2
A28: =IFERROR(__xludf.DUMMYFUNCTION("""COMPUTED_VALUE"""),"VD036") -> VD036 | B28: =IFERROR(__xludf.DUMMYFUNCTION("""COMPUTED_VALUE"""),"Ricardo Sosa") -> Ricardo Sosa | C28: =IFERROR(__xludf.DUMMYFUNCTION("""COMPUTED_VALUE"""),"Puerto Nuevo") -> Puerto Nuevo | D28: =IFERROR(__xludf.DUMMYFUNCTION("""COMPUTED_VALUE"""),"Región Central 2") -> Región Central 2
A29: =IFERROR(__xludf.DUMMYFUNCTION("""COMPUTED_VALUE"""),"VD037") -> VD037 | B29: =IFERROR(__xludf.DUMMYFUNCTION("""COMPUTED_VALUE"""),"Amanda Silva") -> Amanda Silva | C29: =IFERROR(__xludf.DUMMYFUNCTION("""COMPUTED_VALUE"""),"Villa Esperanza") -> Villa Esperanza | D29: =IFERROR(__xludf.DUMMYFUNCTION("""COMPUTED_VALUE"""),"Región Sur 2") -> Región Sur 2
A30: =IFERROR(__xludf.DUMMYFUNCTION("""COMPUTED_VALUE"""),"VD038") -> VD038 | B30: =IFERROR(__xludf.DUMMYFUNCTION("""COMPUTED_VALUE"""),"Bruno Olmedo") -> Bruno Olmedo | C30: =IFERROR(__xludf.DUMMYFUNCTION("""COMPUTED_VALUE"""),"Tierra Fertil") -> Tierra Fertil | D30: =IFERROR(__xludf.DUMMYFUNCTION("""COMPUTED_VALUE"""),"Región Sur 2") -> Región Sur 2
A31: =IFERROR(__xludf.DUMMYFUNCTION("""COMPUTED_VALUE"""),"VD039") -> VD039 | B31: =IFERROR(__xludf.DUMMYFUNCTION("""COMPUTED_VALUE"""),"Daniela Rodríguez") -> Daniela Rodríguez | C31: =IFERROR(__xludf.DUMMYFUNCTION("""COMPUTED_VALUE"""),"Bahía del Sol") -> Bahía del Sol | D31: =IFERROR(__xludf.DUMMYFUNCTION("""COMPUTED_VALUE"""),"Región Central 2") -> Región Central 2
A32: =IFERROR(__xludf.DUMMYFUNCTION("""COMPUTED_VALUE"""),"VD040") -> VD040 | B32: =IFERROR(__xludf.DUMMYFUNCTION("""COMPUTED_VALUE"""),"Tatiana Montero") -> Tatiana Montero | C32: =IFERROR(__xludf.DUMMYFUNCTION("""COMPUTED_VALUE"""),"Ciudad Industrial") -> Ciudad Industrial | D32: =IFERROR(__xludf.DUMMYFUNCTION("""COMPUTED_VALUE"""),"Región Central 2") -> Región Central 2
A33: =IFERROR(__xludf.DUMMYFUNCTION("""COMPUTED_VALUE"""),"VD041") -> VD041 | B33: =IFERROR(__xludf.DUMMYFUNCTION("""COMPUTED_VALUE"""),"Alejandro Ramos") -> Alejandro Ramos | C33: =IFERROR(__xludf.DUMMYFUNCTION("""COMPUTED_VALUE"""),"San Martín de las Rosas") -> San Martín de las Rosas | D33: =IFERROR(__xludf.DUMMYFUNCTION("""COMPUTED_VALUE"""),"Región Central 2") -> Región Central 2
A34: =IFERROR(__xludf.DUMMYFUNCTION("""COMPUTED_VALUE"""),"VD042") -> VD042 | B34: =IFERROR(__xludf.DUMMYFUNCTION("""COMPUTED_VALUE"""),"Priscila Duarte") -> Priscila Duarte | C34: =IFERROR(__xludf.DUMMYFUNCTION("""COMPUTED_VALUE"""),"Villa Comercial") -> Villa Comercial | D34: =IFERROR(__xludf.DUMMYFUNCTION("""COMPUTED_VALUE"""),"Región Central 2") -> Región Central 2
A35: =IFERROR(__xludf.DUMMYFUNCTION("""COMPUTED_VALUE"""),"VD043") -> VD043 | B35: =IFERROR(__xludf.DUMMYFUNCTION("""COMPUTED_VALUE"""),"Carlos Henríquez") -> Carlos Henríquez | C35: =IFERROR(__xludf.DUMMYFUNCTION("""COMPUTED_VALUE"""),"Ciudad Aeropuerto") -> Ciudad Aeropuerto | D35: =IFERROR(__xludf.DUMMYFUNCTION("""COMPUTED_VALUE"""),"Región Central 2") -> Región Central 2
A36: =IFERROR(__xludf.DUMMYFUNCTION("""COMPUTED_VALUE"""),"VD044") -> VD044 | B36: =IFERROR(__xludf.DUMMYFUNCTION("""COMPUTED_VALUE"""),"Silvia Menéndez") -> Silvia Menéndez | C36: =IFERROR(__xludf.DUMMYFUNCTION("""COMPUTED_VALUE"""),"San Antonio del Monte") -> San Antonio del Monte | D36: =IFERROR(__xludf.DUMMYFUNCTION("""COMPUTED_VALUE"""),"Región Central 2") -> Región Central 2
A37: =IFERROR(__xludf.DUMMYFUNCTION("""COMPUTED_VALUE"""),"VD045") -> VD045 | B37: =IFERROR(__xludf.DUMMYFUNCTION("""COMPUTED_VALUE"""),"Rafael Morales") -> Rafael Morales | C37: =IFERROR(__xludf.DUMMYFUNCTION("""COMPUTED_VALUE"""),"Valle Dorado") -> Valle Dorado | D37: =IFERROR(__xludf.DUMMYFUNCTION("""COMPUTED_VALUE"""),"Región Central 2") -> Región Central 2
A38: =IFERROR(__xludf.DUMMYFUNCTION("""COMPUTED_VALUE"""),"VD046") -> VD046 | B38: =IFERROR(__xludf.DUMMYFUNCTION("""COMPUTED_VALUE"""),"Juliana Pérez") -> Juliana Pérez | C38: =IFERROR(__xludf.DUMMYFUNCTION("""COMPUTED_VALUE"""),"Santa Cruz de la Sierra") -> Santa Cruz de la Sierra | D38: =IFERROR(__xludf.DUMMYFUNCTION("""COMPUTED_VALUE"""),"Región Central 2") -> Región Central 2
A39: =IFERROR(__xludf.DUMMYFUNCTION("""COMPUTED_VALUE"""),"VD047") -> VD047 | B39: =IFERROR(__xludf.DUMMYFUNCTION("""COMPUTED_VALUE"""),"Andrés López") -> Andrés López | C39: =IFERROR(__xludf.DUMMYFUNCTION("""COMPUTED_VALUE"""),"Villa Progreso") -> Villa Progreso | D39: =IFERROR(__xludf.DUMMYFUNCTION("""COMPUTED_VALUE"""),"Región Central 2") -> Región Central 2
A40: =IFERROR(__xludf.DUMMYFUNCTION("""COMPUTED_VALUE"""),"VD048") -> VD048 | B40: =IFERROR(__xludf.DUMMYFUNCTION("""COMPUTED_VALUE"""),"Mariana Castro") -> Mariana Castro | C40: =IFERROR(__xludf.DUMMYFUNCTION("""COMPUTED_VALUE"""),"San Carlos del Valle") -> San Carlos del Valle | D40: =IFERROR(__xludf.DUMMYFUNCTION("""COMPUTED_VALUE"""),"Región Central 2") -> Región Central 2
A41: =IFERROR(__xludf.DUMMYFUNCTION("""COMPUTED_VALUE"""),"VD049") -> VD049 | B41: =IFERROR(__xludf.DUMMYFUNCTION("""COMPUTED_VALUE"""),"Fernando Navarro") -> Fernando Navarro | C41: =IFERROR(__xludf.DUMMYFUNCTION("""COMPUTED_VALUE"""),"Colinas Verdes") -> Colinas Verdes | D41: =IFERROR(__xludf.DUMMYFUNCTION("""COMPUTED_VALUE"""),"Región Central 2") -> Región Central 2

Sheet Datos Ventas CSV
A1: =IFERROR(__xludf.DUMMYFUNCTION("query(importdata(""https://drive.google.com/uc?export=download&id=1U1AR8u12BH41vb1Uvb31WaPc4KTs4qQo&v=2"","";""),""SELECT Col7, Col8, Col9, Col10"")"),"Material") -> Material | B1: =IFERROR(__xludf.DUMMYFUNCTION("""COMPUTED_VALUE"""),"Vendedor") -> Vendedor | C1: =IFERROR(__xludf.DUMMYFUNCTION("""COMPUTED_VALUE"""),"Cantidad") -> Cantidad | D1: =IFERROR(__xludf.DUMMYFUNCTION("""COMPUTED_VALUE"""),"Valor en Moneda Local") -> Valor en Moneda Local
A2: =IFERROR(__xludf.DUMMYFUNCTION("""COMPUTED_VALUE"""),"PR001") -> PR001 | B2: =IFERROR(__xludf.DUMMYFUNCTION("""COMPUTED_VALUE"""),"VD026") -> VD026 | C2: =IFERROR(__xludf.DUMMYFUNCTION("""COMPUTED_VALUE"""),27.0) -> 27 | D2: =IFERROR(__xludf.DUMMYFUNCTION("""COMPUTED_VALUE"""),1957.23) -> 1957.23
A3: =IFERROR(__xludf.DUMMYFUNCTION("""COMPUTED_VALUE"""),"PR058") -> PR058 | B3: =IFERROR(__xludf.DUMMYFUNCTION("""COMPUTED_VALUE"""),"VD037") -> VD037 | C3: =IFERROR(__xludf.DUMMYFUNCTION("""COMPUTED_VALUE"""),14.0) -> 14 | D3: =IFERROR(__xludf.DUMMYFUNCTION("""COMPUTED_VALUE"""),2872.8) -> 2872.8
A4: =IFERROR(__xludf.DUMMYFUNCTION("""COMPUTED_VALUE"""),"PR020") -> PR020 | B4: =IFERROR(__xludf.DUMMYFUNCTION("""COMPUTED_VALUE"""),"VD034") -> VD034 | C4: =IFERROR(__xludf.DUMMYFUNCTION("""COMPUTED_VALUE"""),20.0) -> 20 | D4: =IFERROR(__xludf.DUMMYFUNCTION("""COMPUTED_VALUE"""),7137.62) -> 7137.62
A5: =IFERROR(__xludf.DUMMYFUNCTION("""COMPUTED_VALUE"""),"PR035") -> PR035 | B5: =IFERROR(__xludf.DUMMYFUNCTION("""COMPUTED_VALUE"""),"VD021") -> VD021 | C5: =IFERROR(__xludf.DUMMYFUNCTION("""COMPUTED_VALUE"""),24.0) -> 24 | D5: =IFERROR(__xludf.DUMMYFUNCTION("""COMPUTED_VALUE"""),2478.77) -> 2478.77
A6: =IFERROR(__xludf.DUMMYFUNCTION("""COMPUTED_VALUE"""),"PR016") -> PR016 | B6: =IFERROR(__xludf.DUMMYFUNCTION("""COMPUTED_VALUE"""),"VD027") -> VD027 | C6: =IFERROR(__xludf.DUMMYFUNCTION("""COMPUTED_VALUE"""),10.0) -> 10 | D6: =IFERROR(__xludf.DUMMYFUNCTION("""COMPUTED_VALUE"""),303.03) -> 303.03
A7: =IFERROR(__xludf.DUMMYFUNCTION("""COMPUTED_VALUE"""),"PR051") -> PR051 | B7: =IFERROR(__xludf.DUMMYFUNCTION("""COMPUTED_VALUE"""),"VD048") -> VD048 | C7: =IFERROR(__xludf.DUMMYFUNCTION("""COMPUTED_VALUE"""),18.0) -> 18 | D7: =IFERROR(__xludf.DUMMYFUNCTION("""COMPUTED_VALUE"""),704.72) -> 704.72
A8: =IFERROR(__xludf.DUMMYFUNCTION("""COMPUTED_VALUE"""),"PR042") -> PR042 | B8: =IFERROR(__xludf.DUMMYFUNCTION("""COMPUTED_VALUE"""),"VD025") -> VD025 | C8: =IFERROR(__xludf.DUMMYFUNCTION("""COMPUTED_VALUE"""),27.0) -> 27 | D8: =IFERROR(__xludf.DUMMYFUNCTION("""COMPUTED_VALUE"""),1778.76) -> 1778.76
A9: =IFERROR(__xludf.DUMMYFUNCTION("""COMPUTED_VALUE"""),"PR050") -> PR050 | B9: =IFERROR(__xludf.DUMMYFUNCTION("""COMPUTED_VALUE"""),"VD037") -> VD037 | C9: =IFERROR(__xludf.DUMMYFUNCTION("""COMPUTED_VALUE"""),14.0) -> 14 | D9: =IFERROR(__xludf.DUMMYFUNCTION("""COMPUTED_VALUE"""),511.27) -> 511.27
A10: =IFERROR(__xludf.DUMMYFUNCTION("""COMPUTED_VALUE"""),"PR001") -> PR001 | B10: =IFERROR(__xludf.DUMMYFUNCTION("""COMPUTED_VALUE"""),"VD036") -> VD036 | C10: =IFERROR(__xludf.DUMMYFUNCTION("""COMPUTED_VALUE"""),12.0) -> 12 | D10: =IFERROR(__xludf.DUMMYFUNCTION("""COMPUTED_VALUE"""),901.51) -> 901.51
A11: =IFERROR(__xludf.DUMMYFUNCTION("""COMPUTED_VALUE"""),"PR059") -> PR059 | B11: =IFERROR(__xludf.DUMMYFUNCTION("""COMPUTED_VALUE"""),"VD049") -> VD049 | C11: =IFERROR(__xludf.DUMMYFUNCTION("""COMPUTED_VALUE"""),27.0) -> 27 | D11: =IFERROR(__xludf.DUMMYFUNCTION("""COMPUTED_VALUE"""),5783.4) -> 5783.4
A12: =IFERROR(__xludf.DUMMYFUNCTION("""COMPUTED_VALUE"""),"PR019") -> PR019 | B12: =IFERROR(__xludf.DUMMYFUNCTION("""COMPUTED_VALUE"""),"VD021") -> VD021 | C12: =IFERROR(__xludf.DUMMYFUNCTION("""COMPUTED_VALUE"""),15.0) -> 15 | D12: =IFERROR(__xludf.DUMMYFUNCTION("""COMPUTED_VALUE"""),845.81) -> 845.81
A13: =IFERROR(__xludf.DUMMYFUNCTION("""COMPUTED_VALUE"""),"PR055") -> PR055 | B13: =IFERROR(__xludf.DUMMYFUNCTION("""COMPUTED_VALUE"""),"VD015") -> VD015 | C13: =IFERROR(__xludf.DUMMYFUNCTION("""COMPUTED_VALUE"""),18.0) -> 18 | D13: =IFERROR(__xludf.DUMMYFUNCTION("""COMPUTED_VALUE"""),1844.75) -> 1844.75
A14: =IFERROR(__xludf.DUMMYFUNCTION("""COMPUTED_VALUE"""),"PR052") -> PR052 | B14: =IFERROR(__xludf.DUMMYFUNCTION("""COMPUTED_VALUE"""),"VD012") -> VD012 | C14: =IFERROR(__xludf.DUMMYFUNCTION("""COMPUTED_VALUE"""),16.0) -> 16 | D14: =IFERROR(__xludf.DUMMYFUNCTION("""COMPUTED_VALUE"""),950.1) -> 950.1
A15: =IFERROR(__xludf.DUMMYFUNCTION("""COMPUTED_VALUE"""),"PR052") -> PR052 | B15: =IFERROR(__xludf.DUMMYFUNCTION("""COMPUTED_VALUE"""),"VD043") -> VD043 | C15: =IFERROR(__xludf.DUMMYFUNCTION("""COMPUTED_VALUE"""),9.0) -> 9 | D15: =IFERROR(__xludf.DUMMYFUNCTION("""COMPUTED_VALUE"""),511.97) -> 511.97
A16: =IFERROR(__xludf.DUMMYFUNCTION("""COMPUTED_VALUE"""),"PR014") -> PR014 | B16: =IFERROR(__xludf.DUMMYFUNCTION("""COMPUTED_VALUE"""),"VD020") -> VD020 | C16: =IFERROR(__xludf.DUMMYFUNCTION("""COMPUTED_VALUE"""),9.0) -> 9 | D16: =IFERROR(__xludf.DUMMYFUNCTION("""COMPUTED_VALUE"""),420.15) -> 420.15
A17: =IFERROR(__xludf.DUMMYFUNCTION("""COMPUTED_VALUE"""),"PR055") -> PR055 | B17: =IFERROR(__xludf.DUMMYFUNCTION("""COMPUTED_VALUE"""),"VD019") -> VD019 | C17: =IFERROR(__xludf.DUMMYFUNCTION("""COMPUTED_VALUE"""),9.0) -> 9 | D17: =IFERROR(__xludf.DUMMYFUNCTION("""COMPUTED_VALUE"""),890.01) -> 890.01
A18: =IFERROR(__xludf.DUMMYFUNCTION("""COMPUTED_VALUE"""),"PR045") -> PR045 | B18: =IFERROR(__xludf.DUMMYFUNCTION("""COMPUTED_VALUE"""),"VD041") -> VD041 | C18: =IFERROR(__xludf.DUMMYFUNCTION("""COMPUTED_VALUE"""),14.0) -> 14 | D18: =IFERROR(__xludf.DUMMYFUNCTION("""COMPUTED_VALUE"""),1157.1) -> 1157.1
A19: =IFERROR(__xludf.DUMMYFUNCTION("""COMPUTED_VALUE"""),"PR053") -> PR053 | B19: =IFERROR(__xludf.DUMMYFUNCTION("""COMPUTED_VALUE"""),"VD013") -> VD013 | C19: =IFERROR(__xludf.DUMMYFUNCTION("""COMPUTED_VALUE"""),9.0) -> 9 | D19: =IFERROR(__xludf.DUMMYFUNCTION("""COMPUTED_VALUE"""),511.97) -> 511.97
A20: =IFERROR(__xludf.DUMMYFUNCTION("""COMPUTED_VALUE"""),"PR054") -> PR054 | B20: =IFERROR(__xludf.DUMMYFUNCTION("""COMPUTED_VALUE"""),"VD028") -> VD028 | C20: =IFERROR(__xludf.DUMMYFUNCTION("""COMPUTED_VALUE"""),9.0) -> 9 | D20: =IFERROR(__xludf.DUMMYFUNCTION("""COMPUTED_VALUE"""),538.92) -> 538.92
A21: =IFERROR(__xludf.DUMMYFUNCTION("""COMPUTED_VALUE"""),"PR020") -> PR020 | B21: =IFERROR(__xludf.DUMMYFUNCTION("""COMPUTED_VALUE"""),"VD047") -> VD047 | C21: =IFERROR(__xludf.DUMMYFUNCTION("""COMPUTED_VALUE"""),27.0) -> 27 | D21: =IFERROR(__xludf.DUMMYFUNCTION("""COMPUTED_VALUE"""),8907.03) -> 8907.03
A22: =IFERROR(__xludf.DUMMYFUNCTION("""COMPUTED_VALUE"""),"PR047") -> PR047 | B22: =IFERROR(__xludf.DUMMYFUNCTION("""COMPUTED_VALUE"""),"VD017") -> VD017 | C22: =IFERROR(__xludf.DUMMYFUNCTION("""COMPUTED_VALUE"""),12.0) -> 12 | D22: =IFERROR(__xludf.DUMMYFUNCTION("""COMPUTED_VALUE"""),4174.56) -> 4174.56
A23: =IFERROR(__xludf.DUMMYFUNCTION("""COMPUTED_VALUE"""),"PR047") -> PR047 | B23: =IFERROR(__xludf.DUMMYFUNCTION("""COMPUTED_VALUE"""),"VD040") -> VD040 | C23: =IFERROR(__xludf.DUMMYFUNCTION("""COMPUTED_VALUE"""),15.0) -> 15 | D23: =IFERROR(__xludf.DUMMYFUNCTION("""COMPUTED_VALUE"""),4826.84) -> 4826.84
A24: =IFERROR(__xludf.DUMMYFUNCTION("""COMPUTED_VALUE"""),"PR003") -> PR003 | B24: =IFERROR(__xludf.DUMMYFUNCTION("""COMPUTED_VALUE"""),"VD033") -> VD033 | C24: =IFERROR(__xludf.DUMMYFUNCTION("""COMPUTED_VALUE"""),8.0) -> 8 | D24: =IFERROR(__xludf.DUMMYFUNCTION("""COMPUTED_VALUE"""),629.59) -> 629.59
A25: =IFERROR(__xludf.DUMMYFUNCTION("""COMPUTED_VALUE"""),"PR058") -> PR058 | B25: =IFERROR(__xludf.DUMMYFUNCTION("""COMPUTED_VALUE"""),"VD014") -> VD014 | C25: =IFERROR(__xludf.DUMMYFUNCTION("""COMPUTED_VALUE"""),21.0) -> 21 | D25: =IFERROR(__xludf.DUMMYFUNCTION("""COMPUTED_VALUE"""),4536.0) -> 4536
A26: =IFERROR(__xludf.DUMMYFUNCTION("""COMPUTED_VALUE"""),"PR049") -> PR049 | B26: =IFERROR(__xludf.DUMMYFUNCTION("""COMPUTED_VALUE"""),"VD029") -> VD029 | C26: =IFERROR(__xludf.DUMMYFUNCTION("""COMPUTED_VALUE"""),12.0) -> 12 | D26: =IFERROR(__xludf.DUMMYFUNCTION("""COMPUTED_VALUE"""),473.76) -> 473.76
A27: =IFERROR(__xludf.DUMMYFUNCTION("""COMPUTED_VALUE"""),"PR035") -> PR035 | B27: =IFERROR(__xludf.DUMMYFUNCTION("""COMPUTED_VALUE"""),"VD010") -> VD010 | C27: =IFERROR(__xludf.DUMMYFUNCTION("""COMPUTED_VALUE"""),27.0) -> 27 | D27: =IFERROR(__xludf.DUMMYFUNCTION("""COMPUTED_VALUE"""),2763.94) -> 2763.94
A28: =IFERROR(__xludf.DUMMYFUNCTION("""COMPUTED_VALUE"""),"PR003") -> PR003 | B28: =IFERROR(__xludf.DUMMYFUNCTION("""COMPUTED_VALUE"""),"VD024") -> VD024 | C28: =IFERROR(__xludf.DUMMYFUNCTION("""COMPUTED_VALUE"""),18.0) -> 18 | D28: =IFERROR(__xludf.DUMMYFUNCTION("""COMPUTED_VALUE"""),1480.39) -> 1480.39
A29: =IFERROR(__xludf.DUMMYFUNCTION("""COMPUTED_VALUE"""),"PR006") -> PR006 | B29: =IFERROR(__xludf.DUMMYFUNCTION("""COMPUTED_VALUE"""),"VD021") -> VD021 | C29: =IFERROR(__xludf.DUMMYFUNCTION("""COMPUTED_VALUE"""),27.0) -> 27 | D29: =IFERROR(__xludf.DUMMYFUNCTION("""COMPUTED_VALUE"""),1249.67) -> 1249.67
A30: =IFERROR(__xludf.DUMMYFUNCTION("""COMPUTED_VALUE"""),"PR002") -> PR002 | B30: =IFERROR(__xludf.DUMMYFUNCTION("""COMPUTED_VALUE"""),"VD040") -> VD040 | C30: =IFERROR(__xludf.DUMMYFUNCTION("""COMPUTED_VALUE"""),24.0) -> 24 | D30: =IFERROR(__xludf.DUMMYFUNCTION("""COMPUTED_VALUE"""),1996.34) -> 1996.34
A31: =IFERROR(__xludf.DUMMYFUNCTION("""COMPUTED_VALUE"""),"PR038") -> PR038 | B31: =IFERROR(__xludf.DUMMYFUNCTION("""COMPUTED_VALUE"""),"VD016") -> VD016 | C31: =IFERROR(__xludf.DUMMYFUNCTION("""COMPUTED_VALUE"""),12.0) -> 12 | D31: =IFERROR(__xludf.DUMMYFUNCTION("""COMPUTED_VALUE"""),1972.02) -> 1972.02
A32: =IFERROR(__xludf.DUMMYFUNCTION("""COMPUTED_VALUE"""),"PR027") -> PR027 | B32: =IFERROR(__xludf.DUMMYFUNCTION("""COMPUTED_VALUE"""),"VD035") -> VD035 | C32: =IFERROR(__xludf.DUMMYFUNCTION("""COMPUTED_VALUE"""),30.0) -> 30 | D32: =IFERROR(__xludf.DUMMYFUNCTION("""COMPUTED_VALUE"""),3996.0) -> 3996
A33: =IFERROR(__xludf.DUMMYFUNCTION("""COMPUTED_VALUE"""),"PR059") -> PR059 | B33: =IFERROR(__xludf.DUMMYFUNCTION("""COMPUTED_VALUE"""),"VD049") -> VD049 | C33: =IFERROR(__xludf.DUMMYFUNCTION("""COMPUTED_VALUE"""),12.0) -> 12 | D33: =IFERROR(__xludf.DUMMYFUNCTION("""COMPUTED_VALUE"""),2419.2) -> 2419.2
A34: =IFERROR(__xludf.DUMMYFUNCTION("""COMPUTED_VALUE"""),"PR035") -> PR035 | B34: =IFERROR(__xludf.DUMMYFUNCTION("""COMPUTED_VALUE"""),"VD019") -> VD019 | C34: =IFERROR(__xludf.DUMMYFUNCTION("""COMPUTED_VALUE"""),21.0) -> 21 | D34: =IFERROR(__xludf.DUMMYFUNCTION("""COMPUTED_VALUE"""),2207.31) -> 2207.31
A35: =IFERROR(__xludf.DUMMYFUNCTION("""COMPUTED_VALUE"""),"PR028") -> PR028 | B35: =IFERROR(__xludf.DUMMYFUNCTION("""COMPUTED_VALUE"""),"VD011") -> VD011 | C35: =IFERROR(__xludf.DUMMYFUNCTION("""COMPUTED_VALUE"""),16.0) -> 16 | D35: =IFERROR(__xludf.DUMMYFUNCTION("""COMPUTED_VALUE"""),4718.11) -> 4718.11
A36: =IFERROR(__xludf.DUMMYFUNCTION("""COMPUTED_VALUE"""),"PR018") -> PR018 | B36: =IFERROR(__xludf.DUMMYFUNCTION("""COMPUTED_VALUE"""),"VD016") -> VD016 | C36: =IFERROR(__xludf.DUMMYFUNCTION("""COMPUTED_VALUE"""),10.0) -> 10 | D36: =IFERROR(__xludf.DUMMYFUNCTION("""COMPUTED_VALUE"""),378.35) -> 378.35
A37: =IFERROR(__xludf.DUMMYFUNCTION("""COMPUTED_VALUE"""),"PR035") -> PR035 | B37: =IFERROR(__xludf.DUMMYFUNCTION("""COMPUTED_VALUE"""),"VD018") -> VD018 | C37: =IFERROR(__xludf.DUMMYFUNCTION("""COMPUTED_VALUE"""),28.0) -> 28 | D37: =IFERROR(__xludf.DUMMYFUNCTION("""COMPUTED_VALUE"""),2149.73) -> 2149.73
A38: =IFERROR(__xludf.DUMMYFUNCTION("""COMPUTED_VALUE"""),"PR057") -> PR057 | B38: =IFERROR(__xludf.DUMMYFUNCTION("""COMPUTED_VALUE"""),"VD034") -> VD034 | C38: =IFERROR(__xludf.DUMMYFUNCTION("""COMPUTED_VALUE"""),9.0) -> 9 | D38: =IFERROR(__xludf.DUMMYFUNCTION("""COMPUTED_VALUE"""),906.19) -> 906.19
A39: =IFERROR(__xludf.DUMMYFUNCTION("""COMPUTED_VALUE"""),"PR004") -> PR004 | B39: =IFERROR(__xludf.DUMMYFUNCTION("""COMPUTED_VALUE"""),"VD024") -> VD024 | C39: =IFERROR(__xludf.DUMMYFUNCTION("""COMPUTED_VALUE"""),15.0) -> 15 | D39: =IFERROR(__xludf.DUMMYFUNCTION("""COMPUTED_VALUE"""),2610.0) -> 2610
A40: =IFERROR(__xludf.DUMMYFUNCTION("""COMPUTED_VALUE"""),"PR014") -> PR014 | B40: =IFERROR(__xludf.DUMMYFUNCTION("""COMPUTED_VALUE"""),"VD011") -> VD011 | C40: =IFERROR(__xludf.DUMMYFUNCTION("""COMPUTED_VALUE"""),12.0) -> 12 | D40: =IFERROR(__xludf.DUMMYFUNCTION("""COMPUTED_VALUE"""),560.2) -> 560.2
A41: =IFERROR(__xludf.DUMMYFUNCTION("""COMPUTED_VALUE"""),"PR027") -> PR027 | B41: =IFERROR(__xludf.DUMMYFUNCTION("""COMPUTED_VALUE"""),"VD018") -> VD018 | C41: =IFERROR(__xludf.DUMMYFUNCTION("""COMPUTED_VALUE"""),27.0) -> 27 | D41: =IFERROR(__xludf.DUMMYFUNCTION("""COMPUTED_VALUE"""),3888.0) -> 3888
A42: =IFERROR(__xludf.DUMMYFUNCTION("""COMPUTED_VALUE"""),"PR032") -> PR032 | B42: =IFERROR(__xludf.DUMMYFUNCTION("""COMPUTED_VALUE"""),"VD011") -> VD011 | C42: =IFERROR(__xludf.DUMMYFUNCTION("""COMPUTED_VALUE"""),24.0) -> 24 | D42: =IFERROR(__xludf.DUMMYFUNCTION("""COMPUTED_VALUE"""),6600.0) -> 6600
A43: =IFERROR(__xludf.DUMMYFUNCTION("""COMPUTED_VALUE"""),"PR006") -> PR006 | B43: =IFERROR(__xludf.DUMMYFUNCTION("""COMPUTED_VALUE"""),"VD015") -> VD015 | C43: =IFERROR(__xludf.DUMMYFUNCTION("""COMPUTED_VALUE"""),27.0) -> 27 | D43: =IFERROR(__xludf.DUMMYFUNCTION("""COMPUTED_VALUE"""),1260.44) -> 1260.44
A44: =IFERROR(__xludf.DUMMYFUNCTION("""COMPUTED_VALUE"""),"PR028") -> PR028 | B44: =IFERROR(__xludf.DUMMYFUNCTION("""COMPUTED_VALUE"""),"VD048") -> VD048 | C44: =IFERROR(__xludf.DUMMYFUNCTION("""COMPUTED_VALUE"""),20.0) -> 20 | D44: =IFERROR(__xludf.DUMMYFUNCTION("""COMPUTED_VALUE"""),5597.76) -> 5597.76
A45: =IFERROR(__xludf.DUMMYFUNCTION("""COMPUTED_VALUE"""),"PR033") -> PR033 | B45: =IFERROR(__xludf.DUMMYFUNCTION("""COMPUTED_VALUE"""),"VD024") -> VD024 | C45: =IFERROR(__xludf.DUMMYFUNCTION("""COMPUTED_VALUE"""),24.0) -> 24 | D45: =IFERROR(__xludf.DUMMYFUNCTION("""COMPUTED_VALUE"""),7485.12) -> 7485.12
A46: =IFERROR(__xludf.DUMMYFUNCTION("""COMPUTED_VALUE"""),"PR008") -> PR008 | B46: =IFERROR(__xludf.DUMMYFUNCTION("""COMPUTED_VALUE"""),"VD027") -> VD027 | C46: =IFERROR(__xludf.DUMMYFUNCTION("""COMPUTED_VALUE"""),20.0) -> 20 | D46: =IFERROR(__xludf.DUMMYFUNCTION("""COMPUTED_VALUE"""),2049.72) -> 2049.72
A47: =IFERROR(__xludf.DUMMYFUNCTION("""COMPUTED_VALUE"""),"PR013") -> PR013 | B47: =IFERROR(__xludf.DUMMYFUNCTION("""COMPUTED_VALUE"""),"VD048") -> VD048 | C47: =IFERROR(__xludf.DUMMYFUNCTION("""COMPUTED_VALUE"""),27.0) -> 27 | D47: =IFERROR(__xludf.DUMMYFUNCTION("""COMPUTED_VALUE"""),1238.9) -> 1238.9
A48: =IFERROR(__xludf.DUMMYFUNCTION("""COMPUTED_VALUE"""),"PR011") -> PR011 | B48: =IFERROR(__xludf.DUMMYFUNCTION("""COMPUTED_VALUE"""),"VD026") -> VD026 | C48: =IFERROR(__xludf.DUMMYFUNCTION("""COMPUTED_VALUE"""),18.0) -> 18 | D48: =IFERROR(__xludf.DUMMYFUNCTION("""COMPUTED_VALUE"""),1013.04) -> 1013.04
A49: =IFERROR(__xludf.DUMMYFUNCTION("""COMPUTED_VALUE"""),"PR014") -> PR014 | B49: =IFERROR(__xludf.DUMMYFUNCTION("""COMPUTED_VALUE"""),"VD040") -> VD040 | C49: =IFERROR(__xludf.DUMMYFUNCTION("""COMPUTED_VALUE"""),24.0) -> 24 | D49: =IFERROR(__xludf.DUMMYFUNCTION("""COMPUTED_VALUE"""),1139.54) -> 1139.54
A50: =IFERROR(__xludf.DUMMYFUNCTION("""COMPUTED_VALUE"""),"PR043") -> PR043 | B50: =IFERROR(__xludf.DUMMYFUNCTION("""COMPUTED_VALUE"""),"VD035") -> VD035 | C50: =IFERROR(__xludf.DUMMYFUNCTION("""COMPUTED_VALUE"""),18.0) -> 18 | D50: =IFERROR(__xludf.DUMMYFUNCTION("""COMPUTED_VALUE"""),1435.5) -> 1435.5
A51: =IFERROR(__xludf.DUMMYFUNCTION("""COMPUTED_VALUE"""),"PR037") -> PR037 | B51: =IFERROR(__xludf.DUMMYFUNCTION("""COMPUTED_VALUE"""),"VD036") -> VD036 | C51: =IFERROR(__xludf.DUMMYFUNCTION("""COMPUTED_VALUE"""),30.0) -> 30 | D51: =IFERROR(__xludf.DUMMYFUNCTION("""COMPUTED_VALUE"""),5040.0) -> 5040
A52: =IFERROR(__xludf.DUMMYFUNCTION("""COMPUTED_VALUE"""),"PR020") -> PR020 | B52: =IFERROR(__xludf.DUMMYFUNCTION("""COMPUTED_VALUE"""),"VD026") -> VD026 | C52: =IFERROR(__xludf.DUMMYFUNCTION("""COMPUTED_VALUE"""),20.0) -> 20 | D52: =IFERROR(__xludf.DUMMYFUNCTION("""COMPUTED_VALUE"""),6657.78) -> 6657.78
A53: =IFERROR(__xludf.DUMMYFUNCTION("""COMPUTED_VALUE"""),"PR052") -> PR052 | B53: =IFERROR(__xludf.DUMMYFUNCTION("""COMPUTED_VALUE"""),"VD035") -> VD035 | C53: =IFERROR(__xludf.DUMMYFUNCTION("""COMPUTED_VALUE"""),12.0) -> 12 | D53: =IFERROR(__xludf.DUMMYFUNCTION("""COMPUTED_VALUE"""),658.68) -> 658.68
A54: =IFERROR(__xludf.DUMMYFUNCTION("""COMPUTED_VALUE"""),"PR023") -> PR023 | B54: =IFERROR(__xludf.DUMMYFUNCTION("""COMPUTED_VALUE"""),"VD016") -> VD016 | C54: =IFERROR(__xludf.DUMMYFUNCTION("""COMPUTED_VALUE"""),27.0) -> 27 | D54: =IFERROR(__xludf.DUMMYFUNCTION("""COMPUTED_VALUE"""),7894.34) -> 7894.34
A55: =IFERROR(__xludf.DUMMYFUNCTION("""COMPUTED_VALUE"""),"PR002") -> PR002 | B55: =IFERROR(__xludf.DUMMYFUNCTION("""COMPUTED_VALUE"""),"VD018") -> VD018 | C55: =IFERROR(__xludf.DUMMYFUNCTION("""COMPUTED_VALUE"""),9.0) -> 9 | D55: =IFERROR(__xludf.DUMMYFUNCTION("""COMPUTED_VALUE"""),717.17) -> 717.17
A56: =IFERROR(__xludf.DUMMYFUNCTION("""COMPUTED_VALUE"""),"PR039") -> PR039 | B56: =IFERROR(__xludf.DUMMYFUNCTION("""COMPUTED_VALUE"""),"VD014") -> VD014 | C56: =IFERROR(__xludf.DUMMYFUNCTION("""COMPUTED_VALUE"""),16.0) -> 16 | D56: =IFERROR(__xludf.DUMMYFUNCTION("""COMPUTED_VALUE"""),2663.04) -> 2663.04
A57: =IFERROR(__xludf.DUMMYFUNCTION("""COMPUTED_VALUE"""),"PR060") -> PR060 | B57: =IFERROR(__xludf.DUMMYFUNCTION("""COMPUTED_VALUE"""),"VD044") -> VD044 | C57: =IFERROR(__xludf.DUMMYFUNCTION("""COMPUTED_VALUE"""),6.0) -> 6 | D57: =IFERROR(__xludf.DUMMYFUNCTION("""COMPUTED_VALUE"""),1252.8) -> 1252.8
A58: =IFERROR(__xludf.DUMMYFUNCTION("""COMPUTED_VALUE"""),"PR009") -> PR009 | B58: =IFERROR(__xludf.DUMMYFUNCTION("""COMPUTED_VALUE"""),"VD041") -> VD041 | C58: =IFERROR(__xludf.DUMMYFUNCTION("""COMPUTED_VALUE"""),15.0) -> 15 | D58: =IFERROR(__xludf.DUMMYFUNCTION("""COMPUTED_VALUE"""),1560.72) -> 1560.72
A59: =IFERROR(__xludf.DUMMYFUNCTION("""COMPUTED_VALUE"""),"PR057") -> PR057 | B59: =IFERROR(__xludf.DUMMYFUNCTION("""COMPUTED_VALUE"""),"VD046") -> VD046 | C59: =IFERROR(__xludf.DUMMYFUNCTION("""COMPUTED_VALUE"""),15.0) -> 15 | D59: =IFERROR(__xludf.DUMMYFUNCTION("""COMPUTED_VALUE"""),1591.23) -> 1591.23
A60: =IFERROR(__xludf.DUMMYFUNCTION("""COMPUTED_VALUE"""),"PR018") -> PR018 | B60: =IFERROR(__xludf.DUMMYFUNCTION("""COMPUTED_VALUE"""),"VD037") -> VD037 | C60: =IFERROR(__xludf.DUMMYFUNCTION("""COMPUTED_VALUE"""),10.0) -> 10 | D60: =IFERROR(__xludf.DUMMYFUNCTION("""COMPUTED_VALUE"""),361.9) -> 361.9
A61: =IFERROR(__xludf.DUMMYFUNCTION("""COMPUTED_VALUE"""),"PR022") -> PR022 | B61: =IFERROR(__xludf.DUMMYFUNCTION("""COMPUTED_VALUE"""),"VD023") -> VD023 | C61: =IFERROR(__xludf.DUMMYFUNCTION("""COMPUTED_VALUE"""),16.0) -> 16 | D61: =IFERROR(__xludf.DUMMYFUNCTION("""COMPUTED_VALUE"""),5424.0) -> 5424
A62: =IFERROR(__xludf.DUMMYFUNCTION("""COMPUTED_VALUE"""),"PR020") -> PR020 | B62: =IFERROR(__xludf.DUMMYFUNCTION("""COMPUTED_VALUE"""),"VD023") -> VD023 | C62: =IFERROR(__xludf.DUMMYFUNCTION("""COMPUTED_VALUE"""),21.0) -> 21 | D62: =IFERROR(__xludf.DUMMYFUNCTION("""COMPUTED_VALUE"""),7242.59) -> 7242.59
A63: =IFERROR(__xludf.DUMMYFUNCTION("""COMPUTED_VALUE"""),"PR043") -> PR043 | B63: =IFERROR(__xludf.DUMMYFUNCTION("""COMPUTED_VALUE"""),"VD039") -> VD039 | C63: =IFERROR(__xludf.DUMMYFUNCTION("""COMPUTED_VALUE"""),16.0) -> 16 | D63: =IFERROR(__xludf.DUMMYFUNCTION("""COMPUTED_VALUE"""),1368.8) -> 1368.8
A64: =IFERROR(__xludf.DUMMYFUNCTION("""COMPUTED_VALUE"""),"PR040") -> PR040 | B64: =IFERROR(__xludf.DUMMYFUNCTION("""COMPUTED_VALUE"""),"VD014") -> VD014 | C64: =IFERROR(__xludf.DUMMYFUNCTION("""COMPUTED_VALUE"""),20.0) -> 20 | D64: =IFERROR(__xludf.DUMMYFUNCTION("""COMPUTED_VALUE"""),1624.0) -> 1624
A65: =IFERROR(__xludf.DUMMYFUNCTION("""COMPUTED_VALUE"""),"PR052") -> PR052 | B65: =IFERROR(__xludf.DUMMYFUNCTION("""COMPUTED_VALUE"""),"VD035") -> VD035 | C65: =IFERROR(__xludf.DUMMYFUNCTION("""COMPUTED_VALUE"""),30.0) -> 30 | D65: =IFERROR(__xludf.DUMMYFUNCTION("""COMPUTED_VALUE"""),1721.55) -> 1721.55
A66: =IFERROR(__xludf.DUMMYFUNCTION("""COMPUTED_VALUE"""),"PR021") -> PR021 | B66: =IFERROR(__xludf.DUMMYFUNCTION("""COMPUTED_VALUE"""),"VD013") -> VD013 | C66: =IFERROR(__xludf.DUMMYFUNCTION("""COMPUTED_VALUE"""),8.0) -> 8 | D66: =IFERROR(__xludf.DUMMYFUNCTION("""COMPUTED_VALUE"""),2689.75) -> 2689.75
A67: =IFERROR(__xludf.DUMMYFUNCTION("""COMPUTED_VALUE"""),"PR050") -> PR050 | B67: =IFERROR(__xludf.DUMMYFUNCTION("""COMPUTED_VALUE"""),"VD015") -> VD015 | C67: =IFERROR(__xludf.DUMMYFUNCTION("""COMPUTED_VALUE"""),24.0) -> 24 | D67: =IFERROR(__xludf.DUMMYFUNCTION("""COMPUTED_VALUE"""),915.94) -> 915.94
A68: =IFERROR(__xludf.DUMMYFUNCTION("""COMPUTED_VALUE"""),"PR036") -> PR036 | B68: =IFERROR(__xludf.DUMMYFUNCTION("""COMPUTED_VALUE"""),"VD040") -> VD040 | C68: =IFERROR(__xludf.DUMMYFUNCTION("""COMPUTED_VALUE"""),12.0) -> 12 | D68: =IFERROR(__xludf.DUMMYFUNCTION("""COMPUTED_VALUE"""),1301.52) -> 1301.52
A69: =IFERROR(__xludf.DUMMYFUNCTION("""COMPUTED_VALUE"""),"PR023") -> PR023 | B69: =IFERROR(__xludf.DUMMYFUNCTION("""COMPUTED_VALUE"""),"VD037") -> VD037 | C69: =IFERROR(__xludf.DUMMYFUNCTION("""COMPUTED_VALUE"""),12.0) -> 12 | D69: =IFERROR(__xludf.DUMMYFUNCTION("""COMPUTED_VALUE"""),3298.68) -> 3298.68
A70: =IFERROR(__xludf.DUMMYFUNCTION("""COMPUTED_VALUE"""),"PR052") -> PR052 | B70: =IFERROR(__xludf.DUMMYFUNCTION("""COMPUTED_VALUE"""),"VD014") -> VD014 | C70: =IFERROR(__xludf.DUMMYFUNCTION("""COMPUTED_VALUE"""),20.0) -> 20 | D70: =IFERROR(__xludf.DUMMYFUNCTION("""COMPUTED_VALUE"""),1127.74) -> 1127.74
A71: =IFERROR(__xludf.DUMMYFUNCTION("""COMPUTED_VALUE"""),"PR051") -> PR051 | B71: =IFERROR(__xludf.DUMMYFUNCTION("""COMPUTED_VALUE"""),"VD018") -> VD018 | C71: =IFERROR(__xludf.DUMMYFUNCTION("""COMPUTED_VALUE"""),6.0) -> 6 | D71: =IFERROR(__xludf.DUMMYFUNCTION("""COMPUTED_VALUE"""),221.09) -> 221.09
A72: =IFERROR(__xludf.DUMMYFUNCTION("""COMPUTED_VALUE"""),"PR019") -> PR019 | B72: =IFERROR(__xludf.DUMMYFUNCTION("""COMPUTED_VALUE"""),"VD010") -> VD010 | C72: =IFERROR(__xludf.DUMMYFUNCTION("""COMPUTED_VALUE"""),20.0) -> 20 | D72: =IFERROR(__xludf.DUMMYFUNCTION("""COMPUTED_VALUE"""),1197.6) -> 1197.6
A73: =IFERROR(__xludf.DUMMYFUNCTION("""COMPUTED_VALUE"""),"PR053") -> PR053 | B73: =IFERROR(__xludf.DUMMYFUNCTION("""COMPUTED_VALUE"""),"VD043") -> VD043 | C73: =IFERROR(__xludf.DUMMYFUNCTION("""COMPUTED_VALUE"""),16.0) -> 16 | D73: =IFERROR(__xludf.DUMMYFUNCTION("""COMPUTED_VALUE"""),950.1) -> 950.1
A74: =IFERROR(__xludf.DUMMYFUNCTION("""COMPUTED_VALUE"""),"PR031") -> PR031 | B74: =IFERROR(__xludf.DUMMYFUNCTION("""COMPUTED_VALUE"""),"VD035") -> VD035 | C74: =IFERROR(__xludf.DUMMYFUNCTION("""COMPUTED_VALUE"""),21.0) -> 21 | D74: =IFERROR(__xludf.DUMMYFUNCTION("""COMPUTED_VALUE"""),6122.55) -> 6122.55
A75: =IFERROR(__xludf.DUMMYFUNCTION("""COMPUTED_VALUE"""),"PR008") -> PR008 | B75: =IFERROR(__xludf.DUMMYFUNCTION("""COMPUTED_VALUE"""),"VD037") -> VD037 | C75: =IFERROR(__xludf.DUMMYFUNCTION("""COMPUTED_VALUE"""),10.0) -> 10 | D75: =IFERROR(__xludf.DUMMYFUNCTION("""COMPUTED_VALUE"""),1078.8) -> 1078.8
A76: =IFERROR(__xludf.DUMMYFUNCTION("""COMPUTED_VALUE"""),"PR010") -> PR010 | B76: =IFERROR(__xludf.DUMMYFUNCTION("""COMPUTED_VALUE"""),"VD023") -> VD023 | C76: =IFERROR(__xludf.DUMMYFUNCTION("""COMPUTED_VALUE"""),14.0) -> 14 | D76: =IFERROR(__xludf.DUMMYFUNCTION("""COMPUTED_VALUE"""),704.03) -> 704.03
A77: =IFERROR(__xludf.DUMMYFUNCTION("""COMPUTED_VALUE"""),"PR012") -> PR012 | B77: =IFERROR(__xludf.DUMMYFUNCTION("""COMPUTED_VALUE"""),"VD018") -> VD018 | C77: =IFERROR(__xludf.DUMMYFUNCTION("""COMPUTED_VALUE"""),10.0) -> 10 | D77: =IFERROR(__xludf.DUMMYFUNCTION("""COMPUTED_VALUE"""),577.02) -> 577.02
A78: =IFERROR(__xludf.DUMMYFUNCTION("""COMPUTED_VALUE"""),"PR043") -> PR043 | B78: =IFERROR(__xludf.DUMMYFUNCTION("""COMPUTED_VALUE"""),"VD033") -> VD033 | C78: =IFERROR(__xludf.DUMMYFUNCTION("""COMPUTED_VALUE"""),12.0) -> 12 | D78: =IFERROR(__xludf.DUMMYFUNCTION("""COMPUTED_VALUE"""),983.1) -> 983.1
A79: =IFERROR(__xludf.DUMMYFUNCTION("""COMPUTED_VALUE"""),"PR004") -> PR004 | B79: =IFERROR(__xludf.DUMMYFUNCTION("""COMPUTED_VALUE"""),"VD015") -> VD015 | C79: =IFERROR(__xludf.DUMMYFUNCTION("""COMPUTED_VALUE"""),10.0) -> 10 | D79: =IFERROR(__xludf.DUMMYFUNCTION("""COMPUTED_VALUE"""),1725.5) -> 1725.5
A80: =IFERROR(__xludf.DUMMYFUNCTION("""COMPUTED_VALUE"""),"PR045") -> PR045 | B80: =IFERROR(__xludf.DUMMYFUNCTION("""COMPUTED_VALUE"""),"VD027") -> VD027 | C80: =IFERROR(__xludf.DUMMYFUNCTION("""COMPUTED_VALUE"""),16.0) -> 16 | D80: =IFERROR(__xludf.DUMMYFUNCTION("""COMPUTED_VALUE"""),1334.0) -> 1334
A81: =IFERROR(__xludf.DUMMYFUNCTION("""COMPUTED_VALUE"""),"PR014") -> PR014 | B81: =IFERROR(__xludf.DUMMYFUNCTION("""COMPUTED_VALUE"""),"VD035") -> VD035 | C81: =IFERROR(__xludf.DUMMYFUNCTION("""COMPUTED_VALUE"""),20.0) -> 20 | D81: =IFERROR(__xludf.DUMMYFUNCTION("""COMPUTED_VALUE"""),877.8) -> 877.8
A82: =IFERROR(__xludf.DUMMYFUNCTION("""COMPUTED_VALUE"""),"PR026") -> PR026 | B82: =IFERROR(__xludf.DUMMYFUNCTION("""COMPUTED_VALUE"""),"VD011") -> VD011 | C82: =IFERROR(__xludf.DUMMYFUNCTION("""COMPUTED_VALUE"""),15.0) -> 15 | D82: =IFERROR(__xludf.DUMMYFUNCTION("""COMPUTED_VALUE"""),6035.78) -> 6035.78
A83: =IFERROR(__xludf.DUMMYFUNCTION("""COMPUTED_VALUE"""),"PR014") -> PR014 | B83: =IFERROR(__xludf.DUMMYFUNCTION("""COMPUTED_VALUE"""),"VD028") -> VD028 | C83: =IFERROR(__xludf.DUMMYFUNCTION("""COMPUTED_VALUE"""),30.0) -> 30 | D83: =IFERROR(__xludf.DUMMYFUNCTION("""COMPUTED_VALUE"""),1328.67) -> 1328.67
A84: =IFERROR(__xludf.DUMMYFUNCTION("""COMPUTED_VALUE"""),"PR024") -> PR024 | B84: =IFERROR(__xludf.DUMMYFUNCTION("""COMPUTED_VALUE"""),"VD019") -> VD019 | C84: =IFERROR(__xludf.DUMMYFUNCTION("""COMPUTED_VALUE"""),30.0) -> 30 | D84: =IFERROR(__xludf.DUMMYFUNCTION("""COMPUTED_VALUE"""),8810.61) -> 8810.61
A85: =IFERROR(__xludf.DUMMYFUNCTION("""COMPUTED_VALUE"""),"PR023") -> PR023 | B85: =IFERROR(__xludf.DUMMYFUNCTION("""COMPUTED_VALUE"""),"VD034") -> VD034 | C85: =IFERROR(__xludf.DUMMYFUNCTION("""COMPUTED_VALUE"""),18.0) -> 18 | D85: =IFERROR(__xludf.DUMMYFUNCTION("""COMPUTED_VALUE"""),5082.97) -> 5082.97
A86: =IFERROR(__xludf.DUMMYFUNCTION("""COMPUTED_VALUE"""),"PR010") -> PR010 | B86: =IFERROR(__xludf.DUMMYFUNCTION("""COMPUTED_VALUE"""),"VD028") -> VD028 | C86: =IFERROR(__xludf.DUMMYFUNCTION("""COMPUTED_VALUE"""),20.0) -> 20 | D86: =IFERROR(__xludf.DUMMYFUNCTION("""COMPUTED_VALUE"""),1050.66) -> 1050.66
A87: =IFERROR(__xludf.DUMMYFUNCTION("""COMPUTED_VALUE"""),"PR042") -> PR042 | B87: =IFERROR(__xludf.DUMMYFUNCTION("""COMPUTED_VALUE"""),"VD041") -> VD041 | C87: =IFERROR(__xludf.DUMMYFUNCTION("""COMPUTED_VALUE"""),24.0) -> 24 | D87: =IFERROR(__xludf.DUMMYFUNCTION("""COMPUTED_VALUE"""),1502.06) -> 1502.06
A88: =IFERROR(__xludf.DUMMYFUNCTION("""COMPUTED_VALUE"""),"PR057") -> PR057 | B88: =IFERROR(__xludf.DUMMYFUNCTION("""COMPUTED_VALUE"""),"VD015") -> VD015 | C88: =IFERROR(__xludf.DUMMYFUNCTION("""COMPUTED_VALUE"""),24.0) -> 24 | D88: =IFERROR(__xludf.DUMMYFUNCTION("""COMPUTED_VALUE"""),2373.36) -> 2373.36
A89: =IFERROR(__xludf.DUMMYFUNCTION("""COMPUTED_VALUE"""),"PR034") -> PR034 | B89: =IFERROR(__xludf.DUMMYFUNCTION("""COMPUTED_VALUE"""),"VD027") -> VD027 | C89: =IFERROR(__xludf.DUMMYFUNCTION("""COMPUTED_VALUE"""),6.0) -> 6 | D89: =IFERROR(__xludf.DUMMYFUNCTION("""COMPUTED_VALUE"""),598.73) -> 598.73
A90: =IFERROR(__xludf.DUMMYFUNCTION("""COMPUTED_VALUE"""),"PR031") -> PR031 | B90: =IFERROR(__xludf.DUMMYFUNCTION("""COMPUTED_VALUE"""),"VD024") -> VD024 | C90: =IFERROR(__xludf.DUMMYFUNCTION("""COMPUTED_VALUE"""),6.0) -> 6 | D90: =IFERROR(__xludf.DUMMYFUNCTION("""COMPUTED_VALUE"""),1675.8) -> 1675.8
A91: =IFERROR(__xludf.DUMMYFUNCTION("""COMPUTED_VALUE"""),"PR046") -> PR046 | B91: =IFERROR(__xludf.DUMMYFUNCTION("""COMPUTED_VALUE"""),"VD038") -> VD038 | C91: =IFERROR(__xludf.DUMMYFUNCTION("""COMPUTED_VALUE"""),8.0) -> 8 | D91: =IFERROR(__xludf.DUMMYFUNCTION("""COMPUTED_VALUE"""),2620.7) -> 2620.7
A92: =IFERROR(__xludf.DUMMYFUNCTION("""COMPUTED_VALUE"""),"PR033") -> PR033 | B92: =IFERROR(__xludf.DUMMYFUNCTION("""COMPUTED_VALUE"""),"VD014") -> VD014 | C92: =IFERROR(__xludf.DUMMYFUNCTION("""COMPUTED_VALUE"""),12.0) -> 12 | D92: =IFERROR(__xludf.DUMMYFUNCTION("""COMPUTED_VALUE"""),3649.0) -> 3649
A93: =IFERROR(__xludf.DUMMYFUNCTION("""COMPUTED_VALUE"""),"PR041") -> PR041 | B93: =IFERROR(__xludf.DUMMYFUNCTION("""COMPUTED_VALUE"""),"VD035") -> VD035 | C93: =IFERROR(__xludf.DUMMYFUNCTION("""COMPUTED_VALUE"""),18.0) -> 18 | D93: =IFERROR(__xludf.DUMMYFUNCTION("""COMPUTED_VALUE"""),1166.08) -> 1166.08
A94: =IFERROR(__xludf.DUMMYFUNCTION("""COMPUTED_VALUE"""),"PR001") -> PR001 | B94: =IFERROR(__xludf.DUMMYFUNCTION("""COMPUTED_VALUE"""),"VD045") -> VD045 | C94: =IFERROR(__xludf.DUMMYFUNCTION("""COMPUTED_VALUE"""),12.0) -> 12 | D94: =IFERROR(__xludf.DUMMYFUNCTION("""COMPUTED_VALUE"""),941.05) -> 941.05
A95: =IFERROR(__xludf.DUMMYFUNCTION("""COMPUTED_VALUE"""),"PR006") -> PR006 | B95: =IFERROR(__xludf.DUMMYFUNCTION("""COMPUTED_VALUE"""),"VD035") -> VD035 | C95: =IFERROR(__xludf.DUMMYFUNCTION("""COMPUTED_VALUE"""),12.0) -> 12 | D95: =IFERROR(__xludf.DUMMYFUNCTION("""COMPUTED_VALUE"""),541.04) -> 541.04
A96: =IFERROR(__xludf.DUMMYFUNCTION("""COMPUTED_VALUE"""),"PR049") -> PR049 | B96: =IFERROR(__xludf.DUMMYFUNCTION("""COMPUTED_VALUE"""),"VD039") -> VD039 | C96: =IFERROR(__xludf.DUMMYFUNCTION("""COMPUTED_VALUE"""),10.0) -> 10 | D96: =IFERROR(__xludf.DUMMYFUNCTION("""COMPUTED_VALUE"""),388.22) -> 388.22
A97: =IFERROR(__xludf.DUMMYFUNCTION("""COMPUTED_VALUE"""),"PR012") -> PR012 | B97: =IFERROR(__xludf.DUMMYFUNCTION("""COMPUTED_VALUE"""),"VD034") -> VD034 | C97: =IFERROR(__xludf.DUMMYFUNCTION("""COMPUTED_VALUE"""),27.0) -> 27 | D97: =IFERROR(__xludf.DUMMYFUNCTION("""COMPUTED_VALUE"""),1584.36) -> 1584.36
A98: =IFERROR(__xludf.DUMMYFUNCTION("""COMPUTED_VALUE"""),"PR060") -> PR060 | B98: =IFERROR(__xludf.DUMMYFUNCTION("""COMPUTED_VALUE"""),"VD019") -> VD019 | C98: =IFERROR(__xludf.DUMMYFUNCTION("""COMPUTED_VALUE"""),18.0) -> 18 | D98: =IFERROR(__xludf.DUMMYFUNCTION("""COMPUTED_VALUE"""),3628.8) -> 3628.8
A99: =IFERROR(__xludf.DUMMYFUNCTION("""COMPUTED_VALUE"""),"PR060") -> PR060 | B99: =IFERROR(__xludf.DUMMYFUNCTION("""COMPUTED_VALUE"""),"VD042") -> VD042 | C99: =IFERROR(__xludf.DUMMYFUNCTION("""COMPUTED_VALUE"""),10.0) -> 10 | D99: =IFERROR(__xludf.DUMMYFUNCTION("""COMPUTED_VALUE"""),1980.0) -> 1980
A100: =IFERROR(__xludf.DUMMYFUNCTION("""COMPUTED_VALUE"""),"PR014") -> PR014 | B100: =IFERROR(__xludf.DUMMYFUNCTION("""COMPUTED_VALUE"""),"VD010") -> VD010 | C100: =IFERROR(__xludf.DUMMYFUNCTION("""COMPUTED_VALUE"""),18.0) -> 18 | D100: =IFERROR(__xludf.DUMMYFUNCTION("""COMPUTED_VALUE"""),790.02) -> 790.02
...

Sheet Datos Ventas Dashboard
A1: Productos | B1: Vendedor | C1: Cantidad | D1: Real Brasileño | E1: Peso Mexicano | F1: Sol Peruano | G1: Nombre | H1: Ciudad | I1: Región | J1: =Productos!B1 -> Producto | K1: =Productos!C1 -> Talla | L1: =Productos!D1 -> Categoría | M1: =Productos!E1 -> Costo Unitario | N1: =Productos!F1 -> Precio Unitario
A2: =IFERROR(__xludf.DUMMYFUNCTION("query('Datos Ventas'!A2:K2000,""SELECT Col7, Col8, Col9, Col10"")"),"PR001") -> PR001 | B2: =IFERROR(__xludf.DUMMYFUNCTION("""COMPUTED_VALUE"""),"VD026") -> VD026 | C2: =IFERROR(__xludf.DUMMYFUNCTION("""COMPUTED_VALUE"""),27.0) -> 27 | D2: =IFERROR(__xludf.DUMMYFUNCTION("""COMPUTED_VALUE"""),1957.23) -> 1957.23 | E2: =IFERROR(__xludf.DUMMYFUNCTION("GOOGLEFINANCE(""Currency:BRLMXN"")*D2"),6649.688925) -> 6649.6889 | F2: =IFERROR(__xludf.DUMMYFUNCTION("GOOGLEFINANCE(""Currency:BRLPEN"")*D2"),1283.1599879999999) -> 1283.16 | G2: {=_xlfn.XLOOKUP(B2,Vendedores!$A$2:$A$41,Vendedores!$B$2:$B$41,"No hay datos")} -> Daniel Fernández | H2: {=_xlfn.XLOOKUP(B2,Vendedores!$A$2:$A$41,Vendedores!$C$2:$C$41,"No hay datos")} -> Puerto Esperanza | I2: {=_xlfn.XLOOKUP(B2,Vendedores!$A$2:$A$41,Vendedores!$D$2:$D$41,"No hay datos")} -> Región Sur | J2: {=_xlfn.XLOOKUP(A2,Productos!$A$2:$A$61,Productos!$B$2:$F$61)} -> Bermuda | K2: S | L2: Ropa | M2: $35,59 | N2: $65,90
A3: =IFERROR(__xludf.DUMMYFUNCTION("""COMPUTED_VALUE"""),"PR058") -> PR058 | B3: =IFERROR(__xludf.DUMMYFUNCTION("""COMPUTED_VALUE"""),"VD037") -> VD037 | C3: =IFERROR(__xludf.DUMMYFUNCTION("""COMPUTED_VALUE"""),14.0) -> 14 | D3: =IFERROR(__xludf.DUMMYFUNCTION("""COMPUTED_VALUE"""),2872.8) -> 2872.8 | E3: =IFERROR(__xludf.DUMMYFUNCTION("GOOGLEFINANCE(""Currency:BRLMXN"")*D3"),9760.338) -> 9760.338 | F3: =IFERROR(__xludf.DUMMYFUNCTION("GOOGLEFINANCE(""Currency:BRLPEN"")*D3"),1883.40768) -> 1883.4077 | G3: {=_xlfn.XLOOKUP(B3,Vendedores!$A$2:$A$41,Vendedores!$B$2:$B$41,"No hay datos")} -> Amanda Silva | H3: {=_xlfn.XLOOKUP(B3,Vendedores!$A$2:$A$41,Vendedores!$C$2:$C$41,"No hay datos")} -> Villa Esperanza | I3: {=_xlfn.XLOOKUP(B3,Vendedores!$A$2:$A$41,Vendedores!$D$2:$D$41,"No hay datos")} -> Región Sur 2 | J3: {=_xlfn.XLOOKUP(A3,Productos!$A$2:$A$61,Productos!$B$2:$F$61)} -> Pantalón de sastre | K3: S | L3: Ropa | M3: $113,40 | N3: $180,00
A4: =IFERROR(__xludf.DUMMYFUNCTION("""COMPUTED_VALUE"""),"PR020") -> PR020 | B4: =IFERROR(__xludf.DUMMYFUNCTION("""COMPUTED_VALUE"""),"VD034") -> VD034 | C4: =IFERROR(__xludf.DUMMYFUNCTION("""COMPUTED_VALUE"""),20.0) -> 20 | D4: =IFERROR(__xludf.DUMMYFUNCTION("""COMPUTED_VALUE"""),7137.62) -> 7137.62 | E4: =IFERROR(__xludf.DUMMYFUNCTION("GOOGLEFINANCE(""Currency:BRLMXN"")*D4"),24250.06395) -> 24250.064 | F4: =IFERROR(__xludf.DUMMYFUNCTION("GOOGLEFINANCE(""Currency:BRLPEN"")*D4"),4679.423672) -> 4679.4237 | G4: {=_xlfn.XLOOKUP(B4,Vendedores!$A$2:$A$41,Vendedores!$B$2:$B$41,"No hay datos")} -> Felipe Carvajal | H4: {=_xlfn.XLOOKUP(B4,Vendedores!$A$2:$A$41,Vendedores!$C$2:$C$41,"No hay datos")} -> San Pedro del Río | I4: {=_xlfn.XLOOKUP(B4,Vendedores!$A$2:$A$41,Vendedores!$D$2:$D$41,"No hay datos")} -> Región Sur 2 | J4: {=_xlfn.XLOOKUP(A4,Productos!$A$2:$A$61,Productos!$B$2:$F$61)} -> Chaqueta de cuero | K4: S | L4: Ropa | M4: $164,95 | N4: $299,90
A5: =IFERROR(__xludf.DUMMYFUNCTION("""COMPUTED_VALUE"""),"PR035") -> PR035 | B5: =IFERROR(__xludf.DUMMYFUNCTION("""COMPUTED_VALUE"""),"VD021") -> VD021 | C5: =IFERROR(__xludf.DUMMYFUNCTION("""COMPUTED_VALUE"""),24.0) -> 24 | D5: =IFERROR(__xludf.DUMMYFUNCTION("""COMPUTED_VALUE"""),2478.77) -> 2478.77 | E5: =IFERROR(__xludf.DUMMYFUNCTION("GOOGLEFINANCE(""Currency:BRLMXN"")*D5"),8421.621075) -> 8421.6211 | F5: =IFERROR(__xludf.DUMMYFUNCTION("GOOGLEFINANCE(""Currency:BRLPEN"")*D5"),1625.081612) -> 1625.0816 | G5: {=_xlfn.XLOOKUP(B5,Vendedores!$A$2:$A$41,Vendedores!$B$2:$B$41,"No hay datos")} -> Fernanda Méndez | H5: {=_xlfn.XLOOKUP(B5,Vendedores!$A$2:$A$41,Vendedores!$C$2:$C$41,"No hay datos")} -> San Juan de la Sierra | I5: {=_xlfn.XLOOKUP(B5,Vendedores!$A$2:$A$41,Vendedores!$D$2:$D$41,"No hay datos")} -> Región Central | J5: {=_xlfn.XLOOKUP(A5,Productos!$A$2:$A$61,Productos!$B$2:$F$61)} -> Vestido corto | K5: M | L5: Ropa | M5: $46,61 | N5: $91,40
A6: =IFERROR(__xludf.DUMMYFUNCTION("""COMPUTED_VALUE"""),"PR016") -> PR016 | B6: =IFERROR(__xludf.DUMMYFUNCTION("""COMPUTED_VALUE"""),"VD027") -> VD027 | C6: =IFERROR(__xludf.DUMMYFUNCTION("""COMPUTED_VALUE"""),10.0) -> 10 | D6: =IFERROR(__xludf.DUMMYFUNCTION("""COMPUTED_VALUE"""),303.03) -> 303.03 | E6: =IFERROR(__xludf.DUMMYFUNCTION("GOOGLEFINANCE(""Currency:BRLMXN"")*D6"),1029.5444249999998) -> 1029.5444 | F6: =IFERROR(__xludf.DUMMYFUNCTION("GOOGLEFINANCE(""Currency:BRLPEN"")*D6"),198.66646799999998) -> 198.66647 | G6: {=_xlfn.XLOOKUP(B6,Vendedores!$A$2:$A$41,Vendedores!$B$2:$B$41,"No hay datos")} -> Patricia Cortés | H6: {=_xlfn.XLOOKUP(B6,Vendedores!$A$2:$A$41,Vendedores!$C$2:$C$41,"No hay datos")} -> Costa Azul | I6: {=_xlfn.XLOOKUP(B6,Vendedores!$A$2:$A$41,Vendedores!$D$2:$D$41,"No hay datos")} -> Región Norte | J6: {=_xlfn.XLOOKUP(A6,Productos!$A$2:$A$61,Productos!$B$2:$F$61)} -> Playera lisa | K6: S | L6: Ropa | M6: $13,21 | N6: $25,90
A7: =IFERROR(__xludf.DUMMYFUNCTION("""COMPUTED_VALUE"""),"PR051") -> PR051 | B7: =IFERROR(__xludf.DUMMYFUNCTION("""COMPUTED_VALUE"""),"VD048") -> VD048 | C7: =IFERROR(__xludf.DUMMYFUNCTION("""COMPUTED_VALUE"""),18.0) -> 18 | D7: =IFERROR(__xludf.DUMMYFUNCTION("""COMPUTED_VALUE"""),704.72) -> 704.72 | E7: =IFERROR(__xludf.DUMMYFUNCTION("GOOGLEFINANCE(""Currency:BRLMXN"")*D7"),2394.2862) -> 2394.2862 | F7: =IFERROR(__xludf.DUMMYFUNCTION("GOOGLEFINANCE(""Currency:BRLPEN"")*D7"),462.014432) -> 462.01443 | G7: {=_xlfn.XLOOKUP(B7,Vendedores!$A$2:$A$41,Vendedores!$B$2:$B$41,"No hay datos")} -> Mariana Castro | H7: {=_xlfn.XLOOKUP(B7,Vendedores!$A$2:$A$41,Vendedores!$C$2:$C$41,"No hay datos")} -> San Carlos del Valle | I7: {=_xlfn.XLOOKUP(B7,Vendedores!$A$2:$A$41,Vendedores!$D$2:$D$41,"No hay datos")} -> Región Central 2 | J7: {=_xlfn.XLOOKUP(A7,Productos!$A$2:$A$61,Productos!$B$2:$F$61)} -> Playera a rayas | K7: L | L7: Ropa | M7: $20,73 | N7: $32,90
A8: =IFERROR(__xludf.DUMMYFUNCTION("""COMPUTED_VALUE"""),"PR042") -> PR042 | B8: =IFERROR(__xludf.DUMMYFUNCTION("""COMPUTED_VALUE"""),"VD025") -> VD025 | C8: =IFERROR(__xludf.DUMMYFUNCTION("""COMPUTED_VALUE"""),27.0) -> 27 | D8: =IFERROR(__xludf.DUMMYFUNCTION("""COMPUTED_VALUE"""),1778.76) -> 1778.76 | E8: =IFERROR(__xludf.DUMMYFUNCTION("GOOGLEFINANCE(""Currency:BRLMXN"")*D8"),6043.3371) -> 6043.3371 | F8: =IFERROR(__xludf.DUMMYFUNCTION("GOOGLEFINANCE(""Currency:BRLPEN"")*D8"),1166.1550559999998) -> 1166.1551 | G8: {=_xlfn.XLOOKUP(B8,Vendedores!$A$2:$A$41,Vendedores!$B$2:$B$41,"No hay datos")} -> Alina Santana | H8: {=_xlfn.XLOOKUP(B8,Vendedores!$A$2:$A$41,Vendedores!$C$2:$C$41,"No hay datos")} -> Playa Blanca | I8: {=_xlfn.XLOOKUP(B8,Vendedores!$A$2:$A$41,Vendedores!$D$2:$D$41,"No hay datos")} -> Región Norte | J8: {=_xlfn.XLOOKUP(A8,Productos!$A$2:$A$61,Productos!$B$2:$F$61)} -> Playera confort | K8: L | L8: Ropa | M8: $29,65 | N8: $54,90
A9: =IFERROR(__xludf.DUMMYFUNCTION("""COMPUTED_VALUE"""),"PR050") -> PR050 | B9: =IFERROR(__xludf.DUMMYFUNCTION("""COMPUTED_VALUE"""),"VD037") -> VD037 | C9: =IFERROR(__xludf.DUMMYFUNCTION("""COMPUTED_VALUE"""),14.0) -> 14 | D9: =IFERROR(__xludf.DUMMYFUNCTION("""COMPUTED_VALUE"""),511.27) -> 511.27 | E9: =IFERROR(__xludf.DUMMYFUNCTION("GOOGLEFINANCE(""Currency:BRLMXN"")*D9"),1737.0398249999998) -> 1737.0398 | F9: =IFERROR(__xludf.DUMMYFUNCTION("GOOGLEFINANCE(""Currency:BRLPEN"")*D9"),335.188612) -> 335.18861 | G9: {=_xlfn.XLOOKUP(B9,Vendedores!$A$2:$A$41,Vendedores!$B$2:$B$41,"No hay datos")} -> Amanda Silva | H9: {=_xlfn.XLOOKUP(B9,Vendedores!$A$2:$A$41,Vendedores!$C$2:$C$41,"No hay datos")} -> Villa Esperanza | I9: {=_xlfn.XLOOKUP(B9,Vendedores!$A$2:$A$41,Vendedores!$D$2:$D$41,"No hay datos")} -> Región Sur 2 | J9: {=_xlfn.XLOOKUP(A9,Productos!$A$2:$A$61,Productos!$B$2:$F$61)} -> Playera a rayas | K9: M | L9: Ropa | M9: $22,37 | N9: $32,90
A10: =IFERROR(__xludf.DUMMYFUNCTION("""COMPUTED_VALUE"""),"PR001") -> PR001 | B10: =IFERROR(__xludf.DUMMYFUNCTION("""COMPUTED_VALUE"""),"VD036") -> VD036 | C10: =IFERROR(__xludf.DUMMYFUNCTION("""COMPUTED_VALUE"""),12.0) -> 12 | D10: =IFERROR(__xludf.DUMMYFUNCTION("""COMPUTED_VALUE"""),901.51) -> 901.51 | E10: =IFERROR(__xludf.DUMMYFUNCTION("GOOGLEFINANCE(""Currency:BRLMXN"")*D10"),3062.880225) -> 3062.8802 | F10: =IFERROR(__xludf.DUMMYFUNCTION("GOOGLEFINANCE(""Currency:BRLPEN"")*D10"),591.029956) -> 591.02996 | G10: {=_xlfn.XLOOKUP(B10,Vendedores!$A$2:$A$41,Vendedores!$B$2:$B$41,"No hay datos")} -> Ricardo Sosa | H10: {=_xlfn.XLOOKUP(B10,Vendedores!$A$2:$A$41,Vendedores!$C$2:$C$41,"No hay datos")} -> Puerto Nuevo | I10: {=_xlfn.XLOOKUP(B10,Vendedores!$A$2:$A$41,Vendedores!$D$2:$D$41,"No hay datos")} -> Región Central 2 | J10: {=_xlfn.XLOOKUP(A10,Productos!$A$2:$A$61,Productos!$B$2:$F$61)} -> Bermuda | K10: S | L10: Ropa | M10: $35,59 | N10: $65,90
A11: =IFERROR(__xludf.DUMMYFUNCTION("""COMPUTED_VALUE"""),"PR059") -> PR059 | B11: =IFERROR(__xludf.DUMMYFUNCTION("""COMPUTED_VALUE"""),"VD049") -> VD049 | C11: =IFERROR(__xludf.DUMMYFUNCTION("""COMPUTED_VALUE"""),27.0) -> 27 | D11: =IFERROR(__xludf.DUMMYFUNCTION("""COMPUTED_VALUE"""),5783.4) -> 5783.4 | E11: =IFERROR(__xludf.DUMMYFUNCTION("GOOGLEFINANCE(""Currency:BRLMXN"")*D11"),19649.101499999997) -> 19649.102 | F11: =IFERROR(__xludf.DUMMYFUNCTION("GOOGLEFINANCE(""Currency:BRLPEN"")*D11"),3791.5970399999997) -> 3791.597 | G11: {=_xlfn.XLOOKUP(B11,Vendedores!$A$2:$A$41,Vendedores!$B$2:$B$41,"No hay datos")} -> Fernando Navarro | H11: {=_xlfn.XLOOKUP(B11,Vendedores!$A$2:$A$41,Vendedores!$C$2:$C$41,"No hay datos")} -> Colinas Verdes | I11: {=_xlfn.XLOOKUP(B11,Vendedores!$A$2:$A$41,Vendedores!$D$2:$D$41,"No hay datos")} -> Región Central 2 | J11: {=_xlfn.XLOOKUP(A11,Productos!$A$2:$A$61,Productos!$B$2:$F$61)} -> Pantalón de sastre | K11: M | L11: Ropa | M11: $95,40 | N11: $180,00
A12: =IFERROR(__xludf.DUMMYFUNCTION("""COMPUTED_VALUE"""),"PR019") -> PR019 | B12: =IFERROR(__xludf.DUMMYFUNCTION("""COMPUTED_VALUE"""),"VD021") -> VD021 | C12: =IFERROR(__xludf.DUMMYFUNCTION("""COMPUTED_VALUE"""),15.0) -> 15 | D12: =IFERROR(__xludf.DUMMYFUNCTION("""COMPUTED_VALUE"""),845.81) -> 845.81 | E12: =IFERROR(__xludf.DUMMYFUNCTION("GOOGLEFINANCE(""Currency:BRLMXN"")*D12"),2873.639475) -> 2873.6395 | F12: =IFERROR(__xludf.DUMMYFUNCTION("GOOGLEFINANCE(""Currency:BRLPEN"")*D12"),554.5130359999999) -> 554.51304 | G12: {=_xlfn.XLOOKUP(B12,Vendedores!$A$2:$A$41,Vendedores!$B$2:$B$41,"No hay datos")} -> Fernanda Méndez | H12: {=_xlfn.XLOOKUP(B12,Vendedores!$A$2:$A$41,Vendedores!$C$2:$C$41,"No hay datos")} -> San Juan de la Sierra | I12: {=_xlfn.XLOOKUP(B12,Vendedores!$A$2:$A$41,Vendedores!$D$2:$D$41,"No hay datos")} -> Región Central | J12: {=_xlfn.XLOOKUP(A12,Productos!$A$2:$A$61,Productos!$B$2:$F$61)} -> Cinturón | K12: Única | L12: Accesorios | M12: $34,43 | N12: $49,90
A13: =IFERROR(__xludf.DUMMYFUNCTION("""COMPUTED_VALUE"""),"PR055") -> PR055 | B13: =IFERROR(__xludf.DUMMYFUNCTION("""COMPUTED_VALUE"""),"VD015") -> VD015 | C13: =IFERROR(__xludf.DUMMYFUNCTION("""COMPUTED_VALUE"""),18.0) -> 18 | D13: =IFERROR(__xludf.DUMMYFUNCTION("""COMPUTED_VALUE"""),1844.75) -> 1844.75 | E13: =IFERROR(__xludf.DUMMYFUNCTION("GOOGLEFINANCE(""Currency:BRLMXN"")*D13"),6267.538125) -> 6267.5381 | F13: =IFERROR(__xludf.DUMMYFUNCTION("GOOGLEFINANCE(""Currency:BRLPEN"")*D13"),1209.4180999999999) -> 1209.4181 | G13: {=_xlfn.XLOOKUP(B13,Vendedores!$A$2:$A$41,Vendedores!$B$2:$B$41,"No hay datos")} -> Lucas Castillo | H13: {=_xlfn.XLOOKUP(B13,Vendedores!$A$2:$A$41,Vendedores!$C$2:$C$41,"No hay datos")} -> San Miguel de los Pinos | I13: {=_xlfn.XLOOKUP(B13,Vendedores!$A$2:$A$41,Vendedores!$D$2:$D$41,"No hay datos")} -> Región Sur | J13: {=_xlfn.XLOOKUP(A13,Productos!$A$2:$A$61,Productos!$B$2:$F$61)} -> Sandalia plana | K13: 35 | L13: Calzado | M13: $58,44 | N13: $89,90
A14: =IFERROR(__xludf.DUMMYFUNCTION("""COMPUTED_VALUE"""),"PR052") -> PR052 | B14: =IFERROR(__xludf.DUMMYFUNCTION("""COMPUTED_VALUE"""),"VD012") -> VD012 | C14: =IFERROR(__xludf.DUMMYFUNCTION("""COMPUTED_VALUE"""),16.0) -> 16 | D14: =IFERROR(__xludf.DUMMYFUNCTION("""COMPUTED_VALUE"""),950.1) -> 950.1 | E14: =IFERROR(__xludf.DUMMYFUNCTION("GOOGLEFINANCE(""Currency:BRLMXN"")*D14"),3227.96475) -> 3227.9648 | F14: =IFERROR(__xludf.DUMMYFUNCTION("GOOGLEFINANCE(""Currency:BRLPEN"")*D14"),622.8855599999999) -> 622.88556 | G14: {=_xlfn.XLOOKUP(B14,Vendedores!$A$2:$A$41,Vendedores!$B$2:$B$41,"No hay datos")} -> Ana Olmedo | H14: {=_xlfn.XLOOKUP(B14,Vendedores!$A$2:$A$41,Vendedores!$C$2:$C$41,"No hay datos")} -> Río Claro | I14: {=_xlfn.XLOOKUP(B14,Vendedores!$A$2:$A$41,Vendedores!$D$2:$D$41,"No hay datos")} -> Región Central | J14: {=_xlfn.XLOOKUP(A14,Productos!$A$2:$A$61,Productos!$B$2:$F$61)} -> Falda plisada | K14: S | L14: Ropa | M14: $31,94 | N14: $49,90
A15: =IFERROR(__xludf.DUMMYFUNCTION("""COMPUTED_VALUE"""),"PR052") -> PR052 | B15: =IFERROR(__xludf.DUMMYFUNCTION("""COMPUTED_VALUE"""),"VD043") -> VD043 | C15: =IFERROR(__xludf.DUMMYFUNCTION("""COMPUTED_VALUE"""),9.0) -> 9 | D15: =IFERROR(__xludf.DUMMYFUNCTION("""COMPUTED_VALUE"""),511.97) -> 511.97 | E15: =IFERROR(__xludf.DUMMYFUNCTION("GOOGLEFINANCE(""Currency:BRLMXN"")*D15"),1739.418075) -> 1739.4181 | F15: =IFERROR(__xludf.DUMMYFUNCTION("GOOGLEFINANCE(""Currency:BRLPEN"")*D15"),335.647532) -> 335.64753 | G15: {=_xlfn.XLOOKUP(B15,Vendedores!$A$2:$A$41,Vendedores!$B$2:$B$41,"No hay datos")} -> Carlos Henríquez | H15: {=_xlfn.XLOOKUP(B15,Vendedores!$A$2:$A$41,Vendedores!$C$2:$C$41,"No hay datos")} -> Ciudad Aeropuerto | I15: {=_xlfn.XLOOKUP(B15,Vendedores!$A$2:$A$41,Vendedores!$D$2:$D$41,"No hay datos")} -> Región Central 2 | J15: {=_xlfn.XLOOKUP(A15,Productos!$A$2:$A$61,Productos!$B$2:$F$61)} -> Falda plisada | K15: S | L15: Ropa | M15: $31,94 | N15: $49,90
A16: =IFERROR(__xludf.DUMMYFUNCTION("""COMPUTED_VALUE"""),"PR014") -> PR014 | B16: =IFERROR(__xludf.DUMMYFUNCTION("""COMPUTED_VALUE"""),"VD020") -> VD020 | C16: =IFERROR(__xludf.DUMMYFUNCTION("""COMPUTED_VALUE"""),9.0) -> 9 | D16: =IFERROR(__xludf.DUMMYFUNCTION("""COMPUTED_VALUE"""),420.15) -> 420.15 | E16: =IFERROR(__xludf.DUMMYFUNCTION("GOOGLEFINANCE(""Currency:BRLMXN"")*D16"),1427.459625) -> 1427.4596 | F16: =IFERROR(__xludf.DUMMYFUNCTION("GOOGLEFINANCE(""Currency:BRLPEN"")*D16"),275.45034) -> 275.45034 | G16: {=_xlfn.XLOOKUP(B16,Vendedores!$A$2:$A$41,Vendedores!$B$2:$B$41,"No hay datos")} -> Gustavo Morales | H16: {=_xlfn.XLOOKUP(B16,Vendedores!$A$2:$A$41,Vendedores!$C$2:$C$41,"No hay datos")} -> Villa del Sol | I16: {=_xlfn.XLOOKUP(B16,Vendedores!$A$2:$A$41,Vendedores!$D$2:$D$41,"No hay datos")} -> Región Central 2 | J16: {=_xlfn.XLOOKUP(A16,Productos!$A$2:$A$61,Productos!$B$2:$F$61)} -> Playera estampada | K16: M | L16: Ropa | M16: $20,75 | N16: $39,90
A17: =IFERROR(__xludf.DUMMYFUNCTION("""COMPUTED_VALUE"""),"PR055") -> PR055 | B17: =IFERROR(__xludf.DUMMYFUNCTION("""COMPUTED_VALUE"""),"VD019") -> VD019 | C17: =IFERROR(__xludf.DUMMYFUNCTION("""COMPUTED_VALUE"""),9.0) -> 9 | D17: =IFERROR(__xludf.DUMMYFUNCTION("""COMPUTED_VALUE"""),890.01) -> 890.01 | E17: =IFERROR(__xludf.DUMMYFUNCTION("GOOGLEFINANCE(""Currency:BRLMXN"")*D17"),3023.808975) -> 3023.809 | F17: =IFERROR(__xludf.DUMMYFUNCTION("GOOGLEFINANCE(""Currency:BRLPEN"")*D17"),583.490556) -> 583.49056 | G17: {=_xlfn.XLOOKUP(B17,Vendedores!$A$2:$A$41,Vendedores!$B$2:$B$41,"No hay datos")} -> Rafael Sosa | H17: {=_xlfn.XLOOKUP(B17,Vendedores!$A$2:$A$41,Vendedores!$C$2:$C$41,"No hay datos")} -> Selva Verde | I17: {=_xlfn.XLOOKUP(B17,Vendedores!$A$2:$A$41,Vendedores!$D$2:$D$41,"No hay datos")} -> Región Amazónica | J17: {=_xlfn.XLOOKUP(A17,Productos!$A$2:$A$61,Productos!$B$2:$F$61)} -> Sandalia plana | K17: 35 | L17: Calzado | M17: $58,44 | N17: $89,90
A18: =IFERROR(__xludf.DUMMYFUNCTION("""COMPUTED_VALUE"""),"PR045") -> PR045 | B18: =IFERROR(__xludf.DUMMYFUNCTION("""COMPUTED_VALUE"""),"VD041") -> VD041 | C18: =IFERROR(__xludf.DUMMYFUNCTION("""COMPUTED_VALUE"""),14.0) -> 14 | D18: =IFERROR(__xludf.DUMMYFUNCTION("""COMPUTED_VALUE"""),1157.1) -> 1157.1 | E18: =IFERROR(__xludf.DUMMYFUNCTION("GOOGLEFINANCE(""Currency:BRLMXN"")*D18"),3931.2472499999994) -> 3931.2472 | F18: =IFERROR(__xludf.DUMMYFUNCTION("GOOGLEFINANCE(""Currency:BRLPEN"")*D18"),758.59476) -> 758.59476 | G18: {=_xlfn.XLOOKUP(B18,Vendedores!$A$2:$A$41,Vendedores!$B$2:$B$41,"No hay datos")} -> Alejandro Ramos | H18: {=_xlfn.XLOOKUP(B18,Vendedores!$A$2:$A$41,Vendedores!$C$2:$C$41,"No hay datos")} -> San Martín de las Rosas | I18: {=_xlfn.XLOOKUP(B18,Vendedores!$A$2:$A$41,Vendedores!$D$2:$D$41,"No hay datos")} -> Región Central 2 | J18: {=_xlfn.XLOOKUP(A18,Productos!$A$2:$A$61,Productos!$B$2:$F$61)} -> Vestido floral | K18: L | L18: Ropa | M18: $42,78 | N18: $72,50
A19: =IFERROR(__xludf.DUMMYFUNCTION("""COMPUTED_VALUE"""),"PR053") -> PR053 | B19: =IFERROR(__xludf.DUMMYFUNCTION("""COMPUTED_VALUE"""),"VD013") -> VD013 | C19: =IFERROR(__xludf.DUMMYFUNCTION("""COMPUTED_VALUE"""),9.0) -> 9 | D19: =IFERROR(__xludf.DUMMYFUNCTION("""COMPUTED_VALUE"""),511.97) -> 511.97 | E19: =IFERROR(__xludf.DUMMYFUNCTION("GOOGLEFINANCE(""Currency:BRLMXN"")*D19"),1739.418075) -> 1739.4181 | F19: =IFERROR(__xludf.DUMMYFUNCTION("GOOGLEFINANCE(""Currency:BRLPEN"")*D19"),335.647532) -> 335.64753 | G19: {=_xlfn.XLOOKUP(B19,Vendedores!$A$2:$A$41,Vendedores!$B$2:$B$41,"No hay datos")} -> Pedro Almonte | H19: {=_xlfn.XLOOKUP(B19,Vendedores!$A$2:$A$41,Vendedores!$C$2:$C$41,"No hay datos")} -> Santa Rosa del Valle | I19: {=_xlfn.XLOOKUP(B19,Vendedores!$A$2:$A$41,Vendedores!$D$2:$D$41,"No hay datos")} -> Región Norte | J19: {=_xlfn.XLOOKUP(A19,Productos!$A$2:$A$61,Productos!$B$2:$F$61)} -> Falda plisada | K19: M | L19: Ropa | M19: $28,94 | N19: $49,90
A20: =IFERROR(__xludf.DUMMYFUNCTION("""COMPUTED_VALUE"""),"PR054") -> PR054 | B20: =IFERROR(__xludf.DUMMYFUNCTION("""COMPUTED_VALUE"""),"VD028") -> VD028 | C20: =IFERROR(__xludf.DUMMYFUNCTION("""COMPUTED_VALUE"""),9.0) -> 9 | D20: =IFERROR(__xludf.DUMMYFUNCTION("""COMPUTED_VALUE"""),538.92) -> 538.92 | E20: =IFERROR(__xludf.DUMMYFUNCTION("GOOGLEFINANCE(""Currency:BRLMXN"")*D20"),1830.9806999999998) -> 1830.9807 | F20: =IFERROR(__xludf.DUMMYFUNCTION("GOOGLEFINANCE(""Currency:BRLPEN"")*D20"),353.3159519999999) -> 353.31595 | G20: {=_xlfn.XLOOKUP(B20,Vendedores!$A$2:$A$41,Vendedores!$B$2:$B$41,"No hay datos")} -> Rodrigo Almonte | H20: {=_xlfn.XLOOKUP(B20,Vendedores!$A$2:$A$41,Vendedores!$C$2:$C$41,"No hay datos")} -> Valle Escondido | I20: {=_xlfn.XLOOKUP(B20,Vendedores!$A$2:$A$41,Vendedores!$D$2:$D$41,"No hay datos")} -> Región Andina | J20: {=_xlfn.XLOOKUP(A20,Productos!$A$2:$A$61,Productos!$B$2:$F$61)} -> Falda plisada | K20: L | L20: Ropa | M20: $34,93 | N20: $49,90
A21: =IFERROR(__xludf.DUMMYFUNCTION("""COMPUTED_VALUE"""),"PR020") -> PR020 | B21: =IFERROR(__xludf.DUMMYFUNCTION("""COMPUTED_VALUE"""),"VD047") -> VD047 | C21: =IFERROR(__xludf.DUMMYFUNCTION("""COMPUTED_VALUE"""),27.0) -> 27 | D21: =IFERROR(__xludf.DUMMYFUNCTION("""COMPUTED_VALUE"""),8907.03) -> 8907.03 | E21: =IFERROR(__xludf.DUMMYFUNCTION("GOOGLEFINANCE(""Currency:BRLMXN"")*D21"),30261.634425) -> 30261.634 | F21: =IFERROR(__xludf.DUMMYFUNCTION("GOOGLEFINANCE(""Currency:BRLPEN"")*D21"),5839.448868) -> 5839.4489 | G21: {=_xlfn.XLOOKUP(B21,Vendedores!$A$2:$A$41,Vendedores!$B$2:$B$41,"No hay datos")} -> Andrés López | H21: {=_xlfn.XLOOKUP(B21,Vendedores!$A$2:$A$41,Vendedores!$C$2:$C$41,"No hay datos")} -> Villa Progreso | I21: {=_xlfn.XLOOKUP(B21,Vendedores!$A$2:$A$41,Vendedores!$D$2:$D$41,"No hay datos")} -> Región Central 2 | J21: {=_xlfn.XLOOKUP(A21,Productos!$A$2:$A$61,Productos!$B$2:$F$61)} -> Chaqueta de cuero | K21: S | L21: Ropa | M21: $164,95 | N21: $299,90
A22: =IFERROR(__xludf.DUMMYFUNCTION("""COMPUTED_VALUE"""),"PR047") -> PR047 | B22: =IFERROR(__xludf.DUMMYFUNCTION("""COMPUTED_VALUE"""),"VD017") -> VD017 | C22: =IFERROR(__xludf.DUMMYFUNCTION("""COMPUTED_VALUE"""),12.0) -> 12 | D22: =IFERROR(__xludf.DUMMYFUNCTION("""COMPUTED_VALUE"""),4174.56) -> 4174.56 | E22: =IFERROR(__xludf.DUMMYFUNCTION("GOOGLEFINANCE(""Currency:BRLMXN"")*D22"),14183.0676) -> 14183.068 | F22: =IFERROR(__xludf.DUMMYFUNCTION("GOOGLEFINANCE(""Currency:BRLPEN"")*D22"),2736.841536) -> 2736.8415 | G22: {=_xlfn.XLOOKUP(B22,Vendedores!$A$2:$A$41,Vendedores!$B$2:$B$41,"No hay datos")} -> Bruno Peralta | H22: {=_xlfn.XLOOKUP(B22,Vendedores!$A$2:$A$41,Vendedores!$C$2:$C$41,"No hay datos")} -> Costa Azul | I22: {=_xlfn.XLOOKUP(B22,Vendedores!$A$2:$A$41,Vendedores!$D$2:$D$41,"No hay datos")} -> Región Norte | J22: {=_xlfn.XLOOKUP(A22,Productos!$A$2:$A$61,Productos!$B$2:$F$61)} -> Chaqueta de cuero | K22: M | L22: Ropa | M22: $194,23 | N22: $289,90
A23: =IFERROR(__xludf.DUMMYFUNCTION("""COMPUTED_VALUE"""),"PR047") -> PR047 | B23: =IFERROR(__xludf.DUMMYFUNCTION("""COMPUTED_VALUE"""),"VD040") -> VD040 | C23: =IFERROR(__xludf.DUMMYFUNCTION("""COMPUTED_VALUE"""),15.0) -> 15 | D23: =IFERROR(__xludf.DUMMYFUNCTION("""COMPUTED_VALUE"""),4826.84) -> 4826.84 | E23: =IFERROR(__xludf.DUMMYFUNCTION("GOOGLEFINANCE(""Currency:BRLMXN"")*D23"),16399.1889) -> 16399.189 | F23: =IFERROR(__xludf.DUMMYFUNCTION("GOOGLEFINANCE(""Currency:BRLPEN"")*D23"),3164.476304) -> 3164.4763 | G23: {=_xlfn.XLOOKUP(B23,Vendedores!$A$2:$A$41,Vendedores!$B$2:$B$41,"No hay datos")} -> Tatiana Montero | H23: {=_xlfn.XLOOKUP(B23,Vendedores!$A$2:$A$41,Vendedores!$C$2:$C$41,"No hay datos")} -> Ciudad Industrial | I23: {=_xlfn.XLOOKUP(B23,Vendedores!$A$2:$A$41,Vendedores!$D$2:$D$41,"No hay datos")} -> Región Central 2 | J23: {=_xlfn.XLOOKUP(A23,Productos!$A$2:$A$61,Productos!$B$2:$F$61)} -> Chaqueta de cuero | K23: M | L23: Ropa | M23: $194,23 | N23: $289,90
A24: =IFERROR(__xludf.DUMMYFUNCTION("""COMPUTED_VALUE"""),"PR003") -> PR003 | B24: =IFERROR(__xludf.DUMMYFUNCTION("""COMPUTED_VALUE"""),"VD033") -> VD033 | C24: =IFERROR(__xludf.DUMMYFUNCTION("""COMPUTED_VALUE"""),8.0) -> 8 | D24: =IFERROR(__xludf.DUMMYFUNCTION("""COMPUTED_VALUE"""),629.59) -> 629.59 | E24: =IFERROR(__xludf.DUMMYFUNCTION("GOOGLEFINANCE(""Currency:BRLMXN"")*D24"),2139.032025) -> 2139.032 | F24: =IFERROR(__xludf.DUMMYFUNCTION("GOOGLEFINANCE(""Currency:BRLPEN"")*D24"),412.759204) -> 412.7592 | G24: {=_xlfn.XLOOKUP(B24,Vendedores!$A$2:$A$41,Vendedores!$B$2:$B$41,"No hay datos")} -> Renata Flores | H24: {=_xlfn.XLOOKUP(B24,Vendedores!$A$2:$A$41,Vendedores!$C$2:$C$41,"No hay datos")} -> Altos del Sur | I24: {=_xlfn.XLOOKUP(B24,Vendedores!$A$2:$A$41,Vendedores!$D$2:$D$41,"No hay datos")} -> Región Central 2 | J24: {=_xlfn.XLOOKUP(A24,Productos!$A$2:$A$61,Productos!$B$2:$F$61)} -> Bermuda | K24: L | L24: Ropa | M24: $45,38 | N24: $70,90
A25: =IFERROR(__xludf.DUMMYFUNCTION("""COMPUTED_VALUE"""),"PR058") -> PR058 | B25: =IFERROR(__xludf.DUMMYFUNCTION("""COMPUTED_VALUE"""),"VD014") -> VD014 | C25: =IFERROR(__xludf.DUMMYFUNCTION("""COMPUTED_VALUE"""),21.0) -> 21 | D25: =IFERROR(__xludf.DUMMYFUNCTION("""COMPUTED_VALUE"""),4536.0) -> 4536 | E25: =IFERROR(__xludf.DUMMYFUNCTION("GOOGLEFINANCE(""Currency:BRLMXN"")*D25"),15411.06) -> 15411.06 | F25: =IFERROR(__xludf.DUMMYFUNCTION("GOOGLEFINANCE(""Currency:BRLPEN"")*D25"),2973.8016) -> 2973.8016 | G25: {=_xlfn.XLOOKUP(B25,Vendedores!$A$2:$A$41,Vendedores!$B$2:$B$41,"No hay datos")} -> Carla Flores | H25: {=_xlfn.XLOOKUP(B25,Vendedores!$A$2:$A$41,Vendedores!$C$2:$C$41,"No hay datos")} -> Valle Escondido | I25: {=_xlfn.XLOOKUP(B25,Vendedores!$A$2:$A$41,Vendedores!$D$2:$D$41,"No hay datos")} -> Región Andina | J25: {=_xlfn.XLOOKUP(A25,Productos!$A$2:$A$61,Productos!$B$2:$F$61)} -> Pantalón de sastre | K25: S | L25: Ropa | M25: $113,40 | N25: $180,00
A26: =IFERROR(__xludf.DUMMYFUNCTION("""COMPUTED_VALUE"""),"PR049") -> PR049 | B26: =IFERROR(__xludf.DUMMYFUNCTION("""COMPUTED_VALUE"""),"VD029") -> VD029 | C26: =IFERROR(__xludf.DUMMYFUNCTION("""COMPUTED_VALUE"""),12.0) -> 12 | D26: =IFERROR(__xludf.DUMMYFUNCTION("""COMPUTED_VALUE"""),473.76) -> 473.76 | E26: =IFERROR(__xludf.DUMMYFUNCTION("GOOGLEFINANCE(""Currency:BRLMXN"")*D26"),1609.5996) -> 1609.5996 | F26: =IFERROR(__xludf.DUMMYFUNCTION("GOOGLEFINANCE(""Currency:BRLPEN"")*D26"),310.59705599999995) -> 310.59706 | G26: {=_xlfn.XLOOKUP(B26,Vendedores!$A$2:$A$41,Vendedores!$B$2:$B$41,"No hay datos")} -> Gabriela Sosa | H26: {=_xlfn.XLOOKUP(B26,Vendedores!$A$2:$A$41,Vendedores!$C$2:$C$41,"No hay datos")} -> Selva Verde | I26: {=_xlfn.XLOOKUP(B26,Vendedores!$A$2:$A$41,Vendedores!$D$2:$D$41,"No hay datos")} -> Región Amazónica | J26: {=_xlfn.XLOOKUP(A26,Productos!$A$2:$A$61,Productos!$B$2:$F$61)} -> Playera a rayas | K26: S | L26: Ropa | M26: $18,75 | N26: $32,90
A27: =IFERROR(__xludf.DUMMYFUNCTION("""COMPUTED_VALUE"""),"PR035") -> PR035 | B27: =IFERROR(__xludf.DUMMYFUNCTION("""COMPUTED_VALUE"""),"VD010") -> VD010 | C27: =IFERROR(__xludf.DUMMYFUNCTION("""COMPUTED_VALUE"""),27.0) -> 27 | D27: =IFERROR(__xludf.DUMMYFUNCTION("""COMPUTED_VALUE"""),2763.94) -> 2763.94 | E27: =IFERROR(__xludf.DUMMYFUNCTION("GOOGLEFINANCE(""Currency:BRLMXN"")*D27"),9390.48615) -> 9390.4862 | F27: =IFERROR(__xludf.DUMMYFUNCTION("GOOGLEFINANCE(""Currency:BRLPEN"")*D27"),1812.0390639999998) -> 1812.0391 | G27: {=_xlfn.XLOOKUP(B27,Vendedores!$A$2:$A$41,Vendedores!$B$2:$B$41,"No hay datos")} -> María Silva | H27: {=_xlfn.XLOOKUP(B27,Vendedores!$A$2:$A$41,Vendedores!$C$2:$C$41,"No hay datos")} -> San Juan de la Sierra | I27: {=_xlfn.XLOOKUP(B27,Vendedores!$A$2:$A$41,Vendedores!$D$2:$D$41,"No hay datos")} -> Región Central | J27: {=_xlfn.XLOOKUP(A27,Productos!$A$2:$A$61,Productos!$B$2:$F$61)} -> Vestido corto | K27: M | L27: Ropa | M27: $46,61 | N27: $91,40
A28: =IFERROR(__xludf.DUMMYFUNCTION("""COMPUTED_VALUE"""),"PR003") -> PR003 | B28: =IFERROR(__xludf.DUMMYFUNCTION("""COMPUTED_VALUE"""),"VD024") -> VD024 | C28: =IFERROR(__xludf.DUMMYFUNCTION("""COMPUTED_VALUE"""),18.0) -> 18 | D28: =IFERROR(__xludf.DUMMYFUNCTION("""COMPUTED_VALUE"""),1480.39) -> 1480.39 | E28: =IFERROR(__xludf.DUMMYFUNCTION("GOOGLEFINANCE(""Currency:BRLMXN"")*D28"),5029.625025) -> 5029.625 | F28: =IFERROR(__xludf.DUMMYFUNCTION("GOOGLEFINANCE(""Currency:BRLPEN"")*D28"),970.543684) -> 970.54368 | G28: {=_xlfn.XLOOKUP(B28,Vendedores!$A$2:$A$41,Vendedores!$B$2:$B$41,"No hay datos")} -> Marcos Rivera | H28: {=_xlfn.XLOOKUP(B28,Vendedores!$A$2:$A$41,Vendedores!$C$2:$C$41,"No hay datos")} -> Santa Rosa del Valle | I28: {=_xlfn.XLOOKUP(B28,Vendedores!$A$2:$A$41,Vendedores!$D$2:$D$41,"No hay datos")} -> Región Norte | J28: {=_xlfn.XLOOKUP(A28,Productos!$A$2:$A$61,Productos!$B$2:$F$61)} -> Bermuda | K28: L | L28: Ropa | M28: $45,38 | N28: $70,90
A29: =IFERROR(__xludf.DUMMYFUNCTION("""COMPUTED_VALUE"""),"PR006") -> PR006 | B29: =IFERROR(__xludf.DUMMYFUNCTION("""COMPUTED_VALUE"""),"VD021") -> VD021 | C29: =IFERROR(__xludf.DUMMYFUNCTION("""COMPUTED_VALUE"""),27.0) -> 27 | D29: =IFERROR(__xludf.DUMMYFUNCTION("""COMPUTED_VALUE"""),1249.67) -> 1249.67 | E29: =IFERROR(__xludf.DUMMYFUNCTION("GOOGLEFINANCE(""Currency:BRLMXN"")*D29"),4245.753825) -> 4245.7538 | F29: =IFERROR(__xludf.DUMMYFUNCTION("GOOGLEFINANCE(""Currency:BRLPEN"")*D29"),819.283652) -> 819.28365 | G29: {=_xlfn.XLOOKUP(B29,Vendedores!$A$2:$A$41,Vendedores!$B$2:$B$41,"No hay datos")} -> Fernanda Méndez | H29: {=_xlfn.XLOOKUP(B29,Vendedores!$A$2:$A$41,Vendedores!$C$2:$C$41,"No hay datos")} -> San Juan de la Sierra | I29: {=_xlfn.XLOOKUP(B29,Vendedores!$A$2:$A$41,Vendedores!$D$2:$D$41,"No hay datos")} -> Región Central | J29: {=_xlfn.XLOOKUP(A29,Productos!$A$2:$A$61,Productos!$B$2:$F$61)} -> Gorra | K29: Única | L29: Accesorios | M29: $27,13 | N29: $39,90
A30: =IFERROR(__xludf.DUMMYFUNCTION("""COMPUTED_VALUE"""),"PR002") -> PR002 | B30: =IFERROR(__xludf.DUMMYFUNCTION("""COMPUTED_VALUE"""),"VD040") -> VD040 | C30: =IFERROR(__xludf.DUMMYFUNCTION("""COMPUTED_VALUE"""),24.0) -> 24 | D30: =IFERROR(__xludf.DUMMYFUNCTION("""COMPUTED_VALUE"""),1996.34) -> 1996.34 | E30: =IFERROR(__xludf.DUMMYFUNCTION("GOOGLEFINANCE(""Currency:BRLMXN"")*D30"),6782.565149999999) -> 6782.5652 | F30: =IFERROR(__xludf.DUMMYFUNCTION("GOOGLEFINANCE(""Currency:BRLPEN"")*D30"),1308.8005039999998) -> 1308.8005 | G30: {=_xlfn.XLOOKUP(B30,Vendedores!$A$2:$A$41,Vendedores!$B$2:$B$41,"No hay datos")} -> Tatiana Montero | H30: {=_xlfn.XLOOKUP(B30,Vendedores!$A$2:$A$41,Vendedores!$C$2:$C$41,"No hay datos")} -> Ciudad Industrial | I30: {=_xlfn.XLOOKUP(B30,Vendedores!$A$2:$A$41,Vendedores!$D$2:$D$41,"No hay datos")} -> Región Central 2 | J30: {=_xlfn.XLOOKUP(A30,Productos!$A$2:$A$61,Productos!$B$2:$F$61)} -> Bermuda | K30: M | L30: Ropa | M30: $39,14 | N30: $69,90
A31: =IFERROR(__xludf.DUMMYFUNCTION("""COMPUTED_VALUE"""),"PR038") -> PR038 | B31: =IFERROR(__xludf.DUMMYFUNCTION("""COMPUTED_VALUE"""),"VD016") -> VD016 | C31: =IFERROR(__xludf.DUMMYFUNCTION("""COMPUTED_VALUE"""),12.0) -> 12 | D31: =IFERROR(__xludf.DUMMYFUNCTION("""COMPUTED_VALUE"""),1972.02) -> 1972.02 | E31: =IFERROR(__xludf.DUMMYFUNCTION("GOOGLEFINANCE(""Currency:BRLMXN"")*D31"),6699.93795) -> 6699.9379 | F31: =IFERROR(__xludf.DUMMYFUNCTION("GOOGLEFINANCE(""Currency:BRLPEN"")*D31"),1292.856312) -> 1292.8563 | G31: {=_xlfn.XLOOKUP(B31,Vendedores!$A$2:$A$41,Vendedores!$B$2:$B$41,"No hay datos")} -> Beatriz Linares | H31: {=_xlfn.XLOOKUP(B31,Vendedores!$A$2:$A$41,Vendedores!$C$2:$C$41,"No hay datos")} -> Puerto Esperanza | I31: {=_xlfn.XLOOKUP(B31,Vendedores!$A$2:$A$41,Vendedores!$D$2:$D$41,"No hay datos")} -> Región Sur | J31: {=_xlfn.XLOOKUP(A31,Productos!$A$2:$A$61,Productos!$B$2:$F$61)} -> Vestido largo | K31: M | L31: Ropa | M31: $98,60 | N31: $142,90
A32: =IFERROR(__xludf.DUMMYFUNCTION("""COMPUTED_VALUE"""),"PR027") -> PR027 | B32: =IFERROR(__xludf.DUMMYFUNCTION("""COMPUTED_VALUE"""),"VD035") -> VD035 | C32: =IFERROR(__xludf.DUMMYFUNCTION("""COMPUTED_VALUE"""),30.0) -> 30 | D32: =IFERROR(__xludf.DUMMYFUNCTION("""COMPUTED_VALUE"""),3996.0) -> 3996 | E32: =IFERROR(__xludf.DUMMYFUNCTION("GOOGLEFINANCE(""Currency:BRLMXN"")*D32"),13576.41) -> 13576.41 | F32: =IFERROR(__xludf.DUMMYFUNCTION("GOOGLEFINANCE(""Currency:BRLPEN"")*D32"),2619.7776) -> 2619.7776 | G32: {=_xlfn.XLOOKUP(B32,Vendedores!$A$2:$A$41,Vendedores!$B$2:$B$41,"No hay datos")} -> Carolina Méndez | H32: {=_xlfn.XLOOKUP(B32,Vendedores!$A$2:$A$41,Vendedores!$C$2:$C$41,"No hay datos")} -> Valle de los Robles | I32: {=_xlfn.XLOOKUP(B32,Vendedores!$A$2:$A$41,Vendedores!$D$2:$D$41,"No hay datos")} -> Región Central 2 | J32: {=_xlfn.XLOOKUP(A32,Productos!$A$2:$A$61,Productos!$B$2:$F$61)} -> Gafas redondas | K32: Única | L32: Accesorios | M32: $66,00 | N32: $120,00
A33: =IFERROR(__xludf.DUMMYFUNCTION("""COMPUTED_VALUE"""),"PR059") -> PR059 | B33: =IFERROR(__xludf.DUMMYFUNCTION("""COMPUTED_VALUE"""),"VD049") -> VD049 | C33: =IFERROR(__xludf.DUMMYFUNCTION("""COMPUTED_VALUE"""),12.0) -> 12 | D33: =IFERROR(__xludf.DUMMYFUNCTION("""COMPUTED_VALUE"""),2419.2) -> 2419.2 | E33: =IFERROR(__xludf.DUMMYFUNCTION("GOOGLEFINANCE(""Currency:BRLMXN"")*D33"),8219.232) -> 8219.232 | F33: =IFERROR(__xludf.DUMMYFUNCTION("GOOGLEFINANCE(""Currency:BRLPEN"")*D33"),1586.0275199999999) -> 1586.0275 | G33: {=_xlfn.XLOOKUP(B33,Vendedores!$A$2:$A$41,Vendedores!$B$2:$B$41,"No hay datos")} -> Fernando Navarro | H33: {=_xlfn.XLOOKUP(B33,Vendedores!$A$2:$A$41,Vendedores!$C$2:$C$41,"No hay datos")} -> Colinas Verdes | I33: {=_xlfn.XLOOKUP(B33,Vendedores!$A$2:$A$41,Vendedores!$D$2:$D$41,"No hay datos")} -> Región Central 2 | J33: {=_xlfn.XLOOKUP(A33,Productos!$A$2:$A$61,Productos!$B$2:$F$61)} -> Pantalón de sastre | K33: M | L33: Ropa | M33: $95,40 | N33: $180,00
A34: =IFERROR(__xludf.DUMMYFUNCTION("""COMPUTED_VALUE"""),"PR035") -> PR035 | B34: =IFERROR(__xludf.DUMMYFUNCTION("""COMPUTED_VALUE"""),"VD019") -> VD019 | C34: =IFERROR(__xludf.DUMMYFUNCTION("""COMPUTED_VALUE"""),21.0) -> 21 | D34: =IFERROR(__xludf.DUMMYFUNCTION("""COMPUTED_VALUE"""),2207.31) -> 2207.31 | E34: =IFERROR(__xludf.DUMMYFUNCTION("GOOGLEFINANCE(""Currency:BRLMXN"")*D34"),7499.335725) -> 7499.3357 | F34: =IFERROR(__xludf.DUMMYFUNCTION("GOOGLEFINANCE(""Currency:BRLPEN"")*D34"),1447.112436) -> 1447.1124 | G34: {=_xlfn.XLOOKUP(B34,Vendedores!$A$2:$A$41,Vendedores!$B$2:$B$41,"No hay datos")} -> Rafael Sosa | H34: {=_xlfn.XLOOKUP(B34,Vendedores!$A$2:$A$41,Vendedores!$C$2:$C$41,"No hay datos")} -> Selva Verde | I34: {=_xlfn.XLOOKUP(B34,Vendedores!$A$2:$A$41,Vendedores!$D$2:$D$41,"No hay datos")} -> Región Amazónica | J34: {=_xlfn.XLOOKUP(A34,Productos!$A$2:$A$61,Productos!$B$2:$F$61)} -> Vestido corto | K34: M | L34: Ropa | M34: $46,61 | N34: $91,40
A35: =IFERROR(__xludf.DUMMYFUNCTION("""COMPUTED_VALUE"""),"PR028") -> PR028 | B35: =IFERROR(__xludf.DUMMYFUNCTION("""COMPUTED_VALUE"""),"VD011") -> VD011 | C35: =IFERROR(__xludf.DUMMYFUNCTION("""COMPUTED_VALUE"""),16.0) -> 16 | D35: =IFERROR(__xludf.DUMMYFUNCTION("""COMPUTED_VALUE"""),4718.11) -> 4718.11 | E35: =IFERROR(__xludf.DUMMYFUNCTION("GOOGLEFINANCE(""Currency:BRLMXN"")*D35"),16029.778724999998) -> 16029.779 | F35: =IFERROR(__xludf.DUMMYFUNCTION("GOOGLEFINANCE(""Currency:BRLPEN"")*D35"),3093.1929159999995) -> 3093.1929 | G35: {=_xlfn.XLOOKUP(B35,Vendedores!$A$2:$A$41,Vendedores!$B$2:$B$41,"No hay datos")} -> Juan Santos | H35: {=_xlfn.XLOOKUP(B35,Vendedores!$A$2:$A$41,Vendedores!$C$2:$C$41,"No hay datos")} -> Vista Hermosa | I35: {=_xlfn.XLOOKUP(B35,Vendedores!$A$2:$A$41,Vendedores!$D$2:$D$41,"No hay datos")} -> Región Central | J35: {=_xlfn.XLOOKUP(A35,Productos!$A$2:$A$61,Productos!$B$2:$F$61)} -> Tenis Atitas | K35: 36 | L35: Calzado | M35: $154,94 | N35: $249,90
A36: =IFERROR(__xludf.DUMMYFUNCTION("""COMPUTED_VALUE"""),"PR018") -> PR018 | B36: =IFERROR(__xludf.DUMMYFUNCTION("""COMPUTED_VALUE"""),"VD016") -> VD016 | C36: =IFERROR(__xludf.DUMMYFUNCTION("""COMPUTED_VALUE"""),10.0) -> 10 | D36: =IFERROR(__xludf.DUMMYFUNCTION("""COMPUTED_VALUE"""),378.35) -> 378.35 | E36: =IFERROR(__xludf.DUMMYFUNCTION("GOOGLEFINANCE(""Currency:BRLMXN"")*D36"),1285.444125) -> 1285.4441 | F36: =IFERROR(__xludf.DUMMYFUNCTION("GOOGLEFINANCE(""Currency:BRLPEN"")*D36"),248.04626) -> 248.04626 | G36: {=_xlfn.XLOOKUP(B36,Vendedores!$A$2:$A$41,Vendedores!$B$2:$B$41,"No hay datos")} -> Beatriz Linares | H36: {=_xlfn.XLOOKUP(B36,Vendedores!$A$2:$A$41,Vendedores!$C$2:$C$41,"No hay datos")} -> Puerto Esperanza | I36: {=_xlfn.XLOOKUP(B36,Vendedores!$A$2:$A$41,Vendedores!$D$2:$D$41,"No hay datos")} -> Región Sur | J36: {=_xlfn.XLOOKUP(A36,Productos!$A$2:$A$61,Productos!$B$2:$F$61)} -> Playera lisa | K36: L | L36: Ropa | M36: $17,77 | N36: $32,90
A37: =IFERROR(__xludf.DUMMYFUNCTION("""COMPUTED_VALUE"""),"PR035") -> PR035 | B37: =IFERROR(__xludf.DUMMYFUNCTION("""COMPUTED_VALUE"""),"VD018") -> VD018 | C37: =IFERROR(__xludf.DUMMYFUNCTION("""COMPUTED_VALUE"""),28.0) -> 28 | D37: =IFERROR(__xludf.DUMMYFUNCTION("""COMPUTED_VALUE"""),2149.73) -> 2149.73 | E37: =IFERROR(__xludf.DUMMYFUNCTION("GOOGLEFINANCE(""Currency:BRLMXN"")*D37"),7303.707675) -> 7303.7077 | F37: =IFERROR(__xludf.DUMMYFUNCTION("GOOGLEFINANCE(""Currency:BRLPEN"")*D37"),1409.3629879999999) -> 1409.363 | G37: {=_xlfn.XLOOKUP(B37,Vendedores!$A$2:$A$41,Vendedores!$B$2:$B$41,"No hay datos")} -> Leticia Rodríguez | H37: {=_xlfn.XLOOKUP(B37,Vendedores!$A$2:$A$41,Vendedores!$C$2:$C$41,"No hay datos")} -> Playa Blanca | I37: {=_xlfn.XLOOKUP(B37,Vendedores!$A$2:$A$41,Vendedores!$D$2:$D$41,"No hay datos")} -> Región Norte | J37: {=_xlfn.XLOOKUP(A37,Productos!$A$2:$A$61,Productos!$B$2:$F$61)} -> Vestido corto | K37: M | L37: Ropa | M37: $46,61 | N37: $91,40
A38: =IFERROR(__xludf.DUMMYFUNCTION("""COMPUTED_VALUE"""),"PR057") -> PR057 | B38: =IFERROR(__xludf.DUMMYFUNCTION("""COMPUTED_VALUE"""),"VD034") -> VD034 | C38: =IFERROR(__xludf.DUMMYFUNCTION("""COMPUTED_VALUE"""),9.0) -> 9 | D38: =IFERROR(__xludf.DUMMYFUNCTION("""COMPUTED_VALUE"""),906.19) -> 906.19 | E38: =IFERROR(__xludf.DUMMYFUNCTION("GOOGLEFINANCE(""Currency:BRLMXN"")*D38"),3078.780525) -> 3078.7805 | F38: =IFERROR(__xludf.DUMMYFUNCTION("GOOGLEFINANCE(""Currency:BRLPEN"")*D38"),594.098164) -> 594.09816 | G38: {=_xlfn.XLOOKUP(B38,Vendedores!$A$2:$A$41,Vendedores!$B$2:$B$41,"No hay datos")} -> Felipe Carvajal | H38: {=_xlfn.XLOOKUP(B38,Vendedores!$A$2:$A$41,Vendedores!$C$2:$C$41,"No hay datos")} -> San Pedro del Río | I38: {=_xlfn.XLOOKUP(B38,Vendedores!$A$2:$A$41,Vendedores!$D$2:$D$41,"No hay datos")} -> Región Sur 2 | J38: {=_xlfn.XLOOKUP(A38,Productos!$A$2:$A$61,Productos!$B$2:$F$61)} -> Sandalia plana | K38: 37 | L38: Calzado | M38: $48,55 | N38: $89,90
A39: =IFERROR(__xludf.DUMMYFUNCTION("""COMPUTED_VALUE"""),"PR004") -> PR004 | B39: =IFERROR(__xludf.DUMMYFUNCTION("""COMPUTED_VALUE"""),"VD024") -> VD024 | C39: =IFERROR(__xludf.DUMMYFUNCTION("""COMPUTED_VALUE"""),15.0) -> 15 | D39: =IFERROR(__xludf.DUMMYFUNCTION("""COMPUTED_VALUE"""),2610.0) -> 2610 | E39: =IFERROR(__xludf.DUMMYFUNCTION("GOOGLEFINANCE(""Currency:BRLMXN"")*D39"),8867.475) -> 8867.475 | F39: =IFERROR(__xludf.DUMMYFUNCTION("GOOGLEFINANCE(""Currency:BRLPEN"")*D39"),1711.116) -> 1711.116 | G39: {=_xlfn.XLOOKUP(B39,Vendedores!$A$2:$A$41,Vendedores!$B$2:$B$41,"No hay datos")} -> Marcos Rivera | H39: {=_xlfn.XLOOKUP(B39,Vendedores!$A$2:$A$41,Vendedores!$C$2:$C$41,"No hay datos")} -> Santa Rosa del Valle | I39: {=_xlfn.XLOOKUP(B39,Vendedores!$A$2:$A$41,Vendedores!$D$2:$D$41,"No hay datos")} -> Región Norte | J39: {=_xlfn.XLOOKUP(A39,Productos!$A$2:$A$61,Productos!$B$2:$F$61)} -> Bolso versátil | K39: Única | L39: Accesorios | M39: $92,80 | N39: $145,00
A40: =IFERROR(__xludf.DUMMYFUNCTION("""COMPUTED_VALUE"""),"PR014") -> PR014 | B40: =IFERROR(__xludf.DUMMYFUNCTION("""COMPUTED_VALUE"""),"VD011") -> VD011 | C40: =IFERROR(__xludf.DUMMYFUNCTION("""COMPUTED_VALUE"""),12.0) -> 12 | D40: =IFERROR(__xludf.DUMMYFUNCTION("""COMPUTED_VALUE"""),560.2) -> 560.2 | E40: =IFERROR(__xludf.DUMMYFUNCTION("GOOGLEFINANCE(""Currency:BRLMXN"")*D40"),1903.2795) -> 1903.2795 | F40: =IFERROR(__xludf.DUMMYFUNCTION("GOOGLEFINANCE(""Currency:BRLPEN"")*D40"),367.26712000000003) -> 367.26712 | G40: {=_xlfn.XLOOKUP(B40,Vendedores!$A$2:$A$41,Vendedores!$B$2:$B$41,"No hay datos")} -> Juan Santos | H40: {=_xlfn.XLOOKUP(B40,Vendedores!$A$2:$A$41,Vendedores!$C$2:$C$41,"No hay datos")} -> Vista Hermosa | I40: {=_xlfn.XLOOKUP(B40,Vendedores!$A$2:$A$41,Vendedores!$D$2:$D$41,"No hay datos")} -> Región Central | J40: {=_xlfn.XLOOKUP(A40,Productos!$A$2:$A$61,Productos!$B$2:$F$61)} -> Playera estampada | K40: M | L40: Ropa | M40: $20,75 | N40: $39,90
A41: =IFERROR(__xludf.DUMMYFUNCTION("""COMPUTED_VALUE"""),"PR027") -> PR027 | B41: =IFERROR(__xludf.DUMMYFUNCTION("""COMPUTED_VALUE"""),"VD018") -> VD018 | C41: =IFERROR(__xludf.DUMMYFUNCTION("""COMPUTED_VALUE"""),27.0) -> 27 | D41: =IFERROR(__xludf.DUMMYFUNCTION("""COMPUTED_VALUE"""),3888.0) -> 3888 | E41: =IFERROR(__xludf.DUMMYFUNCTION("GOOGLEFINANCE(""Currency:BRLMXN"")*D41"),13209.48) -> 13209.48 | F41: =IFERROR(__xludf.DUMMYFUNCTION("GOOGLEFINANCE(""Currency:BRLPEN"")*D41"),2548.9728) -> 2548.9728 | G41: {=_xlfn.XLOOKUP(B41,Vendedores!$A$2:$A$41,Vendedores!$B$2:$B$41,"No hay datos")} -> Leticia Rodríguez | H41: {=_xlfn.XLOOKUP(B41,Vendedores!$A$2:$A$41,Vendedores!$C$2:$C$41,"No hay datos")} -> Playa Blanca | I41: {=_xlfn.XLOOKUP(B41,Vendedores!$A$2:$A$41,Vendedores!$D$2:$D$41,"No hay datos")} -> Región Norte | J41: {=_xlfn.XLOOKUP(A41,Productos!$A$2:$A$61,Productos!$B$2:$F$61)} -> Gafas redondas | K41: Única | L41: Accesorios | M41: $66,00 | N41: $120,00
A42: =IFERROR(__xludf.DUMMYFUNCTION("""COMPUTED_VALUE"""),"PR032") -> PR032 | B42: =IFERROR(__xludf.DUMMYFUNCTION("""COMPUTED_VALUE"""),"VD011") -> VD011 | C42: =IFERROR(__xludf.DUMMYFUNCTION("""COMPUTED_VALUE"""),24.0) -> 24 | D42: =IFERROR(__xludf.DUMMYFUNCTION("""COMPUTED_VALUE"""),6600.0) -> 6600 | E42: =IFERROR(__xludf.DUMMYFUNCTION("GOOGLEFINANCE(""Currency:BRLMXN"")*D42"),22423.5) -> 22423.5 | F42: =IFERROR(__xludf.DUMMYFUNCTION("GOOGLEFINANCE(""Currency:BRLPEN"")*D42"),4326.96) -> 4326.96 | G42: {=_xlfn.XLOOKUP(B42,Vendedores!$A$2:$A$41,Vendedores!$B$2:$B$41,"No hay datos")} -> Juan Santos | H42: {=_xlfn.XLOOKUP(B42,Vendedores!$A$2:$A$41,Vendedores!$C$2:$C$41,"No hay datos")} -> Vista Hermosa | I42: {=_xlfn.XLOOKUP(B42,Vendedores!$A$2:$A$41,Vendedores!$D$2:$D$41,"No hay datos")} -> Región Central | J42: {=_xlfn.XLOOKUP(A42,Productos!$A$2:$A$61,Productos!$B$2:$F$61)} -> Tenis Chunky | K42: 37 | L42: Calzado | M42: $152,50 | N42: $250,00
