Workbook

Sheet Datos Ventas
A1: =IFERROR(__xludf.DUMMYFUNCTION("importdata(""https://drive.google.com/uc?export=download&id=1U1AR8u12BH41vb1Uvb31WaPc4KTs4qQo&v=2"","";"")"),"Empresa") -> Empresa | B1: =IFERROR(__xludf.DUMMYFUNCTION("""COMPUTED_VALUE"""),"Número de Documento") -> Número de Documento | C1: =IFERROR(__xludf.DUMMYFUNCTION("""COMPUTED_VALUE"""),"Año Fiscal") -> Año Fiscal | D1: =IFERROR(__xludf.DUMMYFUNCTION("""COMPUTED_VALUE"""),"Fecha") -> Fecha | E1: =IFERROR(__xludf.DUMMYFUNCTION("""COMPUTED_VALUE"""),"Tipo de Documento") -> Tipo de Documento | F1: =IFERROR(__xludf.DUMMYFUNCTION("""COMPUTED_VALUE"""),"Número de Artículo") -> Número de Artículo | G1: =IFERROR(__xludf.DUMMYFUNCTION("""COMPUTED_VALUE"""),"Material") -> Material | H1: =IFERROR(__xludf.DUMMYFUNCTION("""COMPUTED_VALUE"""),"Vendedor") -> Vendedor | I1: =IFERROR(__xludf.DUMMYFUNCTION("""COMPUTED_VALUE"""),"Cantidad") -> Cantidad | J1: =IFERROR(__xludf.DUMMYFUNCTION("""COMPUTED_VALUE"""),"Valor en Moneda Local") -> Valor en Moneda Local | K1: =IFERROR(__xludf.DUMMYFUNCTION("""COMPUTED_VALUE"""),"Valor en Moneda Extranjera") -> Valor en Moneda Extranjera
A2: =IFERROR(__xludf.DUMMYFUNCTION("""COMPUTED_VALUE"""),1000.0) -> 1000 | B2: =IFERROR(__xludf.DUMMYFUNCTION("""COMPUTED_VALUE"""),183456.0) -> 183456 | C2: =IFERROR(__xludf.DUMMYFUNCTION("""COMPUTED_VALUE"""),2026.0) -> 2026 | D2: =IFERROR(__xludf.DUMMYFUNCTION("""COMPUTED_VALUE"""),46387.0) -> 46387 | E2: =IFERROR(__xludf.DUMMYFUNCTION("""COMPUTED_VALUE"""),"VF") -> VF | F2: =IFERROR(__xludf.DUMMYFUNCTION("""COMPUTED_VALUE"""),1.0) -> 1 | G2: =IFERROR(__xludf.DUMMYFUNCTION("""COMPUTED_VALUE"""),"PR001") -> PR001 | H2: =IFERROR(__xludf.DUMMYFUNCTION("""COMPUTED_VALUE"""),"VD026") -> VD026 | I2: =IFERROR(__xludf.DUMMYFUNCTION("""COMPUTED_VALUE"""),27.0) -> 27 | J2: =IFERROR(__xludf.DUMMYFUNCTION("""COMPUTED_VALUE"""),1957.23) -> 1957.23 | K2: =IFERROR(__xludf.DUMMYFUNCTION("""COMPUTED_VALUE"""),1957.23) -> 1957.23
A3: =IFERROR(__xludf.DUMMYFUNCTION("""COMPUTED_VALUE"""),1000.0) -> 1000 | B3: =IFERROR(__xludf.DUMMYFUNCTION("""COMPUTED_VALUE"""),183456.0) -> 183456 | C3: =IFERROR(__xludf.DUMMYFUNCTION("""COMPUTED_VALUE"""),2026.0) -> 2026 | D3: =IFERROR(__xludf.DUMMYFUNCTION("""COMPUTED_VALUE"""),46387.0) -> 46387 | E3: =IFERROR(__xludf.DUMMYFUNCTION("""COMPUTED_VALUE"""),"VF") -> VF | F3: =IFERROR(__xludf.DUMMYFUNCTION("""COMPUTED_VALUE"""),2.0) -> 2 | G3: =IFERROR(__xludf.DUMMYFUNCTION("""COMPUTED_VALUE"""),"PR058") -> PR058 | H3: =IFERROR(__xludf.DUMMYFUNCTION("""COMPUTED_VALUE"""),"VD037") -> VD037 | I3: =IFERROR(__xludf.DUMMYFUNCTION("""COMPUTED_VALUE"""),14.0) -> 14 | J3: =IFERROR(__xludf.DUMMYFUNCTION("""COMPUTED_VALUE"""),2872.8) -> 2872.8 | K3: =IFERROR(__xludf.DUMMYFUNCTION("""COMPUTED_VALUE"""),2872.8) -> 2872.8
A4: =IFERROR(__xludf.DUMMYFUNCTION("""COMPUTED_VALUE"""),1000.0) -> 1000 | B4: =IFERROR(__xludf.DUMMYFUNCTION("""COMPUTED_VALUE"""),183457.0) -> 183457 | C4: =IFERROR(__xludf.DUMMYFUNCTION("""COMPUTED_VALUE"""),2026.0) -> 2026 | D4: =IFERROR(__xludf.DUMMYFUNCTION("""COMPUTED_VALUE"""),46387.0) -> 46387 | E4: =IFERROR(__xludf.DUMMYFUNCTION("""COMPUTED_VALUE"""),"VF") -> VF | F4: =IFERROR(__xludf.DUMMYFUNCTION("""COMPUTED_VALUE"""),1.0) -> 1 | G4: =IFERROR(__xludf.DUMMYFUNCTION("""COMPUTED_VALUE"""),"PR020") -> PR020 | H4: =IFERROR(__xludf.DUMMYFUNCTION("""COMPUTED_VALUE"""),"VD034") -> VD034 | I4: =IFERROR(__xludf.DUMMYFUNCTION("""COMPUTED_VALUE"""),20.0) -> 20 | J4: =IFERROR(__xludf.DUMMYFUNCTION("""COMPUTED_VALUE"""),7137.62) -> 7137.62 | K4: =IFERROR(__xludf.DUMMYFUNCTION("""COMPUTED_VALUE"""),7137.62) -> 7137.62
A5: =IFERROR(__xludf.DUMMYFUNCTION("""COMPUTED_VALUE"""),1000.0) -> 1000 | B5: =IFERROR(__xludf.DUMMYFUNCTION("""COMPUTED_VALUE"""),183458.0) -> 183458 | C5: =IFERROR(__xludf.DUMMYFUNCTION("""COMPUTED_VALUE"""),2026.0) -> 2026 | D5: =IFERROR(__xludf.DUMMYFUNCTION("""COMPUTED_VALUE"""),46387.0) -> 46387 | E5: =IFERROR(__xludf.DUMMYFUNCTION("""COMPUTED_VALUE"""),"VF") -> VF | F5: =IFERROR(__xludf.DUMMYFUNCTION("""COMPUTED_VALUE"""),1.0) -> 1 | G5: =IFERROR(__xludf.DUMMYFUNCTION("""COMPUTED_VALUE"""),"PR035") -> PR035 | H5: =IFERROR(__xludf.DUMMYFUNCTION("""COMPUTED_VALUE"""),"VD021") -> VD021 | I5: =IFERROR(__xludf.DUMMYFUNCTION("""COMPUTED_VALUE"""),24.0) -> 24 | J5: =IFERROR(__xludf.DUMMYFUNCTION("""COMPUTED_VALUE"""),2478.77) -> 2478.77 | K5: =IFERROR(__xludf.DUMMYFUNCTION("""COMPUTED_VALUE"""),2478.77) -> 2478.77
A6: =IFERROR(__xludf.DUMMYFUNCTION("""COMPUTED_VALUE"""),1000.0) -> 1000 | B6: =IFERROR(__xludf.DUMMYFUNCTION("""COMPUTED_VALUE"""),183459.0) -> 183459 | C6: =IFERROR(__xludf.DUMMYFUNCTION("""COMPUTED_VALUE"""),2026.0) -> 2026 | D6: =IFERROR(__xludf.DUMMYFUNCTION("""COMPUTED_VALUE"""),46387.0) -> 46387 | E6: =IFERROR(__xludf.DUMMYFUNCTION("""COMPUTED_VALUE"""),"VF") -> VF | F6: =IFERROR(__xludf.DUMMYFUNCTION("""COMPUTED_VALUE"""),1.0) -> 1 | G6: =IFERROR(__xludf.DUMMYFUNCTION("""COMPUTED_VALUE"""),"PR016") -> PR016 | H6: =IFERROR(__xludf.DUMMYFUNCTION("""COMPUTED_VALUE"""),"VD027") -> VD027 | I6: =IFERROR(__xludf.DUMMYFUNCTION("""COMPUTED_VALUE"""),10.0) -> 10 | J6: =IFERROR(__xludf.DUMMYFUNCTION("""COMPUTED_VALUE"""),303.03) -> 303.03 | K6: =IFERROR(__xludf.DUMMYFUNCTION("""COMPUTED_VALUE"""),303.03) -> 303.03
A7: =IFERROR(__xludf.DUMMYFUNCTION("""COMPUTED_VALUE"""),1000.0) -> 1000 | B7: =IFERROR(__xludf.DUMMYFUNCTION("""COMPUTED_VALUE"""),183460.0) -> 183460 | C7: =IFERROR(__xludf.DUMMYFUNCTION("""COMPUTED_VALUE"""),2026.0) -> 2026 | D7: =IFERROR(__xludf.DUMMYFUNCTION("""COMPUTED_VALUE"""),46387.0) -> 46387 | E7: =IFERROR(__xludf.DUMMYFUNCTION("""COMPUTED_VALUE"""),"VF") -> VF | F7: =IFERROR(__xludf.DUMMYFUNCTION("""COMPUTED_VALUE"""),1.0) -> 1 | G7: =IFERROR(__xludf.DUMMYFUNCTION("""COMPUTED_VALUE"""),"PR051") -> PR051 | H7: =IFERROR(__xludf.DUMMYFUNCTION("""COMPUTED_VALUE"""),"VD048") -> VD048 | I7: =IFERROR(__xludf.DUMMYFUNCTION("""COMPUTED_VALUE"""),18.0) -> 18 | J7: =IFERROR(__xludf.DUMMYFUNCTION("""COMPUTED_VALUE"""),704.72) -> 704.72 | K7: =IFERROR(__xludf.DUMMYFUNCTION("""COMPUTED_VALUE"""),704.72) -> 704.72
A8: =IFERROR(__xludf.DUMMYFUNCTION("""COMPUTED_VALUE"""),1000.0) -> 1000 | B8: =IFERROR(__xludf.DUMMYFUNCTION("""COMPUTED_VALUE"""),183461.0) -> 183461 | C8: =IFERROR(__xludf.DUMMYFUNCTION("""COMPUTED_VALUE"""),2026.0) -> 2026 | D8: =IFERROR(__xludf.DUMMYFUNCTION("""COMPUTED_VALUE"""),46387.0) -> 46387 | E8: =IFERROR(__xludf.DUMMYFUNCTION("""COMPUTED_VALUE"""),"VF") -> VF | F8: =IFERROR(__xludf.DUMMYFUNCTION("""COMPUTED_VALUE"""),1.0) -> 1 | G8: =IFERROR(__xludf.DUMMYFUNCTION("""COMPUTED_VALUE"""),"PR042") -> PR042 | H8: =IFERROR(__xludf.DUMMYFUNCTION("""COMPUTED_VALUE"""),"VD025") -> VD025 | I8: =IFERROR(__xludf.DUMMYFUNCTION("""COMPUTED_VALUE"""),27.0) -> 27 | J8: =IFERROR(__xludf.DUMMYFUNCTION("""COMPUTED_VALUE"""),1778.76) -> 1778.76 | K8: =IFERROR(__xludf.DUMMYFUNCTION("""COMPUTED_VALUE"""),1778.76) -> 1778.76
A9: =IFERROR(__xludf.DUMMYFUNCTION("""COMPUTED_VALUE"""),1000.0) -> 1000 | B9: =IFERROR(__xludf.DUMMYFUNCTION("""COMPUTED_VALUE"""),183462.0) -> 183462 | C9: =IFERROR(__xludf.DUMMYFUNCTION("""COMPUTED_VALUE"""),2026.0) -> 2026 | D9: =IFERROR(__xludf.DUMMYFUNCTION("""COMPUTED_VALUE"""),46387.0) -> 46387 | E9: =IFERROR(__xludf.DUMMYFUNCTION("""COMPUTED_VALUE"""),"VF") -> VF | F9: =IFERROR(__xludf.DUMMYFUNCTION("""COMPUTED_VALUE"""),1.0) -> 1 | G9: =IFERROR(__xludf.DUMMYFUNCTION("""COMPUTED_VALUE"""),"PR050") -> PR050 | H9: =IFERROR(__xludf.DUMMYFUNCTION("""COMPUTED_VALUE"""),"VD037") -> VD037 | I9: =IFERROR(__xludf.DUMMYFUNCTION("""COMPUTED_VALUE"""),14.0) -> 14 | J9: =IFERROR(__xludf.DUMMYFUNCTION("""COMPUTED_VALUE"""),511.27) -> 511.27 | K9: =IFERROR(__xludf.DUMMYFUNCTION("""COMPUTED_VALUE"""),511.27) -> 511.27
A10: =IFERROR(__xludf.DUMMYFUNCTION("""COMPUTED_VALUE"""),1000.0) -> 1000 | B10: =IFERROR(__xludf.DUMMYFUNCTION("""COMPUTED_VALUE"""),183463.0) -> 183463 | C10: =IFERROR(__xludf.DUMMYFUNCTION("""COMPUTED_VALUE"""),2026.0) -> 2026 | D10: =IFERROR(__xludf.DUMMYFUNCTION("""COMPUTED_VALUE"""),46387.0) -> 46387 | E10: =IFERROR(__xludf.DUMMYFUNCTION("""COMPUTED_VALUE"""),"VF") -> VF | F10: =IFERROR(__xludf.DUMMYFUNCTION("""COMPUTED_VALUE"""),1.0) -> 1 | G10: =IFERROR(__xludf.DUMMYFUNCTION("""COMPUTED_VALUE"""),"PR001") -> PR001 | H10: =IFERROR(__xludf.DUMMYFUNCTION("""COMPUTED_VALUE"""),"VD036") -> VD036 | I10: =IFERROR(__xludf.DUMMYFUNCTION("""COMPUTED_VALUE"""),12.0) -> 12 | J10: =IFERROR(__xludf.DUMMYFUNCTION("""COMPUTED_VALUE"""),901.51) -> 901.51 | K10: =IFERROR(__xludf.DUMMYFUNCTION("""COMPUTED_VALUE"""),901.51) -> 901.51
A11: =IFERROR(__xludf.DUMMYFUNCTION("""COMPUTED_VALUE"""),1000.0) -> 1000 | B11: =IFERROR(__xludf.DUMMYFUNCTION("""COMPUTED_VALUE"""),183464.0) -> 183464 | C11: =IFERROR(__xludf.DUMMYFUNCTION("""COMPUTED_VALUE"""),2026.0) -> 2026 | D11: =IFERROR(__xludf.DUMMYFUNCTION("""COMPUTED_VALUE"""),46387.0) -> 46387 | E11: =IFERROR(__xludf.DUMMYFUNCTION("""COMPUTED_VALUE"""),"VF") -> VF | F11: =IFERROR(__xludf.DUMMYFUNCTION("""COMPUTED_VALUE"""),1.0) -> 1 | G11: =IFERROR(__xludf.DUMMYFUNCTION("""COMPUTED_VALUE"""),"PR059") -> PR059 | H11: =IFERROR(__xludf.DUMMYFUNCTION("""COMPUTED_VALUE"""),"VD049") -> VD049 | I11: =IFERROR(__xludf.DUMMYFUNCTION("""COMPUTED_VALUE"""),27.0) -> 27 | J11: =IFERROR(__xludf.DUMMYFUNCTION("""COMPUTED_VALUE"""),5783.4) -> 5783.4 | K11: =IFERROR(__xludf.DUMMYFUNCTION("""COMPUTED_VALUE"""),5783.4) -> 5783.4
A12: =IFERROR(__xludf.DUMMYFUNCTION("""COMPUTED_VALUE"""),1000.0) -> 1000 | B12: =IFERROR(__xludf.DUMMYFUNCTION("""COMPUTED_VALUE"""),183465.0) -> 183465 | C12: =IFERROR(__xludf.DUMMYFUNCTION("""COMPUTED_VALUE"""),2026.0) -> 2026 | D12: =IFERROR(__xludf.DUMMYFUNCTION("""COMPUTED_VALUE"""),46387.0) -> 46387 | E12: =IFERROR(__xludf.DUMMYFUNCTION("""COMPUTED_VALUE"""),"VF") -> VF | F12: =IFERROR(__xludf.DUMMYFUNCTION("""COMPUTED_VALUE"""),1.0) -> 1 | G12: =IFERROR(__xludf.DUMMYFUNCTION("""COMPUTED_VALUE"""),"PR019") -> PR019 | H12: =IFERROR(__xludf.DUMMYFUNCTION("""COMPUTED_VALUE"""),"VD021") -> VD021 | I12: =IFERROR(__xludf.DUMMYFUNCTION("""COMPUTED_VALUE"""),15.0) -> 15 | J12: =IFERROR(__xludf.DUMMYFUNCTION("""COMPUTED_VALUE"""),845.81) -> 845.81 | K12: =IFERROR(__xludf.DUMMYFUNCTION("""COMPUTED_VALUE"""),845.81) -> 845.81
A13: =IFERROR(__xludf.DUMMYFUNCTION("""COMPUTED_VALUE"""),1000.0) -> 1000 | B13: =IFERROR(__xludf.DUMMYFUNCTION("""COMPUTED_VALUE"""),183466.0) -> 183466 | C13: =IFERROR(__xludf.DUMMYFUNCTION("""COMPUTED_VALUE"""),2026.0) -> 2026 | D13: =IFERROR(__xludf.DUMMYFUNCTION("""COMPUTED_VALUE"""),46387.0) -> 46387 | E13: =IFERROR(__xludf.DUMMYFUNCTION("""COMPUTED_VALUE"""),"VF") -> VF | F13: =IFERROR(__xludf.DUMMYFUNCTION("""COMPUTED_VALUE"""),1.0) -> 1 | G13: =IFERROR(__xludf.DUMMYFUNCTION("""COMPUTED_VALUE"""),"PR055") -> PR055 | H13: =IFERROR(__xludf.DUMMYFUNCTION("""COMPUTED_VALUE"""),"VD015") -> VD015 | I13: =IFERROR(__xludf.DUMMYFUNCTION("""COMPUTED_VALUE"""),18.0) -> 18 | J13: =IFERROR(__xludf.DUMMYFUNCTION("""COMPUTED_VALUE"""),1844.75) -> 1844.75 | K13: =IFERROR(__xludf.DUMMYFUNCTION("""COMPUTED_VALUE"""),1844.75) -> 1844.75
A14: =IFERROR(__xludf.DUMMYFUNCTION("""COMPUTED_VALUE"""),1000.0) -> 1000 | B14: =IFERROR(__xludf.DUMMYFUNCTION("""COMPUTED_VALUE"""),183466.0) -> 183466 | C14: =IFERROR(__xludf.DUMMYFUNCTION("""COMPUTED_VALUE"""),2026.0) -> 2026 | D14: =IFERROR(__xludf.DUMMYFUNCTION("""COMPUTED_VALUE"""),46387.0) -> 46387 | E14: =IFERROR(__xludf.DUMMYFUNCTION("""COMPUTED_VALUE"""),"VF") -> VF | F14: =IFERROR(__xludf.DUMMYFUNCTION("""COMPUTED_VALUE"""),2.0) -> 2 | G14: =IFERROR(__xludf.DUMMYFUNCTION("""COMPUTED_VALUE"""),"PR052") -> PR052 | H14: =IFERROR(__xludf.DUMMYFUNCTION("""COMPUTED_VALUE"""),"VD012") -> VD012 | I14: =IFERROR(__xludf.DUMMYFUNCTION("""COMPUTED_VALUE"""),16.0) -> 16 | J14: =IFERROR(__xludf.DUMMYFUNCTION("""COMPUTED_VALUE"""),950.1) -> 950.1 | K14: =IFERROR(__xludf.DUMMYFUNCTION("""COMPUTED_VALUE"""),950.1) -> 950.1
A15: =IFERROR(__xludf.DUMMYFUNCTION("""COMPUTED_VALUE"""),1000.0) -> 1000 | B15: =IFERROR(__xludf.DUMMYFUNCTION("""COMPUTED_VALUE"""),183466.0) -> 183466 | C15: =IFERROR(__xludf.DUMMYFUNCTION("""COMPUTED_VALUE"""),2026.0) -> 2026 | D15: =IFERROR(__xludf.DUMMYFUNCTION("""COMPUTED_VALUE"""),46387.0) -> 46387 | E15: =IFERROR(__xludf.DUMMYFUNCTION("""COMPUTED_VALUE"""),"VF") -> VF | F15: =IFERROR(__xludf.DUMMYFUNCTION("""COMPUTED_VALUE"""),3.0) -> 3 | G15: =IFERROR(__xludf.DUMMYFUNCTION("""COMPUTED_VALUE"""),"PR052") -> PR052 | H15: =IFERROR(__xludf.DUMMYFUNCTION("""COMPUTED_VALUE"""),"VD043") -> VD043 | I15: =IFERROR(__xludf.DUMMYFUNCTION("""COMPUTED_VALUE"""),9.0) -> 9 | J15: =IFERROR(__xludf.DUMMYFUNCTION("""COMPUTED_VALUE"""),511.97) -> 511.97 | K15: =IFERROR(__xludf.DUMMYFUNCTION("""COMPUTED_VALUE"""),511.97) -> 511.97
A16: =IFERROR(__xludf.DUMMYFUNCTION("""COMPUTED_VALUE"""),1000.0) -> 1000 | B16: =IFERROR(__xludf.DUMMYFUNCTION("""COMPUTED_VALUE"""),183467.0) -> 183467 | C16: =IFERROR(__xludf.DUMMYFUNCTION("""COMPUTED_VALUE"""),2026.0) -> 2026 | D16: =IFERROR(__xludf.DUMMYFUNCTION("""COMPUTED_VALUE"""),46386.0) -> 46386 | E16: =IFERROR(__xludf.DUMMYFUNCTION("""COMPUTED_VALUE"""),"VF") -> VF | F16: =IFERROR(__xludf.DUMMYFUNCTION("""COMPUTED_VALUE"""),1.0) -> 1 | G16: =IFERROR(__xludf.DUMMYFUNCTION("""COMPUTED_VALUE"""),"PR014") -> PR014 | H16: =IFERROR(__xludf.DUMMYFUNCTION("""COMPUTED_VALUE"""),"VD020") -> VD020 | I16: =IFERROR(__xludf.DUMMYFUNCTION("""COMPUTED_VALUE"""),9.0) -> 9 | J16: =IFERROR(__xludf.DUMMYFUNCTION("""COMPUTED_VALUE"""),420.15) -> 420.15 | K16: =IFERROR(__xludf.DUMMYFUNCTION("""COMPUTED_VALUE"""),420.15) -> 420.15
A17: =IFERROR(__xludf.DUMMYFUNCTION("""COMPUTED_VALUE"""),1000.0) -> 1000 | B17: =IFERROR(__xludf.DUMMYFUNCTION("""COMPUTED_VALUE"""),183468.0) -> 183468 | C17: =IFERROR(__xludf.DUMMYFUNCTION("""COMPUTED_VALUE"""),2026.0) -> 2026 | D17: =IFERROR(__xludf.DUMMYFUNCTION("""COMPUTED_VALUE"""),46386.0) -> 46386 | E17: =IFERROR(__xludf.DUMMYFUNCTION("""COMPUTED_VALUE"""),"VF") -> VF | F17: =IFERROR(__xludf.DUMMYFUNCTION("""COMPUTED_VALUE"""),1.0) -> 1 | G17: =IFERROR(__xludf.DUMMYFUNCTION("""COMPUTED_VALUE"""),"PR055") -> PR055 | H17: =IFERROR(__xludf.DUMMYFUNCTION("""COMPUTED_VALUE"""),"VD019") -> VD019 | I17: =IFERROR(__xludf.DUMMYFUNCTION("""COMPUTED_VALUE"""),9.0) -> 9 | J17: =IFERROR(__xludf.DUMMYFUNCTION("""COMPUTED_VALUE"""),890.01) -> 890.01 | K17: =IFERROR(__xludf.DUMMYFUNCTION("""COMPUTED_VALUE"""),890.01) -> 890.01
A18: =IFERROR(__xludf.DUMMYFUNCTION("""COMPUTED_VALUE"""),1000.0) -> 1000 | B18: =IFERROR(__xludf.DUMMYFUNCTION("""COMPUTED_VALUE"""),183469.0) -> 183469 | C18: =IFERROR(__xludf.DUMMYFUNCTION("""COMPUTED_VALUE"""),2026.0) -> 2026 | D18: =IFERROR(__xludf.DUMMYFUNCTION("""COMPUTED_VALUE"""),46386.0) -> 46386 | E18: =IFERROR(__xludf.DUMMYFUNCTION("""COMPUTED_VALUE"""),"VF") -> VF | F18: =IFERROR(__xludf.DUMMYFUNCTION("""COMPUTED_VALUE"""),1.0) -> 1 | G18: =IFERROR(__xludf.DUMMYFUNCTION("""COMPUTED_VALUE"""),"PR045") -> PR045 | H18: =IFERROR(__xludf.DUMMYFUNCTION("""COMPUTED_VALUE"""),"VD041") -> VD041 | I18: =IFERROR(__xludf.DUMMYFUNCTION("""COMPUTED_VALUE"""),14.0) -> 14 | J18: =IFERROR(__xludf.DUMMYFUNCTION("""COMPUTED_VALUE"""),1157.1) -> 1157.1 | K18: =IFERROR(__xludf.DUMMYFUNCTION("""COMPUTED_VALUE"""),1157.1) -> 1157.1
A19: =IFERROR(__xludf.DUMMYFUNCTION("""COMPUTED_VALUE"""),1000.0) -> 1000 | B19: =IFERROR(__xludf.DUMMYFUNCTION("""COMPUTED_VALUE"""),183470.0) -> 183470 | C19: =IFERROR(__xludf.DUMMYFUNCTION("""COMPUTED_VALUE"""),2026.0) -> 2026 | D19: =IFERROR(__xludf.DUMMYFUNCTION("""COMPUTED_VALUE"""),46386.0) -> 46386 | E19: =IFERROR(__xludf.DUMMYFUNCTION("""COMPUTED_VALUE"""),"VF") -> VF | F19: =IFERROR(__xludf.DUMMYFUNCTION("""COMPUTED_VALUE"""),1.0) -> 1 | G19: =IFERROR(__xludf.DUMMYFUNCTION("""COMPUTED_VALUE"""),"PR053") -> PR053 | H19: =IFERROR(__xludf.DUMMYFUNCTION("""COMPUTED_VALUE"""),"VD013") -> VD013 | I19: =IFERROR(__xludf.DUMMYFUNCTION("""COMPUTED_VALUE"""),9.0) -> 9 | J19: =IFERROR(__xludf.DUMMYFUNCTION("""COMPUTED_VALUE"""),511.97) -> 511.97 | K19: =IFERROR(__xludf.DUMMYFUNCTION("""COMPUTED_VALUE"""),511.97) -> 511.97
A20: =IFERROR(__xludf.DUMMYFUNCTION("""COMPUTED_VALUE"""),1000.0) -> 1000 | B20: =IFERROR(__xludf.DUMMYFUNCTION("""COMPUTED_VALUE"""),183471.0) -> 183471 | C20: =IFERROR(__xludf.DUMMYFUNCTION("""COMPUTED_VALUE"""),2026.0) -> 2026 | D20: =IFERROR(__xludf.DUMMYFUNCTION("""COMPUTED_VALUE"""),46386.0) -> 46386 | E20: =IFERROR(__xludf.DUMMYFUNCTION("""COMPUTED_VALUE"""),"VF") -> VF | F20: =IFERROR(__xludf.DUMMYFUNCTION("""COMPUTED_VALUE"""),1.0) -> 1 | G20: =IFERROR(__xludf.DUMMYFUNCTION("""COMPUTED_VALUE"""),"PR054") -> PR054 | H20: =IFERROR(__xludf.DUMMYFUNCTION("""COMPUTED_VALUE"""),"VD028") -> VD028 | I20: =IFERROR(__xludf.DUMMYFUNCTION("""COMPUTED_VALUE"""),9.0) -> 9 | J20: =IFERROR(__xludf.DUMMYFUNCTION("""COMPUTED_VALUE"""),538.92) -> 538.92 | K20: =IFERROR(__xludf.DUMMYFUNCTION("""COMPUTED_VALUE"""),538.92) -> 538.92
A21: =IFERROR(__xludf.DUMMYFUNCTION("""COMPUTED_VALUE"""),2000.0) -> 2000 | B21: =IFERROR(__xludf.DUMMYFUNCTION("""COMPUTED_VALUE"""),183472.0) -> 183472 | C21: =IFERROR(__xludf.DUMMYFUNCTION("""COMPUTED_VALUE"""),2026.0) -> 2026 | D21: =IFERROR(__xludf.DUMMYFUNCTION("""COMPUTED_VALUE"""),46386.0) -> 46386 | E21: =IFERROR(__xludf.DUMMYFUNCTION("""COMPUTED_VALUE"""),"VF") -> VF | F21: =IFERROR(__xludf.DUMMYFUNCTION("""COMPUTED_VALUE"""),1.0) -> 1 | G21: =IFERROR(__xludf.DUMMYFUNCTION("""COMPUTED_VALUE"""),"PR020") -> PR020 | H21: =IFERROR(__xludf.DUMMYFUNCTION("""COMPUTED_VALUE"""),"VD047") -> VD047 | I21: =IFERROR(__xludf.DUMMYFUNCTION("""COMPUTED_VALUE"""),27.0) -> 27 | J21: =IFERROR(__xludf.DUMMYFUNCTION("""COMPUTED_VALUE"""),8907.03) -> 8907.03 | K21: =IFERROR(__xludf.DUMMYFUNCTION("""COMPUTED_VALUE"""),8907.03) -> 8907.03
A22: =IFERROR(__xludf.DUMMYFUNCTION("""COMPUTED_VALUE"""),1000.0) -> 1000 | B22: =IFERROR(__xludf.DUMMYFUNCTION("""COMPUTED_VALUE"""),183472.0) -> 183472 | C22: =IFERROR(__xludf.DUMMYFUNCTION("""COMPUTED_VALUE"""),2026.0) -> 2026 | D22: =IFERROR(__xludf.DUMMYFUNCTION("""COMPUTED_VALUE"""),46386.0) -> 46386 | E22: =IFERROR(__xludf.DUMMYFUNCTION("""COMPUTED_VALUE"""),"VF") -> VF | F22: =IFERROR(__xludf.DUMMYFUNCTION("""COMPUTED_VALUE"""),2.0) -> 2 | G22: =IFERROR(__xludf.DUMMYFUNCTION("""COMPUTED_VALUE"""),"PR047") -> PR047 | H22: =IFERROR(__xludf.DUMMYFUNCTION("""COMPUTED_VALUE"""),"VD017") -> VD017 | I22: =IFERROR(__xludf.DUMMYFUNCTION("""COMPUTED_VALUE"""),12.0) -> 12 | J22: =IFERROR(__xludf.DUMMYFUNCTION("""COMPUTED_VALUE"""),4174.56) -> 4174.56 | K22: =IFERROR(__xludf.DUMMYFUNCTION("""COMPUTED_VALUE"""),4174.56) -> 4174.56
A23: =IFERROR(__xludf.DUMMYFUNCTION("""COMPUTED_VALUE"""),2000.0) -> 2000 | B23: =IFERROR(__xludf.DUMMYFUNCTION("""COMPUTED_VALUE"""),183473.0) -> 183473 | C23: =IFERROR(__xludf.DUMMYFUNCTION("""COMPUTED_VALUE"""),2026.0) -> 2026 | D23: =IFERROR(__xludf.DUMMYFUNCTION("""COMPUTED_VALUE"""),46386.0) -> 46386 | E23: =IFERROR(__xludf.DUMMYFUNCTION("""COMPUTED_VALUE"""),"VF") -> VF | F23: =IFERROR(__xludf.DUMMYFUNCTION("""COMPUTED_VALUE"""),1.0) -> 1 | G23: =IFERROR(__xludf.DUMMYFUNCTION("""COMPUTED_VALUE"""),"PR047") -> PR047 | H23: =IFERROR(__xludf.DUMMYFUNCTION("""COMPUTED_VALUE"""),"VD040") -> VD040 | I23: =IFERROR(__xludf.DUMMYFUNCTION("""COMPUTED_VALUE"""),15.0) -> 15 | J23: =IFERROR(__xludf.DUMMYFUNCTION("""COMPUTED_VALUE"""),4826.84) -> 4826.84 | K23: =IFERROR(__xludf.DUMMYFUNCTION("""COMPUTED_VALUE"""),4826.84) -> 4826.84
A24: =IFERROR(__xludf.DUMMYFUNCTION("""COMPUTED_VALUE"""),1000.0) -> 1000 | B24: =IFERROR(__xludf.DUMMYFUNCTION("""COMPUTED_VALUE"""),183474.0) -> 183474 | C24: =IFERROR(__xludf.DUMMYFUNCTION("""COMPUTED_VALUE"""),2026.0) -> 2026 | D24: =IFERROR(__xludf.DUMMYFUNCTION("""COMPUTED_VALUE"""),46386.0) -> 46386 | E24: =IFERROR(__xludf.DUMMYFUNCTION("""COMPUTED_VALUE"""),"VF") -> VF | F24: =IFERROR(__xludf.DUMMYFUNCTION("""COMPUTED_VALUE"""),1.0) -> 1 | G24: =IFERROR(__xludf.DUMMYFUNCTION("""COMPUTED_VALUE"""),"PR003") -> PR003 | H24: =IFERROR(__xludf.DUMMYFUNCTION("""COMPUTED_VALUE"""),"VD033") -> VD033 | I24: =IFERROR(__xludf.DUMMYFUNCTION("""COMPUTED_VALUE"""),8.0) -> 8 | J24: =IFERROR(__xludf.DUMMYFUNCTION("""COMPUTED_VALUE"""),629.59) -> 629.59 | K24: =IFERROR(__xludf.DUMMYFUNCTION("""COMPUTED_VALUE"""),629.59) -> 629.59
A25: =IFERROR(__xludf.DUMMYFUNCTION("""COMPUTED_VALUE"""),1000.0) -> 1000 | B25: =IFERROR(__xludf.DUMMYFUNCTION("""COMPUTED_VALUE"""),183475.0) -> 183475 | C25: =IFERROR(__xludf.DUMMYFUNCTION("""COMPUTED_VALUE"""),2026.0) -> 2026 | D25: =IFERROR(__xludf.DUMMYFUNCTION("""COMPUTED_VALUE"""),46386.0) -> 46386 | E25: =IFERROR(__xludf.DUMMYFUNCTION("""COMPUTED_VALUE"""),"VF") -> VF | F25: =IFERROR(__xludf.DUMMYFUNCTION("""COMPUTED_VALUE"""),1.0) -> 1 | G25: =IFERROR(__xludf.DUMMYFUNCTION("""COMPUTED_VALUE"""),"PR058") -> PR058 | H25: =IFERROR(__xludf.DUMMYFUNCTION("""COMPUTED_VALUE"""),"VD014") -> VD014 | I25: =IFERROR(__xludf.DUMMYFUNCTION("""COMPUTED_VALUE"""),21.0) -> 21 | J25: =IFERROR(__xludf.DUMMYFUNCTION("""COMPUTED_VALUE"""),4536.0) -> 4536 | K25: =IFERROR(__xludf.DUMMYFUNCTION("""COMPUTED_VALUE"""),4536.0) -> 4536
A26: =IFERROR(__xludf.DUMMYFUNCTION("""COMPUTED_VALUE"""),2000.0) -> 2000 | B26: =IFERROR(__xludf.DUMMYFUNCTION("""COMPUTED_VALUE"""),183476.0) -> 183476 | C26: =IFERROR(__xludf.DUMMYFUNCTION("""COMPUTED_VALUE"""),2026.0) -> 2026 | D26: =IFERROR(__xludf.DUMMYFUNCTION("""COMPUTED_VALUE"""),46386.0) -> 46386 | E26: =IFERROR(__xludf.DUMMYFUNCTION("""COMPUTED_VALUE"""),"VF") -> VF | F26: =IFERROR(__xludf.DUMMYFUNCTION("""COMPUTED_VALUE"""),1.0) -> 1 | G26: =IFERROR(__xludf.DUMMYFUNCTION("""COMPUTED_VALUE"""),"PR049") -> PR049 | H26: =IFERROR(__xludf.DUMMYFUNCTION("""COMPUTED_VALUE"""),"VD029") -> VD029 | I26: =IFERROR(__xludf.DUMMYFUNCTION("""COMPUTED_VALUE"""),12.0) -> 12 | J26: =IFERROR(__xludf.DUMMYFUNCTION("""COMPUTED_VALUE"""),473.76) -> 473.76 | K26: =IFERROR(__xludf.DUMMYFUNCTION("""COMPUTED_VALUE"""),473.76) -> 473.76
A27: =IFERROR(__xludf.DUMMYFUNCTION("""COMPUTED_VALUE"""),1000.0) -> 1000 | B27: =IFERROR(__xludf.DUMMYFUNCTION("""COMPUTED_VALUE"""),183477.0) -> 183477 | C27: =IFERROR(__xludf.DUMMYFUNCTION("""COMPUTED_VALUE"""),2026.0) -> 2026 | D27: =IFERROR(__xludf.DUMMYFUNCTION("""COMPUTED_VALUE"""),46386.0) -> 46386 | E27: =IFERROR(__xludf.DUMMYFUNCTION("""COMPUTED_VALUE"""),"VF") -> VF | F27: =IFERROR(__xludf.DUMMYFUNCTION("""COMPUTED_VALUE"""),1.0) -> 1 | G27: =IFERROR(__xludf.DUMMYFUNCTION("""COMPUTED_VALUE"""),"PR035") -> PR035 | H27: =IFERROR(__xludf.DUMMYFUNCTION("""COMPUTED_VALUE"""),"VD010") -> VD010 | I27: =IFERROR(__xludf.DUMMYFUNCTION("""COMPUTED_VALUE"""),27.0) -> 27 | J27: =IFERROR(__xludf.DUMMYFUNCTION("""COMPUTED_VALUE"""),2763.94) -> 2763.94 | K27: =IFERROR(__xludf.DUMMYFUNCTION("""COMPUTED_VALUE"""),2763.94) -> 2763.94
A28: =IFERROR(__xludf.DUMMYFUNCTION("""COMPUTED_VALUE"""),2000.0) -> 2000 | B28: =IFERROR(__xludf.DUMMYFUNCTION("""COMPUTED_VALUE"""),183478.0) -> 183478 | C28: =IFERROR(__xludf.DUMMYFUNCTION("""COMPUTED_VALUE"""),2026.0) -> 2026 | D28: =IFERROR(__xludf.DUMMYFUNCTION("""COMPUTED_VALUE"""),46386.0) -> 46386 | E28: =IFERROR(__xludf.DUMMYFUNCTION("""COMPUTED_VALUE"""),"VF") -> VF | F28: =IFERROR(__xludf.DUMMYFUNCTION("""COMPUTED_VALUE"""),1.0) -> 1 | G28: =IFERROR(__xludf.DUMMYFUNCTION("""COMPUTED_VALUE"""),"PR003") -> PR003 | H28: =IFERROR(__xludf.DUMMYFUNCTION("""COMPUTED_VALUE"""),"VD024") -> VD024 | I28: =IFERROR(__xludf.DUMMYFUNCTION("""COMPUTED_VALUE"""),18.0) -> 18 | J28: =IFERROR(__xludf.DUMMYFUNCTION("""COMPUTED_VALUE"""),1480.39) -> 1480.39 | K28: =IFERROR(__xludf.DUMMYFUNCTION("""COMPUTED_VALUE"""),1480.39) -> 1480.39
A29: =IFERROR(__xludf.DUMMYFUNCTION("""COMPUTED_VALUE"""),2000.0) -> 2000 | B29: =IFERROR(__xludf.DUMMYFUNCTION("""COMPUTED_VALUE"""),183479.0) -> 183479 | C29: =IFERROR(__xludf.DUMMYFUNCTION("""COMPUTED_VALUE"""),2026.0) -> 2026 | D29: =IFERROR(__xludf.DUMMYFUNCTION("""COMPUTED_VALUE"""),46385.0) -> 46385 | E29: =IFERROR(__xludf.DUMMYFUNCTION("""COMPUTED_VALUE"""),"VF") -> VF | F29: =IFERROR(__xludf.DUMMYFUNCTION("""COMPUTED_VALUE"""),1.0) -> 1 | G29: =IFERROR(__xludf.DUMMYFUNCTION("""COMPUTED_VALUE"""),"PR006") -> PR006 | H29: =IFERROR(__xludf.DUMMYFUNCTION("""COMPUTED_VALUE"""),"VD021") -> VD021 | I29: =IFERROR(__xludf.DUMMYFUNCTION("""COMPUTED_VALUE"""),27.0) -> 27 | J29: =IFERROR(__xludf.DUMMYFUNCTION("""COMPUTED_VALUE"""),1249.67) -> 1249.67 | K29: =IFERROR(__xludf.DUMMYFUNCTION("""COMPUTED_VALUE"""),1249.67) -> 1249.67
A30: =IFERROR(__xludf.DUMMYFUNCTION("""COMPUTED_VALUE"""),1000.0) -> 1000 | B30: =IFERROR(__xludf.DUMMYFUNCTION("""COMPUTED_VALUE"""),183479.0) -> 183479 | C30: =IFERROR(__xludf.DUMMYFUNCTION("""COMPUTED_VALUE"""),2026.0) -> 2026 | D30: =IFERROR(__xludf.DUMMYFUNCTION("""COMPUTED_VALUE"""),46385.0) -> 46385 | E30: =IFERROR(__xludf.DUMMYFUNCTION("""COMPUTED_VALUE"""),"VF") -> VF | F30: =IFERROR(__xludf.DUMMYFUNCTION("""COMPUTED_VALUE"""),2.0) -> 2 | G30: =IFERROR(__xludf.DUMMYFUNCTION("""COMPUTED_VALUE"""),"PR002") -> PR002 | H30: =IFERROR(__xludf.DUMMYFUNCTION("""COMPUTED_VALUE"""),"VD040") -> VD040 | I30: =IFERROR(__xludf.DUMMYFUNCTION("""COMPUTED_VALUE"""),24.0) -> 24 | J30: =IFERROR(__xludf.DUMMYFUNCTION("""COMPUTED_VALUE"""),1996.34) -> 1996.34 | K30: =IFERROR(__xludf.DUMMYFUNCTION("""COMPUTED_VALUE"""),1996.34) -> 1996.34
A31: =IFERROR(__xludf.DUMMYFUNCTION("""COMPUTED_VALUE"""),1000.0) -> 1000 | B31: =IFERROR(__xludf.DUMMYFUNCTION("""COMPUTED_VALUE"""),183479.0) -> 183479 | C31: =IFERROR(__xludf.DUMMYFUNCTION("""COMPUTED_VALUE"""),2026.0) -> 2026 | D31: =IFERROR(__xludf.DUMMYFUNCTION("""COMPUTED_VALUE"""),46384.0) -> 46384 | E31: =IFERROR(__xludf.DUMMYFUNCTION("""COMPUTED_VALUE"""),"VF") -> VF | F31: =IFERROR(__xludf.DUMMYFUNCTION("""COMPUTED_VALUE"""),3.0) -> 3 | G31: =IFERROR(__xludf.DUMMYFUNCTION("""COMPUTED_VALUE"""),"PR038") -> PR038 | H31: =IFERROR(__xludf.DUMMYFUNCTION("""COMPUTED_VALUE"""),"VD016") -> VD016 | I31: =IFERROR(__xludf.DUMMYFUNCTION("""COMPUTED_VALUE"""),12.0) -> 12 | J31: =IFERROR(__xludf.DUMMYFUNCTION("""COMPUTED_VALUE"""),1972.02) -> 1972.02 | K31: =IFERROR(__xludf.DUMMYFUNCTION("""COMPUTED_VALUE"""),1972.02) -> 1972.02
A32: =IFERROR(__xludf.DUMMYFUNCTION("""COMPUTED_VALUE"""),1000.0) -> 1000 | B32: =IFERROR(__xludf.DUMMYFUNCTION("""COMPUTED_VALUE"""),183480.0) -> 183480 | C32: =IFERROR(__xludf.DUMMYFUNCTION("""COMPUTED_VALUE"""),2026.0) -> 2026 | D32: =IFERROR(__xludf.DUMMYFUNCTION("""COMPUTED_VALUE"""),46384.0) -> 46384 | E32: =IFERROR(__xludf.DUMMYFUNCTION("""COMPUTED_VALUE"""),"VF") -> VF | F32: =IFERROR(__xludf.DUMMYFUNCTION("""COMPUTED_VALUE"""),1.0) -> 1 | G32: =IFERROR(__xludf.DUMMYFUNCTION("""COMPUTED_VALUE"""),"PR027") -> PR027 | H32: =IFERROR(__xludf.DUMMYFUNCTION("""COMPUTED_VALUE"""),"VD035") -> VD035 | I32: =IFERROR(__xludf.DUMMYFUNCTION("""COMPUTED_VALUE"""),30.0) -> 30 | J32: =IFERROR(__xludf.DUMMYFUNCTION("""COMPUTED_VALUE"""),3996.0) -> 3996 | K32: =IFERROR(__xludf.DUMMYFUNCTION("""COMPUTED_VALUE"""),3996.0) -> 3996
A33: =IFERROR(__xludf.DUMMYFUNCTION("""COMPUTED_VALUE"""),1000.0) -> 1000 | B33: =IFERROR(__xludf.DUMMYFUNCTION("""COMPUTED_VALUE"""),183480.0) -> 183480 | C33: =IFERROR(__xludf.DUMMYFUNCTION("""COMPUTED_VALUE"""),2026.0) -> 2026 | D33: =IFERROR(__xludf.DUMMYFUNCTION("""COMPUTED_VALUE"""),46384.0) -> 46384 | E33: =IFERROR(__xludf.DUMMYFUNCTION("""COMPUTED_VALUE"""),"VF") -> VF | F33: =IFERROR(__xludf.DUMMYFUNCTION("""COMPUTED_VALUE"""),2.0) -> 2 | G33: =IFERROR(__xludf.DUMMYFUNCTION("""COMPUTED_VALUE"""),"PR059") -> PR059 | H33: =IFERROR(__xludf.DUMMYFUNCTION("""COMPUTED_VALUE"""),"VD049") -> VD049 | I33: =IFERROR(__xludf.DUMMYFUNCTION("""COMPUTED_VALUE"""),12.0) -> 12 | J33: =IFERROR(__xludf.DUMMYFUNCTION("""COMPUTED_VALUE"""),2419.2) -> 2419.2 | K33: =IFERROR(__xludf.DUMMYFUNCTION("""COMPUTED_VALUE"""),2419.2) -> 2419.2
A34: =IFERROR(__xludf.DUMMYFUNCTION("""COMPUTED_VALUE"""),1000.0) -> 1000 | B34: =IFERROR(__xludf.DUMMYFUNCTION("""COMPUTED_VALUE"""),183480.0) -> 183480 | C34: =IFERROR(__xludf.DUMMYFUNCTION("""COMPUTED_VALUE"""),2026.0) -> 2026 | D34: =IFERROR(__xludf.DUMMYFUNCTION("""COMPUTED_VALUE"""),46383.0) -> 46383 | E34: =IFERROR(__xludf.DUMMYFUNCTION("""COMPUTED_VALUE"""),"VF") -> VF | F34: =IFERROR(__xludf.DUMMYFUNCTION("""COMPUTED_VALUE"""),3.0) -> 3 | G34: =IFERROR(__xludf.DUMMYFUNCTION("""COMPUTED_VALUE"""),"PR035") -> PR035 | H34: =IFERROR(__xludf.DUMMYFUNCTION("""COMPUTED_VALUE"""),"VD019") -> VD019 | I34: =IFERROR(__xludf.DUMMYFUNCTION("""COMPUTED_VALUE"""),21.0) -> 21 | J34: =IFERROR(__xludf.DUMMYFUNCTION("""COMPUTED_VALUE"""),2207.31) -> 2207.31 | K34: =IFERROR(__xludf.DUMMYFUNCTION("""COMPUTED_VALUE"""),2207.31) -> 2207.31
A35: =IFERROR(__xludf.DUMMYFUNCTION("""COMPUTED_VALUE"""),1000.0) -> 1000 | B35: =IFERROR(__xludf.DUMMYFUNCTION("""COMPUTED_VALUE"""),183481.0) -> 183481 | C35: =IFERROR(__xludf.DUMMYFUNCTION("""COMPUTED_VALUE"""),2026.0) -> 2026 | D35: =IFERROR(__xludf.DUMMYFUNCTION("""COMPUTED_VALUE"""),46383.0) -> 46383 | E35: =IFERROR(__xludf.DUMMYFUNCTION("""COMPUTED_VALUE"""),"VF") -> VF | F35: =IFERROR(__xludf.DUMMYFUNCTION("""COMPUTED_VALUE"""),1.0) -> 1 | G35: =IFERROR(__xludf.DUMMYFUNCTION("""COMPUTED_VALUE"""),"PR028") -> PR028 | H35: =IFERROR(__xludf.DUMMYFUNCTION("""COMPUTED_VALUE"""),"VD011") -> VD011 | I35: =IFERROR(__xludf.DUMMYFUNCTION("""COMPUTED_VALUE"""),16.0) -> 16 | J35: =IFERROR(__xludf.DUMMYFUNCTION("""COMPUTED_VALUE"""),4718.11) -> 4718.11 | K35: =IFERROR(__xludf.DUMMYFUNCTION("""COMPUTED_VALUE"""),4718.11) -> 4718.11
A36: =IFERROR(__xludf.DUMMYFUNCTION("""COMPUTED_VALUE"""),1000.0) -> 1000 | B36: =IFERROR(__xludf.DUMMYFUNCTION("""COMPUTED_VALUE"""),183482.0) -> 183482 | C36: =IFERROR(__xludf.DUMMYFUNCTION("""COMPUTED_VALUE"""),2026.0) -> 2026 | D36: =IFERROR(__xludf.DUMMYFUNCTION("""COMPUTED_VALUE"""),46382.0) -> 46382 | E36: =IFERROR(__xludf.DUMMYFUNCTION("""COMPUTED_VALUE"""),"VF") -> VF | F36: =IFERROR(__xludf.DUMMYFUNCTION("""COMPUTED_VALUE"""),1.0) -> 1 | G36: =IFERROR(__xludf.DUMMYFUNCTION("""COMPUTED_VALUE"""),"PR018") -> PR018 | H36: =IFERROR(__xludf.DUMMYFUNCTION("""COMPUTED_VALUE"""),"VD016") -> VD016 | I36: =IFERROR(__xludf.DUMMYFUNCTION("""COMPUTED_VALUE"""),10.0) -> 10 | J36: =IFERROR(__xludf.DUMMYFUNCTION("""COMPUTED_VALUE"""),378.35) -> 378.35 | K36: =IFERROR(__xludf.DUMMYFUNCTION("""COMPUTED_VALUE"""),378.35) -> 378.35
A37: =IFERROR(__xludf.DUMMYFUNCTION("""COMPUTED_VALUE"""),2000.0) -> 2000 | B37: =IFERROR(__xludf.DUMMYFUNCTION("""COMPUTED_VALUE"""),183483.0) -> 183483 | C37: =IFERROR(__xludf.DUMMYFUNCTION("""COMPUTED_VALUE"""),2026.0) -> 2026 | D37: =IFERROR(__xludf.DUMMYFUNCTION("""COMPUTED_VALUE"""),46382.0) -> 46382 | E37: =IFERROR(__xludf.DUMMYFUNCTION("""COMPUTED_VALUE"""),"VF") -> VF | F37: =IFERROR(__xludf.DUMMYFUNCTION("""COMPUTED_VALUE"""),1.0) -> 1 | G37: =IFERROR(__xludf.DUMMYFUNCTION("""COMPUTED_VALUE"""),"PR035") -> PR035 | H37: =IFERROR(__xludf.DUMMYFUNCTION("""COMPUTED_VALUE"""),"VD018") -> VD018 | I37: =IFERROR(__xludf.DUMMYFUNCTION("""COMPUTED_VALUE"""),28.0) -> 28 | J37: =IFERROR(__xludf.DUMMYFUNCTION("""COMPUTED_VALUE"""),2149.73) -> 2149.73 | K37: =IFERROR(__xludf.DUMMYFUNCTION("""COMPUTED_VALUE"""),2149.73) -> 2149.73
A38: =IFERROR(__xludf.DUMMYFUNCTION("""COMPUTED_VALUE"""),1000.0) -> 1000 | B38: =IFERROR(__xludf.DUMMYFUNCTION("""COMPUTED_VALUE"""),183483.0) -> 183483 | C38: =IFERROR(__xludf.DUMMYFUNCTION("""COMPUTED_VALUE"""),2026.0) -> 2026 | D38: =IFERROR(__xludf.DUMMYFUNCTION("""COMPUTED_VALUE"""),46381.0) -> 46381 | E38: =IFERROR(__xludf.DUMMYFUNCTION("""COMPUTED_VALUE"""),"VF") -> VF | F38: =IFERROR(__xludf.DUMMYFUNCTION("""COMPUTED_VALUE"""),2.0) -> 2 | G38: =IFERROR(__xludf.DUMMYFUNCTION("""COMPUTED_VALUE"""),"PR057") -> PR057 | H38: =IFERROR(__xludf.DUMMYFUNCTION("""COMPUTED_VALUE"""),"VD034") -> VD034 | I38: =IFERROR(__xludf.DUMMYFUNCTION("""COMPUTED_VALUE"""),9.0) -> 9 | J38: =IFERROR(__xludf.DUMMYFUNCTION("""COMPUTED_VALUE"""),906.19) -> 906.19 | K38: =IFERROR(__xludf.DUMMYFUNCTION("""COMPUTED_VALUE"""),906.19) -> 906.19
A39: =IFERROR(__xludf.DUMMYFUNCTION("""COMPUTED_VALUE"""),1000.0) -> 1000 | B39: =IFERROR(__xludf.DUMMYFUNCTION("""COMPUTED_VALUE"""),183484.0) -> 183484 | C39: =IFERROR(__xludf.DUMMYFUNCTION("""COMPUTED_VALUE"""),2026.0) -> 2026 | D39: =IFERROR(__xludf.DUMMYFUNCTION("""COMPUTED_VALUE"""),46381.0) -> 46381 | E39: =IFERROR(__xludf.DUMMYFUNCTION("""COMPUTED_VALUE"""),"VF") -> VF | F39: =IFERROR(__xludf.DUMMYFUNCTION("""COMPUTED_VALUE"""),1.0) -> 1 | G39: =IFERROR(__xludf.DUMMYFUNCTION("""COMPUTED_VALUE"""),"PR004") -> PR004 | H39: =IFERROR(__xludf.DUMMYFUNCTION("""COMPUTED_VALUE"""),"VD024") -> VD024 | I39: =IFERROR(__xludf.DUMMYFUNCTION("""COMPUTED_VALUE"""),15.0) -> 15 | J39: =IFERROR(__xludf.DUMMYFUNCTION("""COMPUTED_VALUE"""),2610.0) -> 2610 | K39: =IFERROR(__xludf.DUMMYFUNCTION("""COMPUTED_VALUE"""),2610.0) -> 2610
A40: =IFERROR(__xludf.DUMMYFUNCTION("""COMPUTED_VALUE"""),1000.0) -> 1000 | B40: =IFERROR(__xludf.DUMMYFUNCTION("""COMPUTED_VALUE"""),183485.0) -> 183485 | C40: =IFERROR(__xludf.DUMMYFUNCTION("""COMPUTED_VALUE"""),2026.0) -> 2026 | D40: =IFERROR(__xludf.DUMMYFUNCTION("""COMPUTED_VALUE"""),46381.0) -> 46381 | E40: =IFERROR(__xludf.DUMMYFUNCTION("""COMPUTED_VALUE"""),"VF") -> VF | F40: =IFERROR(__xludf.DUMMYFUNCTION("""COMPUTED_VALUE"""),1.0) -> 1 | G40: =IFERROR(__xludf.DUMMYFUNCTION("""COMPUTED_VALUE"""),"PR014") -> PR014 | H40: =IFERROR(__xludf.DUMMYFUNCTION("""COMPUTED_VALUE"""),"VD011") -> VD011 | I40: =IFERROR(__xludf.DUMMYFUNCTION("""COMPUTED_VALUE"""),12.0) -> 12 | J40: =IFERROR(__xludf.DUMMYFUNCTION("""COMPUTED_VALUE"""),560.2) -> 560.2 | K40: =IFERROR(__xludf.DUMMYFUNCTION("""COMPUTED_VALUE"""),560.2) -> 560.2
A41: =IFERROR(__xludf.DUMMYFUNCTION("""COMPUTED_VALUE"""),2000.0) -> 2000 | B41: =IFERROR(__xludf.DUMMYFUNCTION("""COMPUTED_VALUE"""),183486.0) -> 183486 | C41: =IFERROR(__xludf.DUMMYFUNCTION("""COMPUTED_VALUE"""),2026.0) -> 2026 | D41: =IFERROR(__xludf.DUMMYFUNCTION("""COMPUTED_VALUE"""),46381.0) -> 46381 | E41: =IFERROR(__xludf.DUMMYFUNCTION("""COMPUTED_VALUE"""),"VF") -> VF | F41: =IFERROR(__xludf.DUMMYFUNCTION("""COMPUTED_VALUE"""),1.0) -> 1 | G41: =IFERROR(__xludf.DUMMYFUNCTION("""COMPUTED_VALUE"""),"PR027") -> PR027 | H41: =IFERROR(__xludf.DUMMYFUNCTION("""COMPUTED_VALUE"""),"VD018") -> VD018 | I41: =IFERROR(__xludf.DUMMYFUNCTION("""COMPUTED_VALUE"""),27.0) -> 27 | J41: =IFERROR(__xludf.DUMMYFUNCTION("""COMPUTED_VALUE"""),3888.0) -> 3888 | K41: =IFERROR(__xludf.DUMMYFUNCTION("""COMPUTED_VALUE"""),3888.0) -> 3888
A42: =IFERROR(__xludf.DUMMYFUNCTION("""COMPUTED_VALUE"""),1000.0) -> 1000 | B42: =IFERROR(__xludf.DUMMYFUNCTION("""COMPUTED_VALUE"""),183487.0) -> 183487 | C42: =IFERROR(__xludf.DUMMYFUNCTION("""COMPUTED_VALUE"""),2026.0) -> 2026 | D42: =IFERROR(__xludf.DUMMYFUNCTION("""COMPUTED_VALUE"""),46381.0) -> 46381 | E42: =IFERROR(__xludf.DUMMYFUNCTION("""COMPUTED_VALUE"""),"VF") -> VF | F42: =IFERROR(__xludf.DUMMYFUNCTION("""COMPUTED_VALUE"""),1.0) -> 1 | G42: =IFERROR(__xludf.DUMMYFUNCTION("""COMPUTED_VALUE"""),"PR032") -> PR032 | H42: =IFERROR(__xludf.DUMMYFUNCTION("""COMPUTED_VALUE"""),"VD011") -> VD011 | I42: =IFERROR(__xludf.DUMMYFUNCTION("""COMPUTED_VALUE"""),24.0) -> 24 | J42: =IFERROR(__xludf.DUMMYFUNCTION("""COMPUTED_VALUE"""),6600.0) -> 6600 | K42: =IFERROR(__xludf.DUMMYFUNCTION("""COMPUTED_VALUE"""),6600.0) -> 6600
A43: =IFERROR(__xludf.DUMMYFUNCTION("""COMPUTED_VALUE"""),2000.0) -> 2000 | B43: =IFERROR(__xludf.DUMMYFUNCTION("""COMPUTED_VALUE"""),183487.0) -> 183487 | C43: =IFERROR(__xludf.DUMMYFUNCTION("""COMPUTED_VALUE"""),2026.0) -> 2026 | D43: =IFERROR(__xludf.DUMMYFUNCTION("""COMPUTED_VALUE"""),46381.0) -> 46381 | E43: =IFERROR(__xludf.DUMMYFUNCTION("""COMPUTED_VALUE"""),"VF") -> VF | F43: =IFERROR(__xludf.DUMMYFUNCTION("""COMPUTED_VALUE"""),2.0) -> 2 | G43: =IFERROR(__xludf.DUMMYFUNCTION("""COMPUTED_VALUE"""),"PR006") -> PR006 | H43: =IFERROR(__xludf.DUMMYFUNCTION("""COMPUTED_VALUE"""),"VD015") -> VD015 | I43: =IFERROR(__xludf.DUMMYFUNCTION("""COMPUTED_VALUE"""),27.0) -> 27 | J43: =IFERROR(__xludf.DUMMYFUNCTION("""COMPUTED_VALUE"""),1260.44) -> 1260.44 | K43: =IFERROR(__xludf.DUMMYFUNCTION("""COMPUTED_VALUE"""),1260.44) -> 1260.44
A44: =IFERROR(__xludf.DUMMYFUNCTION("""COMPUTED_VALUE"""),2000.0) -> 2000 | B44: =IFERROR(__xludf.DUMMYFUNCTION("""COMPUTED_VALUE"""),183488.0) -> 183488 | C44: =IFERROR(__xludf.DUMMYFUNCTION("""COMPUTED_VALUE"""),2026.0) -> 2026 | D44: =IFERROR(__xludf.DUMMYFUNCTION("""COMPUTED_VALUE"""),46381.0) -> 46381 | E44: =IFERROR(__xludf.DUMMYFUNCTION("""COMPUTED_VALUE"""),"VF") -> VF | F44: =IFERROR(__xludf.DUMMYFUNCTION("""COMPUTED_VALUE"""),1.0) -> 1 | G44: =IFERROR(__xludf.DUMMYFUNCTION("""COMPUTED_VALUE"""),"PR028") -> PR028 | H44: =IFERROR(__xludf.DUMMYFUNCTION("""COMPUTED_VALUE"""),"VD048") -> VD048 | I44: =IFERROR(__xludf.DUMMYFUNCTION("""COMPUTED_VALUE"""),20.0) -> 20 | J44: =IFERROR(__xludf.DUMMYFUNCTION("""COMPUTED_VALUE"""),5597.76) -> 5597.76 | K44: =IFERROR(__xludf.DUMMYFUNCTION("""COMPUTED_VALUE"""),5597.76) -> 5597.76
A45: =IFERROR(__xludf.DUMMYFUNCTION("""COMPUTED_VALUE"""),1000.0) -> 1000 | B45: =IFERROR(__xludf.DUMMYFUNCTION("""COMPUTED_VALUE"""),183489.0) -> 183489 | C45: =IFERROR(__xludf.DUMMYFUNCTION("""COMPUTED_VALUE"""),2026.0) -> 2026 | D45: =IFERROR(__xludf.DUMMYFUNCTION("""COMPUTED_VALUE"""),46381.0) -> 46381 | E45: =IFERROR(__xludf.DUMMYFUNCTION("""COMPUTED_VALUE"""),"VF") -> VF | F45: =IFERROR(__xludf.DUMMYFUNCTION("""COMPUTED_VALUE"""),1.0) -> 1 | G45: =IFERROR(__xludf.DUMMYFUNCTION("""COMPUTED_VALUE"""),"PR033") -> PR033 | H45: =IFERROR(__xludf.DUMMYFUNCTION("""COMPUTED_VALUE"""),"VD024") -> VD024 | I45: =IFERROR(__xludf.DUMMYFUNCTION("""COMPUTED_VALUE"""),24.0) -> 24 | J45: =IFERROR(__xludf.DUMMYFUNCTION("""COMPUTED_VALUE"""),7485.12) -> 7485.12 | K45: =IFERROR(__xludf.DUMMYFUNCTION("""COMPUTED_VALUE"""),7485.12) -> 7485.12
A46: =IFERROR(__xludf.DUMMYFUNCTION("""COMPUTED_VALUE"""),1000.0) -> 1000 | B46: =IFERROR(__xludf.DUMMYFUNCTION("""COMPUTED_VALUE"""),183490.0) -> 183490 | C46: =IFERROR(__xludf.DUMMYFUNCTION("""COMPUTED_VALUE"""),2026.0) -> 2026 | D46: =IFERROR(__xludf.DUMMYFUNCTION("""COMPUTED_VALUE"""),46381.0) -> 46381 | E46: =IFERROR(__xludf.DUMMYFUNCTION("""COMPUTED_VALUE"""),"VF") -> VF | F46: =IFERROR(__xludf.DUMMYFUNCTION("""COMPUTED_VALUE"""),1.0) -> 1 | G46: =IFERROR(__xludf.DUMMYFUNCTION("""COMPUTED_VALUE"""),"PR008") -> PR008 | H46: =IFERROR(__xludf.DUMMYFUNCTION("""COMPUTED_VALUE"""),"VD027") -> VD027 | I46: =IFERROR(__xludf.DUMMYFUNCTION("""COMPUTED_VALUE"""),20.0) -> 20 | J46: =IFERROR(__xludf.DUMMYFUNCTION("""COMPUTED_VALUE"""),2049.72) -> 2049.72 | K46: =IFERROR(__xludf.DUMMYFUNCTION("""COMPUTED_VALUE"""),2049.72) -> 2049.72
A47: =IFERROR(__xludf.DUMMYFUNCTION("""COMPUTED_VALUE"""),1000.0) -> 1000 | B47: =IFERROR(__xludf.DUMMYFUNCTION("""COMPUTED_VALUE"""),183491.0) -> 183491 | C47: =IFERROR(__xludf.DUMMYFUNCTION("""COMPUTED_VALUE"""),2026.0) -> 2026 | D47: =IFERROR(__xludf.DUMMYFUNCTION("""COMPUTED_VALUE"""),46381.0) -> 46381 | E47: =IFERROR(__xludf.DUMMYFUNCTION("""COMPUTED_VALUE"""),"VF") -> VF | F47: =IFERROR(__xludf.DUMMYFUNCTION("""COMPUTED_VALUE"""),1.0) -> 1 | G47: =IFERROR(__xludf.DUMMYFUNCTION("""COMPUTED_VALUE"""),"PR013") -> PR013 | H47: =IFERROR(__xludf.DUMMYFUNCTION("""COMPUTED_VALUE"""),"VD048") -> VD048 | I47: =IFERROR(__xludf.DUMMYFUNCTION("""COMPUTED_VALUE"""),27.0) -> 27 | J47: =IFERROR(__xludf.DUMMYFUNCTION("""COMPUTED_VALUE"""),1238.9) -> 1238.9 | K47: =IFERROR(__xludf.DUMMYFUNCTION("""COMPUTED_VALUE"""),1238.9) -> 1238.9
A48: =IFERROR(__xludf.DUMMYFUNCTION("""COMPUTED_VALUE"""),1000.0) -> 1000 | B48: =IFERROR(__xludf.DUMMYFUNCTION("""COMPUTED_VALUE"""),183492.0) -> 183492 | C48: =IFERROR(__xludf.DUMMYFUNCTION("""COMPUTED_VALUE"""),2026.0) -> 2026 | D48: =IFERROR(__xludf.DUMMYFUNCTION("""COMPUTED_VALUE"""),46381.0) -> 46381 | E48: =IFERROR(__xludf.DUMMYFUNCTION("""COMPUTED_VALUE"""),"VF") -> VF | F48: =IFERROR(__xludf.DUMMYFUNCTION("""COMPUTED_VALUE"""),1.0) -> 1 | G48: =IFERROR(__xludf.DUMMYFUNCTION("""COMPUTED_VALUE"""),"PR011") -> PR011 | H48: =IFERROR(__xludf.DUMMYFUNCTION("""COMPUTED_VALUE"""),"VD026") -> VD026 | I48: =IFERROR(__xludf.DUMMYFUNCTION("""COMPUTED_VALUE"""),18.0) -> 18 | J48: =IFERROR(__xludf.DUMMYFUNCTION("""COMPUTED_VALUE"""),1013.04) -> 1013.04 | K48: =IFERROR(__xludf.DUMMYFUNCTION("""COMPUTED_VALUE"""),1013.04) -> 1013.04
A49: =IFERROR(__xludf.DUMMYFUNCTION("""COMPUTED_VALUE"""),1000.0) -> 1000 | B49: =IFERROR(__xludf.DUMMYFUNCTION("""COMPUTED_VALUE"""),183493.0) -> 183493 | C49: =IFERROR(__xludf.DUMMYFUNCTION("""COMPUTED_VALUE"""),2026.0) -> 2026 | D49: =IFERROR(__xludf.DUMMYFUNCTION("""COMPUTED_VALUE"""),46381.0) -> 46381 | E49: =IFERROR(__xludf.DUMMYFUNCTION("""COMPUTED_VALUE"""),"VF") -> VF | F49: =IFERROR(__xludf.DUMMYFUNCTION("""COMPUTED_VALUE"""),1.0) -> 1 | G49: =IFERROR(__xludf.DUMMYFUNCTION("""COMPUTED_VALUE"""),"PR014") -> PR014 | H49: =IFERROR(__xludf.DUMMYFUNCTION("""COMPUTED_VALUE"""),"VD040") -> VD040 | I49: =IFERROR(__xludf.DUMMYFUNCTION("""COMPUTED_VALUE"""),24.0) -> 24 | J49: =IFERROR(__xludf.DUMMYFUNCTION("""COMPUTED_VALUE"""),1139.54) -> 1139.54 | K49: =IFERROR(__xludf.DUMMYFUNCTION("""COMPUTED_VALUE"""),1139.54) -> 1139.54
A50: =IFERROR(__xludf.DUMMYFUNCTION("""COMPUTED_VALUE"""),2000.0) -> 2000 | B50: =IFERROR(__xludf.DUMMYFUNCTION("""COMPUTED_VALUE"""),183494.0) -> 183494 | C50: =IFERROR(__xludf.DUMMYFUNCTION("""COMPUTED_VALUE"""),2026.0) -> 2026 | D50: =IFERROR(__xludf.DUMMYFUNCTION("""COMPUTED_VALUE"""),46380.0) -> 46380 | E50: =IFERROR(__xludf.DUMMYFUNCTION("""COMPUTED_VALUE"""),"VF") -> VF | F50: =IFERROR(__xludf.DUMMYFUNCTION("""COMPUTED_VALUE"""),1.0) -> 1 | G50: =IFERROR(__xludf.DUMMYFUNCTION("""COMPUTED_VALUE"""),"PR043") -> PR043 | H50: =IFERROR(__xludf.DUMMYFUNCTION("""COMPUTED_VALUE"""),"VD035") -> VD035 | I50: =IFERROR(__xludf.DUMMYFUNCTION("""COMPUTED_VALUE"""),18.0) -> 18 | J50: =IFERROR(__xludf.DUMMYFUNCTION("""COMPUTED_VALUE"""),1435.5) -> 1435.5 | K50: =IFERROR(__xludf.DUMMYFUNCTION("""COMPUTED_VALUE"""),1435.5) -> 1435.5
A51: =IFERROR(__xludf.DUMMYFUNCTION("""COMPUTED_VALUE"""),1000.0) -> 1000 | B51: =IFERROR(__xludf.DUMMYFUNCTION("""COMPUTED_VALUE"""),183494.0) -> 183494 | C51: =IFERROR(__xludf.DUMMYFUNCTION("""COMPUTED_VALUE"""),2026.0) -> 2026 | D51: =IFERROR(__xludf.DUMMYFUNCTION("""COMPUTED_VALUE"""),46380.0) -> 46380 | E51: =IFERROR(__xludf.DUMMYFUNCTION("""COMPUTED_VALUE"""),"VF") -> VF | F51: =IFERROR(__xludf.DUMMYFUNCTION("""COMPUTED_VALUE"""),2.0) -> 2 | G51: =IFERROR(__xludf.DUMMYFUNCTION("""COMPUTED_VALUE"""),"PR037") -> PR037 | H51: =IFERROR(__xludf.DUMMYFUNCTION("""COMPUTED_VALUE"""),"VD036") -> VD036 | I51: =IFERROR(__xludf.DUMMYFUNCTION("""COMPUTED_VALUE"""),30.0) -> 30 | J51: =IFERROR(__xludf.DUMMYFUNCTION("""COMPUTED_VALUE"""),5040.0) -> 5040 | K51: =IFERROR(__xludf.DUMMYFUNCTION("""COMPUTED_VALUE"""),5040.0) -> 5040
A52: =IFERROR(__xludf.DUMMYFUNCTION("""COMPUTED_VALUE"""),1000.0) -> 1000 | B52: =IFERROR(__xludf.DUMMYFUNCTION("""COMPUTED_VALUE"""),183494.0) -> 183494 | C52: =IFERROR(__xludf.DUMMYFUNCTION("""COMPUTED_VALUE"""),2026.0) -> 2026 | D52: =IFERROR(__xludf.DUMMYFUNCTION("""COMPUTED_VALUE"""),46380.0) -> 46380 | E52: =IFERROR(__xludf.DUMMYFUNCTION("""COMPUTED_VALUE"""),"VF") -> VF | F52: =IFERROR(__xludf.DUMMYFUNCTION("""COMPUTED_VALUE"""),3.0) -> 3 | G52: =IFERROR(__xludf.DUMMYFUNCTION("""COMPUTED_VALUE"""),"PR020") -> PR020 | H52: =IFERROR(__xludf.DUMMYFUNCTION("""COMPUTED_VALUE"""),"VD026") -> VD026 | I52: =IFERROR(__xludf.DUMMYFUNCTION("""COMPUTED_VALUE"""),20.0) -> 20 | J52: =IFERROR(__xludf.DUMMYFUNCTION("""COMPUTED_VALUE"""),6657.78) -> 6657.78 | K52: =IFERROR(__xludf.DUMMYFUNCTION("""COMPUTED_VALUE"""),6657.78) -> 6657.78
A53: =IFERROR(__xludf.DUMMYFUNCTION("""COMPUTED_VALUE"""),1000.0) -> 1000 | B53: =IFERROR(__xludf.DUMMYFUNCTION("""COMPUTED_VALUE"""),183495.0) -> 183495 | C53: =IFERROR(__xludf.DUMMYFUNCTION("""COMPUTED_VALUE"""),2026.0) -> 2026 | D53: =IFERROR(__xludf.DUMMYFUNCTION("""COMPUTED_VALUE"""),46380.0) -> 46380 | E53: =IFERROR(__xludf.DUMMYFUNCTION("""COMPUTED_VALUE"""),"VF") -> VF | F53: =IFERROR(__xludf.DUMMYFUNCTION("""COMPUTED_VALUE"""),1.0) -> 1 | G53: =IFERROR(__xludf.DUMMYFUNCTION("""COMPUTED_VALUE"""),"PR052") -> PR052 | H53: =IFERROR(__xludf.DUMMYFUNCTION("""COMPUTED_VALUE"""),"VD035") -> VD035 | I53: =IFERROR(__xludf.DUMMYFUNCTION("""COMPUTED_VALUE"""),12.0) -> 12 | J53: =IFERROR(__xludf.DUMMYFUNCTION("""COMPUTED_VALUE"""),658.68) -> 658.68 | K53: =IFERROR(__xludf.DUMMYFUNCTION("""COMPUTED_VALUE"""),658.68) -> 658.68
A54: =IFERROR(__xludf.DUMMYFUNCTION("""COMPUTED_VALUE"""),1000.0) -> 1000 | B54: =IFERROR(__xludf.DUMMYFUNCTION("""COMPUTED_VALUE"""),183495.0) -> 183495 | C54: =IFERROR(__xludf.DUMMYFUNCTION("""COMPUTED_VALUE"""),2026.0) -> 2026 | D54: =IFERROR(__xludf.DUMMYFUNCTION("""COMPUTED_VALUE"""),46380.0) -> 46380 | E54: =IFERROR(__xludf.DUMMYFUNCTION("""COMPUTED_VALUE"""),"VF") -> VF | F54: =IFERROR(__xludf.DUMMYFUNCTION("""COMPUTED_VALUE"""),2.0) -> 2 | G54: =IFERROR(__xludf.DUMMYFUNCTION("""COMPUTED_VALUE"""),"PR023") -> PR023 | H54: =IFERROR(__xludf.DUMMYFUNCTION("""COMPUTED_VALUE"""),"VD016") -> VD016 | I54: =IFERROR(__xludf.DUMMYFUNCTION("""COMPUTED_VALUE"""),27.0) -> 27 | J54: =IFERROR(__xludf.DUMMYFUNCTION("""COMPUTED_VALUE"""),7894.34) -> 7894.34 | K54: =IFERROR(__xludf.DUMMYFUNCTION("""COMPUTED_VALUE"""),7894.34) -> 7894.34
A55: =IFERROR(__xludf.DUMMYFUNCTION("""COMPUTED_VALUE"""),1000.0) -> 1000 | B55: =IFERROR(__xludf.DUMMYFUNCTION("""COMPUTED_VALUE"""),183496.0) -> 183496 | C55: =IFERROR(__xludf.DUMMYFUNCTION("""COMPUTED_VALUE"""),2026.0) -> 2026 | D55: =IFERROR(__xludf.DUMMYFUNCTION("""COMPUTED_VALUE"""),46380.0) -> 46380 | E55: =IFERROR(__xludf.DUMMYFUNCTION("""COMPUTED_VALUE"""),"VF") -> VF | F55: =IFERROR(__xludf.DUMMYFUNCTION("""COMPUTED_VALUE"""),1.0) -> 1 | G55: =IFERROR(__xludf.DUMMYFUNCTION("""COMPUTED_VALUE"""),"PR002") -> PR002 | H55: =IFERROR(__xludf.DUMMYFUNCTION("""COMPUTED_VALUE"""),"VD018") -> VD018 | I55: =IFERROR(__xludf.DUMMYFUNCTION("""COMPUTED_VALUE"""),9.0) -> 9 | J55: =IFERROR(__xludf.DUMMYFUNCTION("""COMPUTED_VALUE"""),717.17) -> 717.17 | K55: =IFERROR(__xludf.DUMMYFUNCTION("""COMPUTED_VALUE"""),717.17) -> 717.17
A56: =IFERROR(__xludf.DUMMYFUNCTION("""COMPUTED_VALUE"""),1000.0) -> 1000 | B56: =IFERROR(__xludf.DUMMYFUNCTION("""COMPUTED_VALUE"""),183496.0) -> 183496 | C56: =IFERROR(__xludf.DUMMYFUNCTION("""COMPUTED_VALUE"""),2026.0) -> 2026 | D56: =IFERROR(__xludf.DUMMYFUNCTION("""COMPUTED_VALUE"""),46379.0) -> 46379 | E56: =IFERROR(__xludf.DUMMYFUNCTION("""COMPUTED_VALUE"""),"VF") -> VF | F56: =IFERROR(__xludf.DUMMYFUNCTION("""COMPUTED_VALUE"""),2.0) -> 2 | G56: =IFERROR(__xludf.DUMMYFUNCTION("""COMPUTED_VALUE"""),"PR039") -> PR039 | H56: =IFERROR(__xludf.DUMMYFUNCTION("""COMPUTED_VALUE"""),"VD014") -> VD014 | I56: =IFERROR(__xludf.DUMMYFUNCTION("""COMPUTED_VALUE"""),16.0) -> 16 | J56: =IFERROR(__xludf.DUMMYFUNCTION("""COMPUTED_VALUE"""),2663.04) -> 2663.04 | K56: =IFERROR(__xludf.DUMMYFUNCTION("""COMPUTED_VALUE"""),2663.04) -> 2663.04
A57: =IFERROR(__xludf.DUMMYFUNCTION("""COMPUTED_VALUE"""),2000.0) -> 2000 | B57: =IFERROR(__xludf.DUMMYFUNCTION("""COMPUTED_VALUE"""),183497.0) -> 183497 | C57: =IFERROR(__xludf.DUMMYFUNCTION("""COMPUTED_VALUE"""),2026.0) -> 2026 | D57: =IFERROR(__xludf.DUMMYFUNCTION("""COMPUTED_VALUE"""),46379.0) -> 46379 | E57: =IFERROR(__xludf.DUMMYFUNCTION("""COMPUTED_VALUE"""),"VF") -> VF | F57: =IFERROR(__xludf.DUMMYFUNCTION("""COMPUTED_VALUE"""),1.0) -> 1 | G57: =IFERROR(__xludf.DUMMYFUNCTION("""COMPUTED_VALUE"""),"PR060") -> PR060 | H57: =IFERROR(__xludf.DUMMYFUNCTION("""COMPUTED_VALUE"""),"VD044") -> VD044 | I57: =IFERROR(__xludf.DUMMYFUNCTION("""COMPUTED_VALUE"""),6.0) -> 6 | J57: =IFERROR(__xludf.DUMMYFUNCTION("""COMPUTED_VALUE"""),1252.8) -> 1252.8 | K57: =IFERROR(__xludf.DUMMYFUNCTION("""COMPUTED_VALUE"""),1252.8) -> 1252.8
A58: =IFERROR(__xludf.DUMMYFUNCTION("""COMPUTED_VALUE"""),1000.0) -> 1000 | B58: =IFERROR(__xludf.DUMMYFUNCTION("""COMPUTED_VALUE"""),183498.0) -> 183498 | C58: =IFERROR(__xludf.DUMMYFUNCTION("""COMPUTED_VALUE"""),2026.0) -> 2026 | D58: =IFERROR(__xludf.DUMMYFUNCTION("""COMPUTED_VALUE"""),46378.0) -> 46378 | E58: =IFERROR(__xludf.DUMMYFUNCTION("""COMPUTED_VALUE"""),"VF") -> VF | F58: =IFERROR(__xludf.DUMMYFUNCTION("""COMPUTED_VALUE"""),1.0) -> 1 | G58: =IFERROR(__xludf.DUMMYFUNCTION("""COMPUTED_VALUE"""),"PR009") -> PR009 | H58: =IFERROR(__xludf.DUMMYFUNCTION("""COMPUTED_VALUE"""),"VD041") -> VD041 | I58: =IFERROR(__xludf.DUMMYFUNCTION("""COMPUTED_VALUE"""),15.0) -> 15 | J58: =IFERROR(__xludf.DUMMYFUNCTION("""COMPUTED_VALUE"""),1560.72) -> 1560.72 | K58: =IFERROR(__xludf.DUMMYFUNCTION("""COMPUTED_VALUE"""),1560.72) -> 1560.72
A59: =IFERROR(__xludf.DUMMYFUNCTION("""COMPUTED_VALUE"""),2000.0) -> 2000 | B59: =IFERROR(__xludf.DUMMYFUNCTION("""COMPUTED_VALUE"""),183498.0) -> 183498 | C59: =IFERROR(__xludf.DUMMYFUNCTION("""COMPUTED_VALUE"""),2026.0) -> 2026 | D59: =IFERROR(__xludf.DUMMYFUNCTION("""COMPUTED_VALUE"""),46378.0) -> 46378 | E59: =IFERROR(__xludf.DUMMYFUNCTION("""COMPUTED_VALUE"""),"VF") -> VF | F59: =IFERROR(__xludf.DUMMYFUNCTION("""COMPUTED_VALUE"""),2.0) -> 2 | G59: =IFERROR(__xludf.DUMMYFUNCTION("""COMPUTED_VALUE"""),"PR057") -> PR057 | H59: =IFERROR(__xludf.DUMMYFUNCTION("""COMPUTED_VALUE"""),"VD046") -> VD046 | I59: =IFERROR(__xludf.DUMMYFUNCTION("""COMPUTED_VALUE"""),15.0) -> 15 | J59: =IFERROR(__xludf.DUMMYFUNCTION("""COMPUTED_VALUE"""),1591.23) -> 1591.23 | K59: =IFERROR(__xludf.DUMMYFUNCTION("""COMPUTED_VALUE"""),1591.23) -> 1591.23
A60: =IFERROR(__xludf.DUMMYFUNCTION("""COMPUTED_VALUE"""),1000.0) -> 1000 | B60: =IFERROR(__xludf.DUMMYFUNCTION("""COMPUTED_VALUE"""),183498.0) -> 183498 | C60: =IFERROR(__xludf.DUMMYFUNCTION("""COMPUTED_VALUE"""),2026.0) -> 2026 | D60: =IFERROR(__xludf.DUMMYFUNCTION("""COMPUTED_VALUE"""),46377.0) -> 46377 | E60: =IFERROR(__xludf.DUMMYFUNCTION("""COMPUTED_VALUE"""),"VF") -> VF | F60: =IFERROR(__xludf.DUMMYFUNCTION("""COMPUTED_VALUE"""),3.0) -> 3 | G60: =IFERROR(__xludf.DUMMYFUNCTION("""COMPUTED_VALUE"""),"PR018") -> PR018 | H60: =IFERROR(__xludf.DUMMYFUNCTION("""COMPUTED_VALUE"""),"VD037") -> VD037 | I60: =IFERROR(__xludf.DUMMYFUNCTION("""COMPUTED_VALUE"""),10.0) -> 10 | J60: =IFERROR(__xludf.DUMMYFUNCTION("""COMPUTED_VALUE"""),361.9) -> 361.9 | K60: =IFERROR(__xludf.DUMMYFUNCTION("""COMPUTED_VALUE"""),361.9) -> 361.9
A61: =IFERROR(__xludf.DUMMYFUNCTION("""COMPUTED_VALUE"""),1000.0) -> 1000 | B61: =IFERROR(__xludf.DUMMYFUNCTION("""COMPUTED_VALUE"""),183499.0) -> 183499 | C61: =IFERROR(__xludf.DUMMYFUNCTION("""COMPUTED_VALUE"""),2026.0) -> 2026 | D61: =IFERROR(__xludf.DUMMYFUNCTION("""COMPUTED_VALUE"""),46377.0) -> 46377 | E61: =IFERROR(__xludf.DUMMYFUNCTION("""COMPUTED_VALUE"""),"VF") -> VF | F61: =IFERROR(__xludf.DUMMYFUNCTION("""COMPUTED_VALUE"""),1.0) -> 1 | G61: =IFERROR(__xludf.DUMMYFUNCTION("""COMPUTED_VALUE"""),"PR022") -> PR022 | H61: =IFERROR(__xludf.DUMMYFUNCTION("""COMPUTED_VALUE"""),"VD023") -> VD023 | I61: =IFERROR(__xludf.DUMMYFUNCTION("""COMPUTED_VALUE"""),16.0) -> 16 | J61: =IFERROR(__xludf.DUMMYFUNCTION("""COMPUTED_VALUE"""),5424.0) -> 5424 | K61: =IFERROR(__xludf.DUMMYFUNCTION("""COMPUTED_VALUE"""),5424.0) -> 5424
A62: =IFERROR(__xludf.DUMMYFUNCTION("""COMPUTED_VALUE"""),1000.0) -> 1000 | B62: =IFERROR(__xludf.DUMMYFUNCTION("""COMPUTED_VALUE"""),183499.0) -> 183499 | C62: =IFERROR(__xludf.DUMMYFUNCTION("""COMPUTED_VALUE"""),2026.0) -> 2026 | D62: =IFERROR(__xludf.DUMMYFUNCTION("""COMPUTED_VALUE"""),46377.0) -> 46377 | E62: =IFERROR(__xludf.DUMMYFUNCTION("""COMPUTED_VALUE"""),"VF") -> VF | F62: =IFERROR(__xludf.DUMMYFUNCTION("""COMPUTED_VALUE"""),2.0) -> 2 | G62: =IFERROR(__xludf.DUMMYFUNCTION("""COMPUTED_VALUE"""),"PR020") -> PR020 | H62: =IFERROR(__xludf.DUMMYFUNCTION("""COMPUTED_VALUE"""),"VD023") -> VD023 | I62: =IFERROR(__xludf.DUMMYFUNCTION("""COMPUTED_VALUE"""),21.0) -> 21 | J62: =IFERROR(__xludf.DUMMYFUNCTION("""COMPUTED_VALUE"""),7242.59) -> 7242.59 | K62: =IFERROR(__xludf.DUMMYFUNCTION("""COMPUTED_VALUE"""),7242.59) -> 7242.59
A63: =IFERROR(__xludf.DUMMYFUNCTION("""COMPUTED_VALUE"""),1000.0) -> 1000 | B63: =IFERROR(__xludf.DUMMYFUNCTION("""COMPUTED_VALUE"""),183500.0) -> 183500 | C63: =IFERROR(__xludf.DUMMYFUNCTION("""COMPUTED_VALUE"""),2026.0) -> 2026 | D63: =IFERROR(__xludf.DUMMYFUNCTION("""COMPUTED_VALUE"""),46377.0) -> 46377 | E63: =IFERROR(__xludf.DUMMYFUNCTION("""COMPUTED_VALUE"""),"VF") -> VF | F63: =IFERROR(__xludf.DUMMYFUNCTION("""COMPUTED_VALUE"""),1.0) -> 1 | G63: =IFERROR(__xludf.DUMMYFUNCTION("""COMPUTED_VALUE"""),"PR043") -> PR043 | H63: =IFERROR(__xludf.DUMMYFUNCTION("""COMPUTED_VALUE"""),"VD039") -> VD039 | I63: =IFERROR(__xludf.DUMMYFUNCTION("""COMPUTED_VALUE"""),16.0) -> 16 | J63: =IFERROR(__xludf.DUMMYFUNCTION("""COMPUTED_VALUE"""),1368.8) -> 1368.8 | K63: =IFERROR(__xludf.DUMMYFUNCTION("""COMPUTED_VALUE"""),1368.8) -> 1368.8
A64: =IFERROR(__xludf.DUMMYFUNCTION("""COMPUTED_VALUE"""),1000.0) -> 1000 | B64: =IFERROR(__xludf.DUMMYFUNCTION("""COMPUTED_VALUE"""),183501.0) -> 183501 | C64: =IFERROR(__xludf.DUMMYFUNCTION("""COMPUTED_VALUE"""),2026.0) -> 2026 | D64: =IFERROR(__xludf.DUMMYFUNCTION("""COMPUTED_VALUE"""),46377.0) -> 46377 | E64: =IFERROR(__xludf.DUMMYFUNCTION("""COMPUTED_VALUE"""),"VF") -> VF | F64: =IFERROR(__xludf.DUMMYFUNCTION("""COMPUTED_VALUE"""),1.0) -> 1 | G64: =IFERROR(__xludf.DUMMYFUNCTION("""COMPUTED_VALUE"""),"PR040") -> PR040 | H64: =IFERROR(__xludf.DUMMYFUNCTION("""COMPUTED_VALUE"""),"VD014") -> VD014 | I64: =IFERROR(__xludf.DUMMYFUNCTION("""COMPUTED_VALUE"""),20.0) -> 20 | J64: =IFERROR(__xludf.DUMMYFUNCTION("""COMPUTED_VALUE"""),1624.0) -> 1624 | K64: =IFERROR(__xludf.DUMMYFUNCTION("""COMPUTED_VALUE"""),1624.0) -> 1624
A65: =IFERROR(__xludf.DUMMYFUNCTION("""COMPUTED_VALUE"""),1000.0) -> 1000 | B65: =IFERROR(__xludf.DUMMYFUNCTION("""COMPUTED_VALUE"""),183502.0) -> 183502 | C65: =IFERROR(__xludf.DUMMYFUNCTION("""COMPUTED_VALUE"""),2026.0) -> 2026 | D65: =IFERROR(__xludf.DUMMYFUNCTION("""COMPUTED_VALUE"""),46377.0) -> 46377 | E65: =IFERROR(__xludf.DUMMYFUNCTION("""COMPUTED_VALUE"""),"VF") -> VF | F65: =IFERROR(__xludf.DUMMYFUNCTION("""COMPUTED_VALUE"""),1.0) -> 1 | G65: =IFERROR(__xludf.DUMMYFUNCTION("""COMPUTED_VALUE"""),"PR052") -> PR052 | H65: =IFERROR(__xludf.DUMMYFUNCTION("""COMPUTED_VALUE"""),"VD035") -> VD035 | I65: =IFERROR(__xludf.DUMMYFUNCTION("""COMPUTED_VALUE"""),30.0) -> 30 | J65: =IFERROR(__xludf.DUMMYFUNCTION("""COMPUTED_VALUE"""),1721.55) -> 1721.55 | K65: =IFERROR(__xludf.DUMMYFUNCTION("""COMPUTED_VALUE"""),1721.55) -> 1721.55
A66: =IFERROR(__xludf.DUMMYFUNCTION("""COMPUTED_VALUE"""),2000.0) -> 2000 | B66: =IFERROR(__xludf.DUMMYFUNCTION("""COMPUTED_VALUE"""),183502.0) -> 183502 | C66: =IFERROR(__xludf.DUMMYFUNCTION("""COMPUTED_VALUE"""),2026.0) -> 2026 | D66: =IFERROR(__xludf.DUMMYFUNCTION("""COMPUTED_VALUE"""),46377.0) -> 46377 | E66: =IFERROR(__xludf.DUMMYFUNCTION("""COMPUTED_VALUE"""),"VF") -> VF | F66: =IFERROR(__xludf.DUMMYFUNCTION("""COMPUTED_VALUE"""),2.0) -> 2 | G66: =IFERROR(__xludf.DUMMYFUNCTION("""COMPUTED_VALUE"""),"PR021") -> PR021 | H66: =IFERROR(__xludf.DUMMYFUNCTION("""COMPUTED_VALUE"""),"VD013") -> VD013 | I66: =IFERROR(__xludf.DUMMYFUNCTION("""COMPUTED_VALUE"""),8.0) -> 8 | J66: =IFERROR(__xludf.DUMMYFUNCTION("""COMPUTED_VALUE"""),2689.75) -> 2689.75 | K66: =IFERROR(__xludf.DUMMYFUNCTION("""COMPUTED_VALUE"""),2689.75) -> 2689.75
A67: =IFERROR(__xludf.DUMMYFUNCTION("""COMPUTED_VALUE"""),1000.0) -> 1000 | B67: =IFERROR(__xludf.DUMMYFUNCTION("""COMPUTED_VALUE"""),183503.0) -> 183503 | C67: =IFERROR(__xludf.DUMMYFUNCTION("""COMPUTED_VALUE"""),2026.0) -> 2026 | D67: =IFERROR(__xludf.DUMMYFUNCTION("""COMPUTED_VALUE"""),46377.0) -> 46377 | E67: =IFERROR(__xludf.DUMMYFUNCTION("""COMPUTED_VALUE"""),"VF") -> VF | F67: =IFERROR(__xludf.DUMMYFUNCTION("""COMPUTED_VALUE"""),1.0) -> 1 | G67: =IFERROR(__xludf.DUMMYFUNCTION("""COMPUTED_VALUE"""),"PR050") -> PR050 | H67: =IFERROR(__xludf.DUMMYFUNCTION("""COMPUTED_VALUE"""),"VD015") -> VD015 | I67: =IFERROR(__xludf.DUMMYFUNCTION("""COMPUTED_VALUE"""),24.0) -> 24 | J67: =IFERROR(__xludf.DUMMYFUNCTION("""COMPUTED_VALUE"""),915.94) -> 915.94 | K67: =IFERROR(__xludf.DUMMYFUNCTION("""COMPUTED_VALUE"""),915.94) -> 915.94
A68: =IFERROR(__xludf.DUMMYFUNCTION("""COMPUTED_VALUE"""),1000.0) -> 1000 | B68: =IFERROR(__xludf.DUMMYFUNCTION("""COMPUTED_VALUE"""),183504.0) -> 183504 | C68: =IFERROR(__xludf.DUMMYFUNCTION("""COMPUTED_VALUE"""),2026.0) -> 2026 | D68: =IFERROR(__xludf.DUMMYFUNCTION("""COMPUTED_VALUE"""),46377.0) -> 46377 | E68: =IFERROR(__xludf.DUMMYFUNCTION("""COMPUTED_VALUE"""),"VF") -> VF | F68: =IFERROR(__xludf.DUMMYFUNCTION("""COMPUTED_VALUE"""),1.0) -> 1 | G68: =IFERROR(__xludf.DUMMYFUNCTION("""COMPUTED_VALUE"""),"PR036") -> PR036 | H68: =IFERROR(__xludf.DUMMYFUNCTION("""COMPUTED_VALUE"""),"VD040") -> VD040 | I68: =IFERROR(__xludf.DUMMYFUNCTION("""COMPUTED_VALUE"""),12.0) -> 12 | J68: =IFERROR(__xludf.DUMMYFUNCTION("""COMPUTED_VALUE"""),1301.52) -> 1301.52 | K68: =IFERROR(__xludf.DUMMYFUNCTION("""COMPUTED_VALUE"""),1301.52) -> 1301.52
A69: =IFERROR(__xludf.DUMMYFUNCTION("""COMPUTED_VALUE"""),1000.0) -> 1000 | B69: =IFERROR(__xludf.DUMMYFUNCTION("""COMPUTED_VALUE"""),183505.0) -> 183505 | C69: =IFERROR(__xludf.DUMMYFUNCTION("""COMPUTED_VALUE"""),2026.0) -> 2026 | D69: =IFERROR(__xludf.DUMMYFUNCTION("""COMPUTED_VALUE"""),46376.0) -> 46376 | E69: =IFERROR(__xludf.DUMMYFUNCTION("""COMPUTED_VALUE"""),"VF") -> VF | F69: =IFERROR(__xludf.DUMMYFUNCTION("""COMPUTED_VALUE"""),1.0) -> 1 | G69: =IFERROR(__xludf.DUMMYFUNCTION("""COMPUTED_VALUE"""),"PR023") -> PR023 | H69: =IFERROR(__xludf.DUMMYFUNCTION("""COMPUTED_VALUE"""),"VD037") -> VD037 | I69: =IFERROR(__xludf.DUMMYFUNCTION("""COMPUTED_VALUE"""),12.0) -> 12 | J69: =IFERROR(__xludf.DUMMYFUNCTION("""COMPUTED_VALUE"""),3298.68) -> 3298.68 | K69: =IFERROR(__xludf.DUMMYFUNCTION("""COMPUTED_VALUE"""),3298.68) -> 3298.68
A70: =IFERROR(__xludf.DUMMYFUNCTION("""COMPUTED_VALUE"""),1000.0) -> 1000 | B70: =IFERROR(__xludf.DUMMYFUNCTION("""COMPUTED_VALUE"""),183506.0) -> 183506 | C70: =IFERROR(__xludf.DUMMYFUNCTION("""COMPUTED_VALUE"""),2026.0) -> 2026 | D70: =IFERROR(__xludf.DUMMYFUNCTION("""COMPUTED_VALUE"""),46376.0) -> 46376 | E70: =IFERROR(__xludf.DUMMYFUNCTION("""COMPUTED_VALUE"""),"VF") -> VF | F70: =IFERROR(__xludf.DUMMYFUNCTION("""COMPUTED_VALUE"""),1.0) -> 1 | G70: =IFERROR(__xludf.DUMMYFUNCTION("""COMPUTED_VALUE"""),"PR052") -> PR052 | H70: =IFERROR(__xludf.DUMMYFUNCTION("""COMPUTED_VALUE"""),"VD014") -> VD014 | I70: =IFERROR(__xludf.DUMMYFUNCTION("""COMPUTED_VALUE"""),20.0) -> 20 | J70: =IFERROR(__xludf.DUMMYFUNCTION("""COMPUTED_VALUE"""),1127.74) -> 1127.74 | K70: =IFERROR(__xludf.DUMMYFUNCTION("""COMPUTED_VALUE"""),1127.74) -> 1127.74
A71: =IFERROR(__xludf.DUMMYFUNCTION("""COMPUTED_VALUE"""),1000.0) -> 1000 | B71: =IFERROR(__xludf.DUMMYFUNCTION("""COMPUTED_VALUE"""),183506.0) -> 183506 | C71: =IFERROR(__xludf.DUMMYFUNCTION("""COMPUTED_VALUE"""),2026.0) -> 2026 | D71: =IFERROR(__xludf.DUMMYFUNCTION("""COMPUTED_VALUE"""),46375.0) -> 46375 | E71: =IFERROR(__xludf.DUMMYFUNCTION("""COMPUTED_VALUE"""),"VF") -> VF | F71: =IFERROR(__xludf.DUMMYFUNCTION("""COMPUTED_VALUE"""),2.0) -> 2 | G71: =IFERROR(__xludf.DUMMYFUNCTION("""COMPUTED_VALUE"""),"PR051") -> PR051 | H71: =IFERROR(__xludf.DUMMYFUNCTION("""COMPUTED_VALUE"""),"VD018") -> VD018 | I71: =IFERROR(__xludf.DUMMYFUNCTION("""COMPUTED_VALUE"""),6.0) -> 6 | J71: =IFERROR(__xludf.DUMMYFUNCTION("""COMPUTED_VALUE"""),221.09) -> 221.09 | K71: =IFERROR(__xludf.DUMMYFUNCTION("""COMPUTED_VALUE"""),221.09) -> 221.09
A72: =IFERROR(__xludf.DUMMYFUNCTION("""COMPUTED_VALUE"""),2000.0) -> 2000 | B72: =IFERROR(__xludf.DUMMYFUNCTION("""COMPUTED_VALUE"""),183507.0) -> 183507 | C72: =IFERROR(__xludf.DUMMYFUNCTION("""COMPUTED_VALUE"""),2026.0) -> 2026 | D72: =IFERROR(__xludf.DUMMYFUNCTION("""COMPUTED_VALUE"""),46375.0) -> 46375 | E72: =IFERROR(__xludf.DUMMYFUNCTION("""COMPUTED_VALUE"""),"VF") -> VF | F72: =IFERROR(__xludf.DUMMYFUNCTION("""COMPUTED_VALUE"""),1.0) -> 1 | G72: =IFERROR(__xludf.DUMMYFUNCTION("""COMPUTED_VALUE"""),"PR019") -> PR019 | H72: =IFERROR(__xludf.DUMMYFUNCTION("""COMPUTED_VALUE"""),"VD010") -> VD010 | I72: =IFERROR(__xludf.DUMMYFUNCTION("""COMPUTED_VALUE"""),20.0) -> 20 | J72: =IFERROR(__xludf.DUMMYFUNCTION("""COMPUTED_VALUE"""),1197.6) -> 1197.6 | K72: =IFERROR(__xludf.DUMMYFUNCTION("""COMPUTED_VALUE"""),1197.6) -> 1197.6
A73: =IFERROR(__xludf.DUMMYFUNCTION("""COMPUTED_VALUE"""),1000.0) -> 1000 | B73: =IFERROR(__xludf.DUMMYFUNCTION("""COMPUTED_VALUE"""),183508.0) -> 183508 | C73: =IFERROR(__xludf.DUMMYFUNCTION("""COMPUTED_VALUE"""),2026.0) -> 2026 | D73: =IFERROR(__xludf.DUMMYFUNCTION("""COMPUTED_VALUE"""),46375.0) -> 46375 | E73: =IFERROR(__xludf.DUMMYFUNCTION("""COMPUTED_VALUE"""),"VF") -> VF | F73: =IFERROR(__xludf.DUMMYFUNCTION("""COMPUTED_VALUE"""),1.0) -> 1 | G73: =IFERROR(__xludf.DUMMYFUNCTION("""COMPUTED_VALUE"""),"PR053") -> PR053 | H73: =IFERROR(__xludf.DUMMYFUNCTION("""COMPUTED_VALUE"""),"VD043") -> VD043 | I73: =IFERROR(__xludf.DUMMYFUNCTION("""COMPUTED_VALUE"""),16.0) -> 16 | J73: =IFERROR(__xludf.DUMMYFUNCTION("""COMPUTED_VALUE"""),950.1) -> 950.1 | K73: =IFERROR(__xludf.DUMMYFUNCTION("""COMPUTED_VALUE"""),950.1) -> 950.1
A74: =IFERROR(__xludf.DUMMYFUNCTION("""COMPUTED_VALUE"""),1000.0) -> 1000 | B74: =IFERROR(__xludf.DUMMYFUNCTION("""COMPUTED_VALUE"""),183509.0) -> 183509 | C74: =IFERROR(__xludf.DUMMYFUNCTION("""COMPUTED_VALUE"""),2026.0) -> 2026 | D74: =IFERROR(__xludf.DUMMYFUNCTION("""COMPUTED_VALUE"""),46375.0) -> 46375 | E74: =IFERROR(__xludf.DUMMYFUNCTION("""COMPUTED_VALUE"""),"VF") -> VF | F74: =IFERROR(__xludf.DUMMYFUNCTION("""COMPUTED_VALUE"""),1.0) -> 1 | G74: =IFERROR(__xludf.DUMMYFUNCTION("""COMPUTED_VALUE"""),"PR031") -> PR031 | H74: =IFERROR(__xludf.DUMMYFUNCTION("""COMPUTED_VALUE"""),"VD035") -> VD035 | I74: =IFERROR(__xludf.DUMMYFUNCTION("""COMPUTED_VALUE"""),21.0) -> 21 | J74: =IFERROR(__xludf.DUMMYFUNCTION("""COMPUTED_VALUE"""),6122.55) -> 6122.55 | K74: =IFERROR(__xludf.DUMMYFUNCTION("""COMPUTED_VALUE"""),6122.55) -> 6122.55
A75: =IFERROR(__xludf.DUMMYFUNCTION("""COMPUTED_VALUE"""),1000.0) -> 1000 | B75: =IFERROR(__xludf.DUMMYFUNCTION("""COMPUTED_VALUE"""),183509.0) -> 183509 | C75: =IFERROR(__xludf.DUMMYFUNCTION("""COMPUTED_VALUE"""),2026.0) -> 2026 | D75: =IFERROR(__xludf.DUMMYFUNCTION("""COMPUTED_VALUE"""),46375.0) -> 46375 | E75: =IFERROR(__xludf.DUMMYFUNCTION("""COMPUTED_VALUE"""),"VF") -> VF | F75: =IFERROR(__xludf.DUMMYFUNCTION("""COMPUTED_VALUE"""),2.0) -> 2 | G75: =IFERROR(__xludf.DUMMYFUNCTION("""COMPUTED_VALUE"""),"PR008") -> PR008 | H75: =IFERROR(__xludf.DUMMYFUNCTION("""COMPUTED_VALUE"""),"VD037") -> VD037 | I75: =IFERROR(__xludf.DUMMYFUNCTION("""COMPUTED_VALUE"""),10.0) -> 10 | J75: =IFERROR(__xludf.DUMMYFUNCTION("""COMPUTED_VALUE"""),1078.8) -> 1078.8 | K75: =IFERROR(__xludf.DUMMYFUNCTION("""COMPUTED_VALUE"""),1078.8) -> 1078.8
A76: =IFERROR(__xludf.DUMMYFUNCTION("""COMPUTED_VALUE"""),1000.0) -> 1000 | B76: =IFERROR(__xludf.DUMMYFUNCTION("""COMPUTED_VALUE"""),183510.0) -> 183510 | C76: =IFERROR(__xludf.DUMMYFUNCTION("""COMPUTED_VALUE"""),2026.0) -> 2026 | D76: =IFERROR(__xludf.DUMMYFUNCTION("""COMPUTED_VALUE"""),46375.0) -> 46375 | E76: =IFERROR(__xludf.DUMMYFUNCTION("""COMPUTED_VALUE"""),"VF") -> VF | F76: =IFERROR(__xludf.DUMMYFUNCTION("""COMPUTED_VALUE"""),1.0) -> 1 | G76: =IFERROR(__xludf.DUMMYFUNCTION("""COMPUTED_VALUE"""),"PR010") -> PR010 | H76: =IFERROR(__xludf.DUMMYFUNCTION("""COMPUTED_VALUE"""),"VD023") -> VD023 | I76: =IFERROR(__xludf.DUMMYFUNCTION("""COMPUTED_VALUE"""),14.0) -> 14 | J76: =IFERROR(__xludf.DUMMYFUNCTION("""COMPUTED_VALUE"""),704.03) -> 704.03 | K76: =IFERROR(__xludf.DUMMYFUNCTION("""COMPUTED_VALUE"""),704.03) -> 704.03
A77: =IFERROR(__xludf.DUMMYFUNCTION("""COMPUTED_VALUE"""),1000.0) -> 1000 | B77: =IFERROR(__xludf.DUMMYFUNCTION("""COMPUTED_VALUE"""),183511.0) -> 183511 | C77: =IFERROR(__xludf.DUMMYFUNCTION("""COMPUTED_VALUE"""),2026.0) -> 2026 | D77: =IFERROR(__xludf.DUMMYFUNCTION("""COMPUTED_VALUE"""),46375.0) -> 46375 | E77: =IFERROR(__xludf.DUMMYFUNCTION("""COMPUTED_VALUE"""),"VF") -> VF | F77: =IFERROR(__xludf.DUMMYFUNCTION("""COMPUTED_VALUE"""),1.0) -> 1 | G77: =IFERROR(__xludf.DUMMYFUNCTION("""COMPUTED_VALUE"""),"PR012") -> PR012 | H77: =IFERROR(__xludf.DUMMYFUNCTION("""COMPUTED_VALUE"""),"VD018") -> VD018 | I77: =IFERROR(__xludf.DUMMYFUNCTION("""COMPUTED_VALUE"""),10.0) -> 10 | J77: =IFERROR(__xludf.DUMMYFUNCTION("""COMPUTED_VALUE"""),577.02) -> 577.02 | K77: =IFERROR(__xludf.DUMMYFUNCTION("""COMPUTED_VALUE"""),577.02) -> 577.02
A78: =IFERROR(__xludf.DUMMYFUNCTION("""COMPUTED_VALUE"""),2000.0) -> 2000 | B78: =IFERROR(__xludf.DUMMYFUNCTION("""COMPUTED_VALUE"""),183512.0) -> 183512 | C78: =IFERROR(__xludf.DUMMYFUNCTION("""COMPUTED_VALUE"""),2026.0) -> 2026 | D78: =IFERROR(__xludf.DUMMYFUNCTION("""COMPUTED_VALUE"""),46375.0) -> 46375 | E78: =IFERROR(__xludf.DUMMYFUNCTION("""COMPUTED_VALUE"""),"VF") -> VF | F78: =IFERROR(__xludf.DUMMYFUNCTION("""COMPUTED_VALUE"""),1.0) -> 1 | G78: =IFERROR(__xludf.DUMMYFUNCTION("""COMPUTED_VALUE"""),"PR043") -> PR043 | H78: =IFERROR(__xludf.DUMMYFUNCTION("""COMPUTED_VALUE"""),"VD033") -> VD033 | I78: =IFERROR(__xludf.DUMMYFUNCTION("""COMPUTED_VALUE"""),12.0) -> 12 | J78: =IFERROR(__xludf.DUMMYFUNCTION("""COMPUTED_VALUE"""),983.1) -> 983.1 | K78: =IFERROR(__xludf.DUMMYFUNCTION("""COMPUTED_VALUE"""),983.1) -> 983.1
A79: =IFERROR(__xludf.DUMMYFUNCTION("""COMPUTED_VALUE"""),2000.0) -> 2000 | B79: =IFERROR(__xludf.DUMMYFUNCTION("""COMPUTED_VALUE"""),183513.0) -> 183513 | C79: =IFERROR(__xludf.DUMMYFUNCTION("""COMPUTED_VALUE"""),2026.0) -> 2026 | D79: =IFERROR(__xludf.DUMMYFUNCTION("""COMPUTED_VALUE"""),46375.0) -> 46375 | E79: =IFERROR(__xludf.DUMMYFUNCTION("""COMPUTED_VALUE"""),"VF") -> VF | F79: =IFERROR(__xludf.DUMMYFUNCTION("""COMPUTED_VALUE"""),1.0) -> 1 | G79: =IFERROR(__xludf.DUMMYFUNCTION("""COMPUTED_VALUE"""),"PR004") -> PR004 | H79: =IFERROR(__xludf.DUMMYFUNCTION("""COMPUTED_VALUE"""),"VD015") -> VD015 | I79: =IFERROR(__xludf.DUMMYFUNCTION("""COMPUTED_VALUE"""),10.0) -> 10 | J79: =IFERROR(__xludf.DUMMYFUNCTION("""COMPUTED_VALUE"""),1725.5) -> 1725.5 | K79: =IFERROR(__xludf.DUMMYFUNCTION("""COMPUTED_VALUE"""),1725.5) -> 1725.5
A80: =IFERROR(__xludf.DUMMYFUNCTION("""COMPUTED_VALUE"""),1000.0) -> 1000 | B80: =IFERROR(__xludf.DUMMYFUNCTION("""COMPUTED_VALUE"""),183513.0) -> 183513 | C80: =IFERROR(__xludf.DUMMYFUNCTION("""COMPUTED_VALUE"""),2026.0) -> 2026 | D80: =IFERROR(__xludf.DUMMYFUNCTION("""COMPUTED_VALUE"""),46375.0) -> 46375 | E80: =IFERROR(__xludf.DUMMYFUNCTION("""COMPUTED_VALUE"""),"VF") -> VF | F80: =IFERROR(__xludf.DUMMYFUNCTION("""COMPUTED_VALUE"""),2.0) -> 2 | G80: =IFERROR(__xludf.DUMMYFUNCTION("""COMPUTED_VALUE"""),"PR045") -> PR045 | H80: =IFERROR(__xludf.DUMMYFUNCTION("""COMPUTED_VALUE"""),"VD027") -> VD027 | I80: =IFERROR(__xludf.DUMMYFUNCTION("""COMPUTED_VALUE"""),16.0) -> 16 | J80: =IFERROR(__xludf.DUMMYFUNCTION("""COMPUTED_VALUE"""),1334.0) -> 1334 | K80: =IFERROR(__xludf.DUMMYFUNCTION("""COMPUTED_VALUE"""),1334.0) -> 1334
A81: =IFERROR(__xludf.DUMMYFUNCTION("""COMPUTED_VALUE"""),1000.0) -> 1000 | B81: =IFERROR(__xludf.DUMMYFUNCTION("""COMPUTED_VALUE"""),183514.0) -> 183514 | C81: =IFERROR(__xludf.DUMMYFUNCTION("""COMPUTED_VALUE"""),2026.0) -> 2026 | D81: =IFERROR(__xludf.DUMMYFUNCTION("""COMPUTED_VALUE"""),46374.0) -> 46374 | E81: =IFERROR(__xludf.DUMMYFUNCTION("""COMPUTED_VALUE"""),"VF") -> VF | F81: =IFERROR(__xludf.DUMMYFUNCTION("""COMPUTED_VALUE"""),1.0) -> 1 | G81: =IFERROR(__xludf.DUMMYFUNCTION("""COMPUTED_VALUE"""),"PR014") -> PR014 | H81: =IFERROR(__xludf.DUMMYFUNCTION("""COMPUTED_VALUE"""),"VD035") -> VD035 | I81: =IFERROR(__xludf.DUMMYFUNCTION("""COMPUTED_VALUE"""),20.0) -> 20 | J81: =IFERROR(__xludf.DUMMYFUNCTION("""COMPUTED_VALUE"""),877.8) -> 877.8 | K81: =IFERROR(__xludf.DUMMYFUNCTION("""COMPUTED_VALUE"""),877.8) -> 877.8
A82: =IFERROR(__xludf.DUMMYFUNCTION("""COMPUTED_VALUE"""),1000.0) -> 1000 | B82: =IFERROR(__xludf.DUMMYFUNCTION("""COMPUTED_VALUE"""),183515.0) -> 183515 | C82: =IFERROR(__xludf.DUMMYFUNCTION("""COMPUTED_VALUE"""),2026.0) -> 2026 | D82: =IFERROR(__xludf.DUMMYFUNCTION("""COMPUTED_VALUE"""),46374.0) -> 46374 | E82: =IFERROR(__xludf.DUMMYFUNCTION("""COMPUTED_VALUE"""),"VF") -> VF | F82: =IFERROR(__xludf.DUMMYFUNCTION("""COMPUTED_VALUE"""),1.0) -> 1 | G82: =IFERROR(__xludf.DUMMYFUNCTION("""COMPUTED_VALUE"""),"PR026") -> PR026 | H82: =IFERROR(__xludf.DUMMYFUNCTION("""COMPUTED_VALUE"""),"VD011") -> VD011 | I82: =IFERROR(__xludf.DUMMYFUNCTION("""COMPUTED_VALUE"""),15.0) -> 15 | J82: =IFERROR(__xludf.DUMMYFUNCTION("""COMPUTED_VALUE"""),6035.78) -> 6035.78 | K82: =IFERROR(__xludf.DUMMYFUNCTION("""COMPUTED_VALUE"""),6035.78) -> 6035.78
A83: =IFERROR(__xludf.DUMMYFUNCTION("""COMPUTED_VALUE"""),1000.0) -> 1000 | B83: =IFERROR(__xludf.DUMMYFUNCTION("""COMPUTED_VALUE"""),183516.0) -> 183516 | C83: =IFERROR(__xludf.DUMMYFUNCTION("""COMPUTED_VALUE"""),2026.0) -> 2026 | D83: =IFERROR(__xludf.DUMMYFUNCTION("""COMPUTED_VALUE"""),46374.0) -> 46374 | E83: =IFERROR(__xludf.DUMMYFUNCTION("""COMPUTED_VALUE"""),"VF") -> VF | F83: =IFERROR(__xludf.DUMMYFUNCTION("""COMPUTED_VALUE"""),1.0) -> 1 | G83: =IFERROR(__xludf.DUMMYFUNCTION("""COMPUTED_VALUE"""),"PR014") -> PR014 | H83: =IFERROR(__xludf.DUMMYFUNCTION("""COMPUTED_VALUE"""),"VD028") -> VD028 | I83: =IFERROR(__xludf.DUMMYFUNCTION("""COMPUTED_VALUE"""),30.0) -> 30 | J83: =IFERROR(__xludf.DUMMYFUNCTION("""COMPUTED_VALUE"""),1328.67) -> 1328.67 | K83: =IFERROR(__xludf.DUMMYFUNCTION("""COMPUTED_VALUE"""),1328.67) -> 1328.67
A84: =IFERROR(__xludf.DUMMYFUNCTION("""COMPUTED_VALUE"""),1000.0) -> 1000 | B84: =IFERROR(__xludf.DUMMYFUNCTION("""COMPUTED_VALUE"""),183516.0) -> 183516 | C84: =IFERROR(__xludf.DUMMYFUNCTION("""COMPUTED_VALUE"""),2026.0) -> 2026 | D84: =IFERROR(__xludf.DUMMYFUNCTION("""COMPUTED_VALUE"""),46373.0) -> 46373 | E84: =IFERROR(__xludf.DUMMYFUNCTION("""COMPUTED_VALUE"""),"VF") -> VF | F84: =IFERROR(__xludf.DUMMYFUNCTION("""COMPUTED_VALUE"""),2.0) -> 2 | G84: =IFERROR(__xludf.DUMMYFUNCTION("""COMPUTED_VALUE"""),"PR024") -> PR024 | H84: =IFERROR(__xludf.DUMMYFUNCTION("""COMPUTED_VALUE"""),"VD019") -> VD019 | I84: =IFERROR(__xludf.DUMMYFUNCTION("""COMPUTED_VALUE"""),30.0) -> 30 | J84: =IFERROR(__xludf.DUMMYFUNCTION("""COMPUTED_VALUE"""),8810.61) -> 8810.61 | K84: =IFERROR(__xludf.DUMMYFUNCTION("""COMPUTED_VALUE"""),8810.61) -> 8810.61
A85: =IFERROR(__xludf.DUMMYFUNCTION("""COMPUTED_VALUE"""),1000.0) -> 1000 | B85: =IFERROR(__xludf.DUMMYFUNCTION("""COMPUTED_VALUE"""),183517.0) -> 183517 | C85: =IFERROR(__xludf.DUMMYFUNCTION("""COMPUTED_VALUE"""),2026.0) -> 2026 | D85: =IFERROR(__xludf.DUMMYFUNCTION("""COMPUTED_VALUE"""),46373.0) -> 46373 | E85: =IFERROR(__xludf.DUMMYFUNCTION("""COMPUTED_VALUE"""),"VF") -> VF | F85: =IFERROR(__xludf.DUMMYFUNCTION("""COMPUTED_VALUE"""),1.0) -> 1 | G85: =IFERROR(__xludf.DUMMYFUNCTION("""COMPUTED_VALUE"""),"PR023") -> PR023 | H85: =IFERROR(__xludf.DUMMYFUNCTION("""COMPUTED_VALUE"""),"VD034") -> VD034 | I85: =IFERROR(__xludf.DUMMYFUNCTION("""COMPUTED_VALUE"""),18.0) -> 18 | J85: =IFERROR(__xludf.DUMMYFUNCTION("""COMPUTED_VALUE"""),5082.97) -> 5082.97 | K85: =IFERROR(__xludf.DUMMYFUNCTION("""COMPUTED_VALUE"""),5082.97) -> 5082.97
A86: =IFERROR(__xludf.DUMMYFUNCTION("""COMPUTED_VALUE"""),1000.0) -> 1000 | B86: =IFERROR(__xludf.DUMMYFUNCTION("""COMPUTED_VALUE"""),183517.0) -> 183517 | C86: =IFERROR(__xludf.DUMMYFUNCTION("""COMPUTED_VALUE"""),2026.0) -> 2026 | D86: =IFERROR(__xludf.DUMMYFUNCTION("""COMPUTED_VALUE"""),46373.0) -> 46373 | E86: =IFERROR(__xludf.DUMMYFUNCTION("""COMPUTED_VALUE"""),"VF") -> VF | F86: =IFERROR(__xludf.DUMMYFUNCTION("""COMPUTED_VALUE"""),2.0) -> 2 | G86: =IFERROR(__xludf.DUMMYFUNCTION("""COMPUTED_VALUE"""),"PR010") -> PR010 | H86: =IFERROR(__xludf.DUMMYFUNCTION("""COMPUTED_VALUE"""),"VD028") -> VD028 | I86: =IFERROR(__xludf.DUMMYFUNCTION("""COMPUTED_VALUE"""),20.0) -> 20 | J86: =IFERROR(__xludf.DUMMYFUNCTION("""COMPUTED_VALUE"""),1050.66) -> 1050.66 | K86: =IFERROR(__xludf.DUMMYFUNCTION("""COMPUTED_VALUE"""),1050.66) -> 1050.66
A87: =IFERROR(__xludf.DUMMYFUNCTION("""COMPUTED_VALUE"""),1000.0) -> 1000 | B87: =IFERROR(__xludf.DUMMYFUNCTION("""COMPUTED_VALUE"""),183517.0) -> 183517 | C87: =IFERROR(__xludf.DUMMYFUNCTION("""COMPUTED_VALUE"""),2026.0) -> 2026 | D87: =IFERROR(__xludf.DUMMYFUNCTION("""COMPUTED_VALUE"""),46373.0) -> 46373 | E87: =IFERROR(__xludf.DUMMYFUNCTION("""COMPUTED_VALUE"""),"VF") -> VF | F87: =IFERROR(__xludf.DUMMYFUNCTION("""COMPUTED_VALUE"""),3.0) -> 3 | G87: =IFERROR(__xludf.DUMMYFUNCTION("""COMPUTED_VALUE"""),"PR042") -> PR042 | H87: =IFERROR(__xludf.DUMMYFUNCTION("""COMPUTED_VALUE"""),"VD041") -> VD041 | I87: =IFERROR(__xludf.DUMMYFUNCTION("""COMPUTED_VALUE"""),24.0) -> 24 | J87: =IFERROR(__xludf.DUMMYFUNCTION("""COMPUTED_VALUE"""),1502.06) -> 1502.06 | K87: =IFERROR(__xludf.DUMMYFUNCTION("""COMPUTED_VALUE"""),1502.06) -> 1502.06
A88: =IFERROR(__xludf.DUMMYFUNCTION("""COMPUTED_VALUE"""),1000.0) -> 1000 | B88: =IFERROR(__xludf.DUMMYFUNCTION("""COMPUTED_VALUE"""),183518.0) -> 183518 | C88: =IFERROR(__xludf.DUMMYFUNCTION("""COMPUTED_VALUE"""),2026.0) -> 2026 | D88: =IFERROR(__xludf.DUMMYFUNCTION("""COMPUTED_VALUE"""),46373.0) -> 46373 | E88: =IFERROR(__xludf.DUMMYFUNCTION("""COMPUTED_VALUE"""),"VF") -> VF | F88: =IFERROR(__xludf.DUMMYFUNCTION("""COMPUTED_VALUE"""),1.0) -> 1 | G88: =IFERROR(__xludf.DUMMYFUNCTION("""COMPUTED_VALUE"""),"PR057") -> PR057 | H88: =IFERROR(__xludf.DUMMYFUNCTION("""COMPUTED_VALUE"""),"VD015") -> VD015 | I88: =IFERROR(__xludf.DUMMYFUNCTION("""COMPUTED_VALUE"""),24.0) -> 24 | J88: =IFERROR(__xludf.DUMMYFUNCTION("""COMPUTED_VALUE"""),2373.36) -> 2373.36 | K88: =IFERROR(__xludf.DUMMYFUNCTION("""COMPUTED_VALUE"""),2373.36) -> 2373.36
A89: =IFERROR(__xludf.DUMMYFUNCTION("""COMPUTED_VALUE"""),1000.0) -> 1000 | B89: =IFERROR(__xludf.DUMMYFUNCTION("""COMPUTED_VALUE"""),183519.0) -> 183519 | C89: =IFERROR(__xludf.DUMMYFUNCTION("""COMPUTED_VALUE"""),2026.0) -> 2026 | D89: =IFERROR(__xludf.DUMMYFUNCTION("""COMPUTED_VALUE"""),46373.0) -> 46373 | E89: =IFERROR(__xludf.DUMMYFUNCTION("""COMPUTED_VALUE"""),"VF") -> VF | F89: =IFERROR(__xludf.DUMMYFUNCTION("""COMPUTED_VALUE"""),1.0) -> 1 | G89: =IFERROR(__xludf.DUMMYFUNCTION("""COMPUTED_VALUE"""),"PR034") -> PR034 | H89: =IFERROR(__xludf.DUMMYFUNCTION("""COMPUTED_VALUE"""),"VD027") -> VD027 | I89: =IFERROR(__xludf.DUMMYFUNCTION("""COMPUTED_VALUE"""),6.0) -> 6 | J89: =IFERROR(__xludf.DUMMYFUNCTION("""COMPUTED_VALUE"""),598.73) -> 598.73 | K89: =IFERROR(__xludf.DUMMYFUNCTION("""COMPUTED_VALUE"""),598.73) -> 598.73
A90: =IFERROR(__xludf.DUMMYFUNCTION("""COMPUTED_VALUE"""),1000.0) -> 1000 | B90: =IFERROR(__xludf.DUMMYFUNCTION("""COMPUTED_VALUE"""),183520.0) -> 183520 | C90: =IFERROR(__xludf.DUMMYFUNCTION("""COMPUTED_VALUE"""),2026.0) -> 2026 | D90: =IFERROR(__xludf.DUMMYFUNCTION("""COMPUTED_VALUE"""),46373.0) -> 46373 | E90: =IFERROR(__xludf.DUMMYFUNCTION("""COMPUTED_VALUE"""),"VF") -> VF | F90: =IFERROR(__xludf.DUMMYFUNCTION("""COMPUTED_VALUE"""),1.0) -> 1 | G90: =IFERROR(__xludf.DUMMYFUNCTION("""COMPUTED_VALUE"""),"PR031") -> PR031 | H90: =IFERROR(__xludf.DUMMYFUNCTION("""COMPUTED_VALUE"""),"VD024") -> VD024 | I90: =IFERROR(__xludf.DUMMYFUNCTION("""COMPUTED_VALUE"""),6.0) -> 6 | J90: =IFERROR(__xludf.DUMMYFUNCTION("""COMPUTED_VALUE"""),1675.8) -> 1675.8 | K90: =IFERROR(__xludf.DUMMYFUNCTION("""COMPUTED_VALUE"""),1675.8) -> 1675.8
A91: =IFERROR(__xludf.DUMMYFUNCTION("""COMPUTED_VALUE"""),1000.0) -> 1000 | B91: =IFERROR(__xludf.DUMMYFUNCTION("""COMPUTED_VALUE"""),183521.0) -> 183521 | C91: =IFERROR(__xludf.DUMMYFUNCTION("""COMPUTED_VALUE"""),2026.0) -> 2026 | D91: =IFERROR(__xludf.DUMMYFUNCTION("""COMPUTED_VALUE"""),46373.0) -> 46373 | E91: =IFERROR(__xludf.DUMMYFUNCTION("""COMPUTED_VALUE"""),"VF") -> VF | F91: =IFERROR(__xludf.DUMMYFUNCTION("""COMPUTED_VALUE"""),1.0) -> 1 | G91: =IFERROR(__xludf.DUMMYFUNCTION("""COMPUTED_VALUE"""),"PR046") -> PR046 | H91: =IFERROR(__xludf.DUMMYFUNCTION("""COMPUTED_VALUE"""),"VD038") -> VD038 | I91: =IFERROR(__xludf.DUMMYFUNCTION("""COMPUTED_VALUE"""),8.0) -> 8 | J91: =IFERROR(__xludf.DUMMYFUNCTION("""COMPUTED_VALUE"""),2620.7) -> 2620.7 | K91: =IFERROR(__xludf.DUMMYFUNCTION("""COMPUTED_VALUE"""),2620.7) -> 2620.7
A92: =IFERROR(__xludf.DUMMYFUNCTION("""COMPUTED_VALUE"""),1000.0) -> 1000 | B92: =IFERROR(__xludf.DUMMYFUNCTION("""COMPUTED_VALUE"""),183522.0) -> 183522 | C92: =IFERROR(__xludf.DUMMYFUNCTION("""COMPUTED_VALUE"""),2026.0) -> 2026 | D92: =IFERROR(__xludf.DUMMYFUNCTION("""COMPUTED_VALUE"""),46372.0) -> 46372 | E92: =IFERROR(__xludf.DUMMYFUNCTION("""COMPUTED_VALUE"""),"VF") -> VF | F92: =IFERROR(__xludf.DUMMYFUNCTION("""COMPUTED_VALUE"""),1.0) -> 1 | G92: =IFERROR(__xludf.DUMMYFUNCTION("""COMPUTED_VALUE"""),"PR033") -> PR033 | H92: =IFERROR(__xludf.DUMMYFUNCTION("""COMPUTED_VALUE"""),"VD014") -> VD014 | I92: =IFERROR(__xludf.DUMMYFUNCTION("""COMPUTED_VALUE"""),12.0) -> 12 | J92: =IFERROR(__xludf.DUMMYFUNCTION("""COMPUTED_VALUE"""),3649.0) -> 3649 | K92: =IFERROR(__xludf.DUMMYFUNCTION("""COMPUTED_VALUE"""),3649.0) -> 3649
A93: =IFERROR(__xludf.DUMMYFUNCTION("""COMPUTED_VALUE"""),1000.0) -> 1000 | B93: =IFERROR(__xludf.DUMMYFUNCTION("""COMPUTED_VALUE"""),183523.0) -> 183523 | C93: =IFERROR(__xludf.DUMMYFUNCTION("""COMPUTED_VALUE"""),2026.0) -> 2026 | D93: =IFERROR(__xludf.DUMMYFUNCTION("""COMPUTED_VALUE"""),46372.0) -> 46372 | E93: =IFERROR(__xludf.DUMMYFUNCTION("""COMPUTED_VALUE"""),"VF") -> VF | F93: =IFERROR(__xludf.DUMMYFUNCTION("""COMPUTED_VALUE"""),1.0) -> 1 | G93: =IFERROR(__xludf.DUMMYFUNCTION("""COMPUTED_VALUE"""),"PR041") -> PR041 | H93: =IFERROR(__xludf.DUMMYFUNCTION("""COMPUTED_VALUE"""),"VD035") -> VD035 | I93: =IFERROR(__xludf.DUMMYFUNCTION("""COMPUTED_VALUE"""),18.0) -> 18 | J93: =IFERROR(__xludf.DUMMYFUNCTION("""COMPUTED_VALUE"""),1166.08) -> 1166.08 | K93: =IFERROR(__xludf.DUMMYFUNCTION("""COMPUTED_VALUE"""),1166.08) -> 1166.08
A94: =IFERROR(__xludf.DUMMYFUNCTION("""COMPUTED_VALUE"""),1000.0) -> 1000 | B94: =IFERROR(__xludf.DUMMYFUNCTION("""COMPUTED_VALUE"""),183524.0) -> 183524 | C94: =IFERROR(__xludf.DUMMYFUNCTION("""COMPUTED_VALUE"""),2026.0) -> 2026 | D94: =IFERROR(__xludf.DUMMYFUNCTION("""COMPUTED_VALUE"""),46372.0) -> 46372 | E94: =IFERROR(__xludf.DUMMYFUNCTION("""COMPUTED_VALUE"""),"VF") -> VF | F94: =IFERROR(__xludf.DUMMYFUNCTION("""COMPUTED_VALUE"""),1.0) -> 1 | G94: =IFERROR(__xludf.DUMMYFUNCTION("""COMPUTED_VALUE"""),"PR001") -> PR001 | H94: =IFERROR(__xludf.DUMMYFUNCTION("""COMPUTED_VALUE"""),"VD045") -> VD045 | I94: =IFERROR(__xludf.DUMMYFUNCTION("""COMPUTED_VALUE"""),12.0) -> 12 | J94: =IFERROR(__xludf.DUMMYFUNCTION("""COMPUTED_VALUE"""),941.05) -> 941.05 | K94: =IFERROR(__xludf.DUMMYFUNCTION("""COMPUTED_VALUE"""),941.05) -> 941.05
A95: =IFERROR(__xludf.DUMMYFUNCTION("""COMPUTED_VALUE"""),1000.0) -> 1000 | B95: =IFERROR(__xludf.DUMMYFUNCTION("""COMPUTED_VALUE"""),183525.0) -> 183525 | C95: =IFERROR(__xludf.DUMMYFUNCTION("""COMPUTED_VALUE"""),2026.0) -> 2026 | D95: =IFERROR(__xludf.DUMMYFUNCTION("""COMPUTED_VALUE"""),46372.0) -> 46372 | E95: =IFERROR(__xludf.DUMMYFUNCTION("""COMPUTED_VALUE"""),"VF") -> VF | F95: =IFERROR(__xludf.DUMMYFUNCTION("""COMPUTED_VALUE"""),1.0) -> 1 | G95: =IFERROR(__xludf.DUMMYFUNCTION("""COMPUTED_VALUE"""),"PR006") -> PR006 | H95: =IFERROR(__xludf.DUMMYFUNCTION("""COMPUTED_VALUE"""),"VD035") -> VD035 | I95: =IFERROR(__xludf.DUMMYFUNCTION("""COMPUTED_VALUE"""),12.0) -> 12 | J95: =IFERROR(__xludf.DUMMYFUNCTION("""COMPUTED_VALUE"""),541.04) -> 541.04 | K95: =IFERROR(__xludf.DUMMYFUNCTION("""COMPUTED_VALUE"""),541.04) -> 541.04
A96: =IFERROR(__xludf.DUMMYFUNCTION("""COMPUTED_VALUE"""),1000.0) -> 1000 | B96: =IFERROR(__xludf.DUMMYFUNCTION("""COMPUTED_VALUE"""),183526.0) -> 183526 | C96: =IFERROR(__xludf.DUMMYFUNCTION("""COMPUTED_VALUE"""),2026.0) -> 2026 | D96: =IFERROR(__xludf.DUMMYFUNCTION("""COMPUTED_VALUE"""),46372.0) -> 46372 | E96: =IFERROR(__xludf.DUMMYFUNCTION("""COMPUTED_VALUE"""),"VF") -> VF | F96: =IFERROR(__xludf.DUMMYFUNCTION("""COMPUTED_VALUE"""),1.0) -> 1 | G96: =IFERROR(__xludf.DUMMYFUNCTION("""COMPUTED_VALUE"""),"PR049") -> PR049 | H96: =IFERROR(__xludf.DUMMYFUNCTION("""COMPUTED_VALUE"""),"VD039") -> VD039 | I96: =IFERROR(__xludf.DUMMYFUNCTION("""COMPUTED_VALUE"""),10.0) -> 10 | J96: =IFERROR(__xludf.DUMMYFUNCTION("""COMPUTED_VALUE"""),388.22) -> 388.22 | K96: =IFERROR(__xludf.DUMMYFUNCTION("""COMPUTED_VALUE"""),388.22) -> 388.22
A97: =IFERROR(__xludf.DUMMYFUNCTION("""COMPUTED_VALUE"""),1000.0) -> 1000 | B97: =IFERROR(__xludf.DUMMYFUNCTION("""COMPUTED_VALUE"""),183527.0) -> 183527 | C97: =IFERROR(__xludf.DUMMYFUNCTION("""COMPUTED_VALUE"""),2026.0) -> 2026 | D97: =IFERROR(__xludf.DUMMYFUNCTION("""COMPUTED_VALUE"""),46372.0) -> 46372 | E97: =IFERROR(__xludf.DUMMYFUNCTION("""COMPUTED_VALUE"""),"VF") -> VF | F97: =IFERROR(__xludf.DUMMYFUNCTION("""COMPUTED_VALUE"""),1.0) -> 1 | G97: =IFERROR(__xludf.DUMMYFUNCTION("""COMPUTED_VALUE"""),"PR012") -> PR012 | H97: =IFERROR(__xludf.DUMMYFUNCTION("""COMPUTED_VALUE"""),"VD034") -> VD034 | I97: =IFERROR(__xludf.DUMMYFUNCTION("""COMPUTED_VALUE"""),27.0) -> 27 | J97: =IFERROR(__xludf.DUMMYFUNCTION("""COMPUTED_VALUE"""),1584.36) -> 1584.36 | K97: =IFERROR(__xludf.DUMMYFUNCTION("""COMPUTED_VALUE"""),1584.36) -> 1584.36
A98: =IFERROR(__xludf.DUMMYFUNCTION("""COMPUTED_VALUE"""),1000.0) -> 1000 | B98: =IFERROR(__xludf.DUMMYFUNCTION("""COMPUTED_VALUE"""),183528.0) -> 183528 | C98: =IFERROR(__xludf.DUMMYFUNCTION("""COMPUTED_VALUE"""),2026.0) -> 2026 | D98: =IFERROR(__xludf.DUMMYFUNCTION("""COMPUTED_VALUE"""),46371.0) -> 46371 | E98: =IFERROR(__xludf.DUMMYFUNCTION("""COMPUTED_VALUE"""),"VF") -> VF | F98: =IFERROR(__xludf.DUMMYFUNCTION("""COMPUTED_VALUE"""),1.0) -> 1 | G98: =IFERROR(__xludf.DUMMYFUNCTION("""COMPUTED_VALUE"""),"PR060") -> PR060 | H98: =IFERROR(__xludf.DUMMYFUNCTION("""COMPUTED_VALUE"""),"VD019") -> VD019 | I98: =IFERROR(__xludf.DUMMYFUNCTION("""COMPUTED_VALUE"""),18.0) -> 18 | J98: =IFERROR(__xludf.DUMMYFUNCTION("""COMPUTED_VALUE"""),3628.8) -> 3628.8 | K98: =IFERROR(__xludf.DUMMYFUNCTION("""COMPUTED_VALUE"""),3628.8) -> 3628.8
A99: =IFERROR(__xludf.DUMMYFUNCTION("""COMPUTED_VALUE"""),1000.0) -> 1000 | B99: =IFERROR(__xludf.DUMMYFUNCTION("""COMPUTED_VALUE"""),183529.0) -> 183529 | C99: =IFERROR(__xludf.DUMMYFUNCTION("""COMPUTED_VALUE"""),2026.0) -> 2026 | D99: =IFERROR(__xludf.DUMMYFUNCTION("""COMPUTED_VALUE"""),46371.0) -> 46371 | E99: =IFERROR(__xludf.DUMMYFUNCTION("""COMPUTED_VALUE"""),"VF") -> VF | F99: =IFERROR(__xludf.DUMMYFUNCTION("""COMPUTED_VALUE"""),1.0) -> 1 | G99: =IFERROR(__xludf.DUMMYFUNCTION("""COMPUTED_VALUE"""),"PR060") -> PR060 | H99: =IFERROR(__xludf.DUMMYFUNCTION("""COMPUTED_VALUE"""),"VD042") -> VD042 | I99: =IFERROR(__xludf.DUMMYFUNCTION("""COMPUTED_VALUE"""),10.0) -> 10 | J99: =IFERROR(__xludf.DUMMYFUNCTION("""COMPUTED_VALUE"""),1980.0) -> 1980 | K99: =IFERROR(__xludf.DUMMYFUNCTION("""COMPUTED_VALUE"""),1980.0) -> 1980
A100: =IFERROR(__xludf.DUMMYFUNCTION("""COMPUTED_VALUE"""),1000.0) -> 1000 | B100: =IFERROR(__xludf.DUMMYFUNCTION("""COMPUTED_VALUE"""),183530.0) -> 183530 | C100: =IFERROR(__xludf.DUMMYFUNCTION("""COMPUTED_VALUE"""),2026.0) -> 2026 | D100: =IFERROR(__xludf.DUMMYFUNCTION("""COMPUTED_VALUE"""),46371.0) -> 46371 | E100: =IFERROR(__xludf.DUMMYFUNCTION("""COMPUTED_VALUE"""),"VF") -> VF | F100: =IFERROR(__xludf.DUMMYFUNCTION("""COMPUTED_VALUE"""),1.0) -> 1 | G100: =IFERROR(__xludf.DUMMYFUNCTION("""COMPUTED_VALUE"""),"PR014") -> PR014 | H100: =IFERROR(__xludf.DUMMYFUNCTION("""COMPUTED_VALUE"""),"VD010") -> VD010 | I100: =IFERROR(__xludf.DUMMYFUNCTION("""COMPUTED_VALUE"""),18.0) -> 18 | J100: =IFERROR(__xludf.DUMMYFUNCTION("""COMPUTED_VALUE"""),790.02) -> 790.02 | K100: =IFERROR(__xludf.DUMMYFUNCTION("""COMPUTED_VALUE"""),790.02) -> 790.02
...

Sheet Productos
A1: =IFERROR(__xludf.DUMMYFUNCTION("IMPORTRANGE(""https://docs.google.com/spreadsheets/d/1wDatiNabBWFvhbng0IgSrI0LbZ9kw3ciTUIdsOHVncU"",""A1:F100"")"),"#REF!") -> #REF!

Sheet Vendedores
A1: =IFERROR(__xludf.DUMMYFUNCTION("IMPORTRANGE(""https://docs.google.com/spreadsheets/d/1vaJzUnOrtKtLng2PhfFKCWSC4LAsqa8tmcEg1rv0FIM/"",""A1:D50"")"),"#REF!") -> #REF!

Sheet Datos Ventas CSV
A1: =IFERROR(__xludf.DUMMYFUNCTION("query(importdata(""https://drive.google.com/uc?export=download&id=1U1AR8u12BH41vb1Uvb31WaPc4KTs4qQo&v=2"","";""),""SELECT Col7, Col8, Col9, Col10"")"),"Material") -> Material | B1: =IFERROR(__xludf.DUMMYFUNCTION("""COMPUTED_VALUE"""),"Vendedor") -> Vendedor | C1: =IFERROR(__xludf.DUMMYFUNCTION("""COMPUTED_VALUE"""),"Cantidad") -> Cantidad | D1: =IFERROR(__xludf.DUMMYFUNCTION("""COMPUTED_VALUE"""),"Valor en Moneda Local") -> Valor en Moneda Local
A2: =IFERROR(__xludf.DUMMYFUNCTION("""COMPUTED_VALUE"""),"PR001") -> PR001 | B2: =IFERROR(__xludf.DUMMYFUNCTION("""COMPUTED_VALUE"""),"VD026") -> VD026 | C2: =IFERROR(__xludf.DUMMYFUNCTION("""COMPUTED_VALUE"""),27.0) -> 27 | D2: =IFERROR(__xludf.DUMMYFUNCTION("""COMPUTED_VALUE"""),1957.23) -> 1957.23
A3: =IFERROR(__xludf.DUMMYFUNCTION("""COMPUTED_VALUE"""),"PR058") -> PR058 | B3: =IFERROR(__xludf.DUMMYFUNCTION("""COMPUTED_VALUE"""),"VD037") -> VD037 | C3: =IFERROR(__xludf.DUMMYFUNCTION("""COMPUTED_VALUE"""),14.0) -> 14 | D3: =IFERROR(__xludf.DUMMYFUNCTION("""COMPUTED_VALUE"""),2872.8) -> 2872.8
A4: =IFERROR(__xludf.DUMMYFUNCTION("""COMPUTED_VALUE"""),"PR020") -> PR020 | B4: =IFERROR(__xludf.DUMMYFUNCTION("""COMPUTED_VALUE"""),"VD034") -> VD034 | C4: =IFERROR(__xludf.DUMMYFUNCTION("""COMPUTED_VALUE"""),20.0) -> 20 | D4: =IFERROR(__xludf.DUMMYFUNCTION("""COMPUTED_VALUE"""),7137.62) -> 7137.62
A5: =IFERROR(__xludf.DUMMYFUNCTION("""COMPUTED_VALUE"""),"PR035") -> PR035 | B5: =IFERROR(__xludf.DUMMYFUNCTION("""COMPUTED_VALUE"""),"VD021") -> VD021 | C5: =IFERROR(__xludf.DUMMYFUNCTION("""COMPUTED_VALUE"""),24.0) -> 24 | D5: =IFERROR(__xludf.DUMMYFUNCTION("""COMPUTED_VALUE"""),2478.77) -> 2478.77
A6: =IFERROR(__xludf.DUMMYFUNCTION("""COMPUTED_VALUE"""),"PR016") -> PR016 | B6: =IFERROR(__xludf.DUMMYFUNCTION("""COMPUTED_VALUE"""),"VD027") -> VD027 | C6: =IFERROR(__xludf.DUMMYFUNCTION("""COMPUTED_VALUE"""),10.0) -> 10 | D6: =IFERROR(__xludf.DUMMYFUNCTION("""COMPUTED_VALUE"""),303.03) -> 303.03
A7: =IFERROR(__xludf.DUMMYFUNCTION("""COMPUTED_VALUE"""),"PR051") -> PR051 | B7: =IFERROR(__xludf.DUMMYFUNCTION("""COMPUTED_VALUE"""),"VD048") -> VD048 | C7: =IFERROR(__xludf.DUMMYFUNCTION("""COMPUTED_VALUE"""),18.0) -> 18 | D7: =IFERROR(__xludf.DUMMYFUNCTION("""COMPUTED_VALUE"""),704.72) -> 704.72
A8: =IFERROR(__xludf.DUMMYFUNCTION("""COMPUTED_VALUE"""),"PR042") -> PR042 | B8: =IFERROR(__xludf.DUMMYFUNCTION("""COMPUTED_VALUE"""),"VD025") -> VD025 | C8: =IFERROR(__xludf.DUMMYFUNCTION("""COMPUTED_VALUE"""),27.0) -> 27 | D8: =IFERROR(__xludf.DUMMYFUNCTION("""COMPUTED_VALUE"""),1778.76) -> 1778.76
A9: =IFERROR(__xludf.DUMMYFUNCTION("""COMPUTED_VALUE"""),"PR050") -> PR050 | B9: =IFERROR(__xludf.DUMMYFUNCTION("""COMPUTED_VALUE"""),"VD037") -> VD037 | C9: =IFERROR(__xludf.DUMMYFUNCTION("""COMPUTED_VALUE"""),14.0) -> 14 | D9: =IFERROR(__xludf.DUMMYFUNCTION("""COMPUTED_VALUE"""),511.27) -> 511.27
A10: =IFERROR(__xludf.DUMMYFUNCTION("""COMPUTED_VALUE"""),"PR001") -> PR001 | B10: =IFERROR(__xludf.DUMMYFUNCTION("""COMPUTED_VALUE"""),"VD036") -> VD036 | C10: =IFERROR(__xludf.DUMMYFUNCTION("""COMPUTED_VALUE"""),12.0) -> 12 | D10: =IFERROR(__xludf.DUMMYFUNCTION("""COMPUTED_VALUE"""),901.51) -> 901.51
A11: =IFERROR(__xludf.DUMMYFUNCTION("""COMPUTED_VALUE"""),"PR059") -> PR059 | B11: =IFERROR(__xludf.DUMMYFUNCTION("""COMPUTED_VALUE"""),"VD049") -> VD049 | C11: =IFERROR(__xludf.DUMMYFUNCTION("""COMPUTED_VALUE"""),27.0) -> 27 | D11: =IFERROR(__xludf.DUMMYFUNCTION("""COMPUTED_VALUE"""),5783.4) -> 5783.4
A12: =IFERROR(__xludf.DUMMYFUNCTION("""COMPUTED_VALUE"""),"PR019") -> PR019 | B12: =IFERROR(__xludf.DUMMYFUNCTION("""COMPUTED_VALUE"""),"VD021") -> VD021 | C12: =IFERROR(__xludf.DUMMYFUNCTION("""COMPUTED_VALUE"""),15.0) -> 15 | D12: =IFERROR(__xludf.DUMMYFUNCTION("""COMPUTED_VALUE"""),845.81) -> 845.81
A13: =IFERROR(__xludf.DUMMYFUNCTION("""COMPUTED_VALUE"""),"PR055") -> PR055 | B13: =IFERROR(__xludf.DUMMYFUNCTION("""COMPUTED_VALUE"""),"VD015") -> VD015 | C13: =IFERROR(__xludf.DUMMYFUNCTION("""COMPUTED_VALUE"""),18.0) -> 18 | D13: =IFERROR(__xludf.DUMMYFUNCTION("""COMPUTED_VALUE"""),1844.75) -> 1844.75
A14: =IFERROR(__xludf.DUMMYFUNCTION("""COMPUTED_VALUE"""),"PR052") -> PR052 | B14: =IFERROR(__xludf.DUMMYFUNCTION("""COMPUTED_VALUE"""),"VD012") -> VD012 | C14: =IFERROR(__xludf.DUMMYFUNCTION("""COMPUTED_VALUE"""),16.0) -> 16 | D14: =IFERROR(__xludf.DUMMYFUNCTION("""COMPUTED_VALUE"""),950.1) -> 950.1
A15: =IFERROR(__xludf.DUMMYFUNCTION("""COMPUTED_VALUE"""),"PR052") -> PR052 | B15: =IFERROR(__xludf.DUMMYFUNCTION("""COMPUTED_VALUE"""),"VD043") -> VD043 | C15: =IFERROR(__xludf.DUMMYFUNCTION("""COMPUTED_VALUE"""),9.0) -> 9 | D15: =IFERROR(__xludf.DUMMYFUNCTION("""COMPUTED_VALUE"""),511.97) -> 511.97
A16: =IFERROR(__xludf.DUMMYFUNCTION("""COMPUTED_VALUE"""),"PR014") -> PR014 | B16: =IFERROR(__xludf.DUMMYFUNCTION("""COMPUTED_VALUE"""),"VD020") -> VD020 | C16: =IFERROR(__xludf.DUMMYFUNCTION("""COMPUTED_VALUE"""),9.0) -> 9 | D16: =IFERROR(__xludf.DUMMYFUNCTION("""COMPUTED_VALUE"""),420.15) -> 420.15
A17: =IFERROR(__xludf.DUMMYFUNCTION("""COMPUTED_VALUE"""),"PR055") -> PR055 | B17: =IFERROR(__xludf.DUMMYFUNCTION("""COMPUTED_VALUE"""),"VD019") -> VD019 | C17: =IFERROR(__xludf.DUMMYFUNCTION("""COMPUTED_VALUE"""),9.0) -> 9 | D17: =IFERROR(__xludf.DUMMYFUNCTION("""COMPUTED_VALUE"""),890.01) -> 890.01
A18: =IFERROR(__xludf.DUMMYFUNCTION("""COMPUTED_VALUE"""),"PR045") -> PR045 | B18: =IFERROR(__xludf.DUMMYFUNCTION("""COMPUTED_VALUE"""),"VD041") -> VD041 | C18: =IFERROR(__xludf.DUMMYFUNCTION("""COMPUTED_VALUE"""),14.0) -> 14 | D18: =IFERROR(__xludf.DUMMYFUNCTION("""COMPUTED_VALUE"""),1157.1) -> 1157.1
A19: =IFERROR(__xludf.DUMMYFUNCTION("""COMPUTED_VALUE"""),"PR053") -> PR053 | B19: =IFERROR(__xludf.DUMMYFUNCTION("""COMPUTED_VALUE"""),"VD013") -> VD013 | C19: =IFERROR(__xludf.DUMMYFUNCTION("""COMPUTED_VALUE"""),9.0) -> 9 | D19: =IFERROR(__xludf.DUMMYFUNCTION("""COMPUTED_VALUE"""),511.97) -> 511.97
A20: =IFERROR(__xludf.DUMMYFUNCTION("""COMPUTED_VALUE"""),"PR054") -> PR054 | B20: =IFERROR(__xludf.DUMMYFUNCTION("""COMPUTED_VALUE"""),"VD028") -> VD028 | C20: =IFERROR(__xludf.DUMMYFUNCTION("""COMPUTED_VALUE"""),9.0) -> 9 | D20: =IFERROR(__xludf.DUMMYFUNCTION("""COMPUTED_VALUE"""),538.92) -> 538.92
A21: =IFERROR(__xludf.DUMMYFUNCTION("""COMPUTED_VALUE"""),"PR020") -> PR020 | B21: =IFERROR(__xludf.DUMMYFUNCTION("""COMPUTED_VALUE"""),"VD047") -> VD047 | C21: =IFERROR(__xludf.DUMMYFUNCTION("""COMPUTED_VALUE"""),27.0) -> 27 | D21: =IFERROR(__xludf.DUMMYFUNCTION("""COMPUTED_VALUE"""),8907.03) -> 8907.03
A22: =IFERROR(__xludf.DUMMYFUNCTION("""COMPUTED_VALUE"""),"PR047") -> PR047 | B22: =IFERROR(__xludf.DUMMYFUNCTION("""COMPUTED_VALUE"""),"VD017") -> VD017 | C22: =IFERROR(__xludf.DUMMYFUNCTION("""COMPUTED_VALUE"""),12.0) -> 12 | D22: =IFERROR(__xludf.DUMMYFUNCTION("""COMPUTED_VALUE"""),4174.56) -> 4174.56
A23: =IFERROR(__xludf.DUMMYFUNCTION("""COMPUTED_VALUE"""),"PR047") -> PR047 | B23: =IFERROR(__xludf.DUMMYFUNCTION("""COMPUTED_VALUE"""),"VD040") -> VD040 | C23: =IFERROR(__xludf.DUMMYFUNCTION("""COMPUTED_VALUE"""),15.0) -> 15 | D23: =IFERROR(__xludf.DUMMYFUNCTION("""COMPUTED_VALUE"""),4826.84) -> 4826.84
A24: =IFERROR(__xludf.DUMMYFUNCTION("""COMPUTED_VALUE"""),"PR003") -> PR003 | B24: =IFERROR(__xludf.DUMMYFUNCTION("""COMPUTED_VALUE"""),"VD033") -> VD033 | C24: =IFERROR(__xludf.DUMMYFUNCTION("""COMPUTED_VALUE"""),8.0) -> 8 | D24: =IFERROR(__xludf.DUMMYFUNCTION("""COMPUTED_VALUE"""),629.59) -> 629.59
A25: =IFERROR(__xludf.DUMMYFUNCTION("""COMPUTED_VALUE"""),"PR058") -> PR058 | B25: =IFERROR(__xludf.DUMMYFUNCTION("""COMPUTED_VALUE"""),"VD014") -> VD014 | C25: =IFERROR(__xludf.DUMMYFUNCTION("""COMPUTED_VALUE"""),21.0) -> 21 | D25: =IFERROR(__xludf.DUMMYFUNCTION("""COMPUTED_VALUE"""),4536.0) -> 4536
A26: =IFERROR(__xludf.DUMMYFUNCTION("""COMPUTED_VALUE"""),"PR049") -> PR049 | B26: =IFERROR(__xludf.DUMMYFUNCTION("""COMPUTED_VALUE"""),"VD029") -> VD029 | C26: =IFERROR(__xludf.DUMMYFUNCTION("""COMPUTED_VALUE"""),12.0) -> 12 | D26: =IFERROR(__xludf.DUMMYFUNCTION("""COMPUTED_VALUE"""),473.76) -> 473.76
A27: =IFERROR(__xludf.DUMMYFUNCTION("""COMPUTED_VALUE"""),"PR035") -> PR035 | B27: =IFERROR(__xludf.DUMMYFUNCTION("""COMPUTED_VALUE"""),"VD010") -> VD010 | C27: =IFERROR(__xludf.DUMMYFUNCTION("""COMPUTED_VALUE"""),27.0) -> 27 | D27: =IFERROR(__xludf.DUMMYFUNCTION("""COMPUTED_VALUE"""),2763.94) -> 2763.94
A28: =IFERROR(__xludf.DUMMYFUNCTION("""COMPUTED_VALUE"""),"PR003") -> PR003 | B28: =IFERROR(__xludf.DUMMYFUNCTION("""COMPUTED_VALUE"""),"VD024") -> VD024 | C28: =IFERROR(__xludf.DUMMYFUNCTION("""COMPUTED_VALUE"""),18.0) -> 18 | D28: =IFERROR(__xludf.DUMMYFUNCTION("""COMPUTED_VALUE"""),1480.39) -> 1480.39
A29: =IFERROR(__xludf.DUMMYFUNCTION("""COMPUTED_VALUE"""),"PR006") -> PR006 | B29: =IFERROR(__xludf.DUMMYFUNCTION("""COMPUTED_VALUE"""),"VD021") -> VD021 | C29: =IFERROR(__xludf.DUMMYFUNCTION("""COMPUTED_VALUE"""),27.0) -> 27 | D29: =IFERROR(__xludf.DUMMYFUNCTION("""COMPUTED_VALUE"""),1249.67) -> 1249.67
A30: =IFERROR(__xludf.DUMMYFUNCTION("""COMPUTED_VALUE"""),"PR002") -> PR002 | B30: =IFERROR(__xludf.DUMMYFUNCTION("""COMPUTED_VALUE"""),"VD040") -> VD040 | C30: =IFERROR(__xludf.DUMMYFUNCTION("""COMPUTED_VALUE"""),24.0) -> 24 | D30: =IFERROR(__xludf.DUMMYFUNCTION("""COMPUTED_VALUE"""),1996.34) -> 1996.34
A31: =IFERROR(__xludf.DUMMYFUNCTION("""COMPUTED_VALUE"""),"PR038") -> PR038 | B31: =IFERROR(__xludf.DUMMYFUNCTION("""COMPUTED_VALUE"""),"VD016") -> VD016 | C31: =IFERROR(__xludf.DUMMYFUNCTION("""COMPUTED_VALUE"""),12.0) -> 12 | D31: =IFERROR(__xludf.DUMMYFUNCTION("""COMPUTED_VALUE"""),1972.02) -> 1972.02
A32: =IFERROR(__xludf.DUMMYFUNCTION("""COMPUTED_VALUE"""),"PR027") -> PR027 | B32: =IFERROR(__xludf.DUMMYFUNCTION("""COMPUTED_VALUE"""),"VD035") -> VD035 | C32: =IFERROR(__xludf.DUMMYFUNCTION("""COMPUTED_VALUE"""),30.0) -> 30 | D32: =IFERROR(__xludf.DUMMYFUNCTION("""COMPUTED_VALUE"""),3996.0) -> 3996
A33: =IFERROR(__xludf.DUMMYFUNCTION("""COMPUTED_VALUE"""),"PR059") -> PR059 | B33: =IFERROR(__xludf.DUMMYFUNCTION("""COMPUTED_VALUE"""),"VD049") -> VD049 | C33: =IFERROR(__xludf.DUMMYFUNCTION("""COMPUTED_VALUE"""),12.0) -> 12 | D33: =IFERROR(__xludf.DUMMYFUNCTION("""COMPUTED_VALUE"""),2419.2) -> 2419.2
A34: =IFERROR(__xludf.DUMMYFUNCTION("""COMPUTED_VALUE"""),"PR035") -> PR035 | B34: =IFERROR(__xludf.DUMMYFUNCTION("""COMPUTED_VALUE"""),"VD019") -> VD019 | C34: =IFERROR(__xludf.DUMMYFUNCTION("""COMPUTED_VALUE"""),21.0) -> 21 | D34: =IFERROR(__xludf.DUMMYFUNCTION("""COMPUTED_VALUE"""),2207.31) -> 2207.31
A35: =IFERROR(__xludf.DUMMYFUNCTION("""COMPUTED_VALUE"""),"PR028") -> PR028 | B35: =IFERROR(__xludf.DUMMYFUNCTION("""COMPUTED_VALUE"""),"VD011") -> VD011 | C35: =IFERROR(__xludf.DUMMYFUNCTION("""COMPUTED_VALUE"""),16.0) -> 16 | D35: =IFERROR(__xludf.DUMMYFUNCTION("""COMPUTED_VALUE"""),4718.11) -> 4718.11
A36: =IFERROR(__xludf.DUMMYFUNCTION("""COMPUTED_VALUE"""),"PR018") -> PR018 | B36: =IFERROR(__xludf.DUMMYFUNCTION("""COMPUTED_VALUE"""),"VD016") -> VD016 | C36: =IFERROR(__xludf.DUMMYFUNCTION("""COMPUTED_VALUE"""),10.0) -> 10 | D36: =IFERROR(__xludf.DUMMYFUNCTION("""COMPUTED_VALUE"""),378.35) -> 378.35
A37: =IFERROR(__xludf.DUMMYFUNCTION("""COMPUTED_VALUE"""),"PR035") -> PR035 | B37: =IFERROR(__xludf.DUMMYFUNCTION("""COMPUTED_VALUE"""),"VD018") -> VD018 | C37: =IFERROR(__xludf.DUMMYFUNCTION("""COMPUTED_VALUE"""),28.0) -> 28 | D37: =IFERROR(__xludf.DUMMYFUNCTION("""COMPUTED_VALUE"""),2149.73) -> 2149.73
A38: =IFERROR(__xludf.DUMMYFUNCTION("""COMPUTED_VALUE"""),"PR057") -> PR057 | B38: =IFERROR(__xludf.DUMMYFUNCTION("""COMPUTED_VALUE"""),"VD034") -> VD034 | C38: =IFERROR(__xludf.DUMMYFUNCTION("""COMPUTED_VALUE"""),9.0) -> 9 | D38: =IFERROR(__xludf.DUMMYFUNCTION("""COMPUTED_VALUE"""),906.19) -> 906.19
A39: =IFERROR(__xludf.DUMMYFUNCTION("""COMPUTED_VALUE"""),"PR004") -> PR004 | B39: =IFERROR(__xludf.DUMMYFUNCTION("""COMPUTED_VALUE"""),"VD024") -> VD024 | C39: =IFERROR(__xludf.DUMMYFUNCTION("""COMPUTED_VALUE"""),15.0) -> 15 | D39: =IFERROR(__xludf.DUMMYFUNCTION("""COMPUTED_VALUE"""),2610.0) -> 2610
A40: =IFERROR(__xludf.DUMMYFUNCTION("""COMPUTED_VALUE"""),"PR014") -> PR014 | B40: =IFERROR(__xludf.DUMMYFUNCTION("""COMPUTED_VALUE"""),"VD011") -> VD011 | C40: =IFERROR(__xludf.DUMMYFUNCTION("""COMPUTED_VALUE"""),12.0) -> 12 | D40: =IFERROR(__xludf.DUMMYFUNCTION("""COMPUTED_VALUE"""),560.2) -> 560.2
A41: =IFERROR(__xludf.DUMMYFUNCTION("""COMPUTED_VALUE"""),"PR027") -> PR027 | B41: =IFERROR(__xludf.DUMMYFUNCTION("""COMPUTED_VALUE"""),"VD018") -> VD018 | C41: =IFERROR(__xludf.DUMMYFUNCTION("""COMPUTED_VALUE"""),27.0) -> 27 | D41: =IFERROR(__xludf.DUMMYFUNCTION("""COMPUTED_VALUE"""),3888.0) -> 3888
A42: =IFERROR(__xludf.DUMMYFUNCTION("""COMPUTED_VALUE"""),"PR032") -> PR032 | B42: =IFERROR(__xludf.DUMMYFUNCTION("""COMPUTED_VALUE"""),"VD011") -> VD011 | C42: =IFERROR(__xludf.DUMMYFUNCTION("""COMPUTED_VALUE"""),24.0) -> 24 | D42: =IFERROR(__xludf.DUMMYFUNCTION("""COMPUTED_VALUE"""),6600.0) -> 6600
A43: =IFERROR(__xludf.DUMMYFUNCTION("""COMPUTED_VALUE"""),"PR006") -> PR006 | B43: =IFERROR(__xludf.DUMMYFUNCTION("""COMPUTED_VALUE"""),"VD015") -> VD015 | C43: =IFERROR(__xludf.DUMMYFUNCTION("""COMPUTED_VALUE"""),27.0) -> 27 | D43: =IFERROR(__xludf.DUMMYFUNCTION("""COMPUTED_VALUE"""),1260.44) -> 1260.44
A44: =IFERROR(__xludf.DUMMYFUNCTION("""COMPUTED_VALUE"""),"PR028") -> PR028 | B44: =IFERROR(__xludf.DUMMYFUNCTION("""COMPUTED_VALUE"""),"VD048") -> VD048 | C44: =IFERROR(__xludf.DUMMYFUNCTION("""COMPUTED_VALUE"""),20.0) -> 20 | D44: =IFERROR(__xludf.DUMMYFUNCTION("""COMPUTED_VALUE"""),5597.76) -> 5597.76
A45: =IFERROR(__xludf.DUMMYFUNCTION("""COMPUTED_VALUE"""),"PR033") -> PR033 | B45: =IFERROR(__xludf.DUMMYFUNCTION("""COMPUTED_VALUE"""),"VD024") -> VD024 | C45: =IFERROR(__xludf.DUMMYFUNCTION("""COMPUTED_VALUE"""),24.0) -> 24 | D45: =IFERROR(__xludf.DUMMYFUNCTION("""COMPUTED_VALUE"""),7485.12) -> 7485.12
A46: =IFERROR(__xludf.DUMMYFUNCTION("""COMPUTED_VALUE"""),"PR008") -> PR008 | B46: =IFERROR(__xludf.DUMMYFUNCTION("""COMPUTED_VALUE"""),"VD027") -> VD027 | C46: =IFERROR(__xludf.DUMMYFUNCTION("""COMPUTED_VALUE"""),20.0) -> 20 | D46: =IFERROR(__xludf.DUMMYFUNCTION("""COMPUTED_VALUE"""),2049.72) -> 2049.72
A47: =IFERROR(__xludf.DUMMYFUNCTION("""COMPUTED_VALUE"""),"PR013") -> PR013 | B47: =IFERROR(__xludf.DUMMYFUNCTION("""COMPUTED_VALUE"""),"VD048") -> VD048 | C47: =IFERROR(__xludf.DUMMYFUNCTION("""COMPUTED_VALUE"""),27.0) -> 27 | D47: =IFERROR(__xludf.DUMMYFUNCTION("""COMPUTED_VALUE"""),1238.9) -> 1238.9
A48: =IFERROR(__xludf.DUMMYFUNCTION("""COMPUTED_VALUE"""),"PR011") -> PR011 | B48: =IFERROR(__xludf.DUMMYFUNCTION("""COMPUTED_VALUE"""),"VD026") -> VD026 | C48: =IFERROR(__xludf.DUMMYFUNCTION("""COMPUTED_VALUE"""),18.0) -> 18 | D48: =IFERROR(__xludf.DUMMYFUNCTION("""COMPUTED_VALUE"""),1013.04) -> 1013.04
A49: =IFERROR(__xludf.DUMMYFUNCTION("""COMPUTED_VALUE"""),"PR014") -> PR014 | B49: =IFERROR(__xludf.DUMMYFUNCTION("""COMPUTED_VALUE"""),"VD040") -> VD040 | C49: =IFERROR(__xludf.DUMMYFUNCTION("""COMPUTED_VALUE"""),24.0) -> 24 | D49: =IFERROR(__xludf.DUMMYFUNCTION("""COMPUTED_VALUE"""),1139.54) -> 1139.54
A50: =IFERROR(__xludf.DUMMYFUNCTION("""COMPUTED_VALUE"""),"PR043") -> PR043 | B50: =IFERROR(__xludf.DUMMYFUNCTION("""COMPUTED_VALUE"""),"VD035") -> VD035 | C50: =IFERROR(__xludf.DUMMYFUNCTION("""COMPUTED_VALUE"""),18.0) -> 18 | D50: =IFERROR(__xludf.DUMMYFUNCTION("""COMPUTED_VALUE"""),1435.5) -> 1435.5
A51: =IFERROR(__xludf.DUMMYFUNCTION("""COMPUTED_VALUE"""),"PR037") -> PR037 | B51: =IFERROR(__xludf.DUMMYFUNCTION("""COMPUTED_VALUE"""),"VD036") -> VD036 | C51: =IFERROR(__xludf.DUMMYFUNCTION("""COMPUTED_VALUE"""),30.0) -> 30 | D51: =IFERROR(__xludf.DUMMYFUNCTION("""COMPUTED_VALUE"""),5040.0) -> 5040
A52: =IFERROR(__xludf.DUMMYFUNCTION("""COMPUTED_VALUE"""),"PR020") -> PR020 | B52: =IFERROR(__xludf.DUMMYFUNCTION("""COMPUTED_VALUE"""),"VD026") -> VD026 | C52: =IFERROR(__xludf.DUMMYFUNCTION("""COMPUTED_VALUE"""),20.0) -> 20 | D52: =IFERROR(__xludf.DUMMYFUNCTION("""COMPUTED_VALUE"""),6657.78) -> 6657.78
A53: =IFERROR(__xludf.DUMMYFUNCTION("""COMPUTED_VALUE"""),"PR052") -> PR052 | B53: =IFERROR(__xludf.DUMMYFUNCTION("""COMPUTED_VALUE"""),"VD035") -> VD035 | C53: =IFERROR(__xludf.DUMMYFUNCTION("""COMPUTED_VALUE"""),12.0) -> 12 | D53: =IFERROR(__xludf.DUMMYFUNCTION("""COMPUTED_VALUE"""),658.68) -> 658.68
A54: =IFERROR(__xludf.DUMMYFUNCTION("""COMPUTED_VALUE"""),"PR023") -> PR023 | B54: =IFERROR(__xludf.DUMMYFUNCTION("""COMPUTED_VALUE"""),"VD016") -> VD016 | C54: =IFERROR(__xludf.DUMMYFUNCTION("""COMPUTED_VALUE"""),27.0) -> 27 | D54: =IFERROR(__xludf.DUMMYFUNCTION("""COMPUTED_VALUE"""),7894.34) -> 7894.34
A55: =IFERROR(__xludf.DUMMYFUNCTION("""COMPUTED_VALUE"""),"PR002") -> PR002 | B55: =IFERROR(__xludf.DUMMYFUNCTION("""COMPUTED_VALUE"""),"VD018") -> VD018 | C55: =IFERROR(__xludf.DUMMYFUNCTION("""COMPUTED_VALUE"""),9.0) -> 9 | D55: =IFERROR(__xludf.DUMMYFUNCTION("""COMPUTED_VALUE"""),717.17) -> 717.17
A56: =IFERROR(__xludf.DUMMYFUNCTION("""COMPUTED_VALUE"""),"PR039") -> PR039 | B56: =IFERROR(__xludf.DUMMYFUNCTION("""COMPUTED_VALUE"""),"VD014") -> VD014 | C56: =IFERROR(__xludf.DUMMYFUNCTION("""COMPUTED_VALUE"""),16.0) -> 16 | D56: =IFERROR(__xludf.DUMMYFUNCTION("""COMPUTED_VALUE"""),2663.04) -> 2663.04
A57: =IFERROR(__xludf.DUMMYFUNCTION("""COMPUTED_VALUE"""),"PR060") -> PR060 | B57: =IFERROR(__xludf.DUMMYFUNCTION("""COMPUTED_VALUE"""),"VD044") -> VD044 | C57: =IFERROR(__xludf.DUMMYFUNCTION("""COMPUTED_VALUE"""),6.0) -> 6 | D57: =IFERROR(__xludf.DUMMYFUNCTION("""COMPUTED_VALUE"""),1252.8) -> 1252.8
A58: =IFERROR(__xludf.DUMMYFUNCTION("""COMPUTED_VALUE"""),"PR009") -> PR009 | B58: =IFERROR(__xludf.DUMMYFUNCTION("""COMPUTED_VALUE"""),"VD041") -> VD041 | C58: =IFERROR(__xludf.DUMMYFUNCTION("""COMPUTED_VALUE"""),15.0) -> 15 | D58: =IFERROR(__xludf.DUMMYFUNCTION("""COMPUTED_VALUE"""),1560.72) -> 1560.72
A59: =IFERROR(__xludf.DUMMYFUNCTION("""COMPUTED_VALUE"""),"PR057") -> PR057 | B59: =IFERROR(__xludf.DUMMYFUNCTION("""COMPUTED_VALUE"""),"VD046") -> VD046 | C59: =IFERROR(__xludf.DUMMYFUNCTION("""COMPUTED_VALUE"""),15.0) -> 15 | D59: =IFERROR(__xludf.DUMMYFUNCTION("""COMPUTED_VALUE"""),1591.23) -> 1591.23
A60: =IFERROR(__xludf.DUMMYFUNCTION("""COMPUTED_VALUE"""),"PR018") -> PR018 | B60: =IFERROR(__xludf.DUMMYFUNCTION("""COMPUTED_VALUE"""),"VD037") -> VD037 | C60: =IFERROR(__xludf.DUMMYFUNCTION("""COMPUTED_VALUE"""),10.0) -> 10 | D60: =IFERROR(__xludf.DUMMYFUNCTION("""COMPUTED_VALUE"""),361.9) -> 361.9
A61: =IFERROR(__xludf.DUMMYFUNCTION("""COMPUTED_VALUE"""),"PR022") -> PR022 | B61: =IFERROR(__xludf.DUMMYFUNCTION("""COMPUTED_VALUE"""),"VD023") -> VD023 | C61: =IFERROR(__xludf.DUMMYFUNCTION("""COMPUTED_VALUE"""),16.0) -> 16 | D61: =IFERROR(__xludf.DUMMYFUNCTION("""COMPUTED_VALUE"""),5424.0) -> 5424
A62: =IFERROR(__xludf.DUMMYFUNCTION("""COMPUTED_VALUE"""),"PR020") -> PR020 | B62: =IFERROR(__xludf.DUMMYFUNCTION("""COMPUTED_VALUE"""),"VD023") -> VD023 | C62: =IFERROR(__xludf.DUMMYFUNCTION("""COMPUTED_VALUE"""),21.0) -> 21 | D62: =IFERROR(__xludf.DUMMYFUNCTION("""COMPUTED_VALUE"""),7242.59) -> 7242.59
A63: =IFERROR(__xludf.DUMMYFUNCTION("""COMPUTED_VALUE"""),"PR043") -> PR043 | B63: =IFERROR(__xludf.DUMMYFUNCTION("""COMPUTED_VALUE"""),"VD039") -> VD039 | C63: =IFERROR(__xludf.DUMMYFUNCTION("""COMPUTED_VALUE"""),16.0) -> 16 | D63: =IFERROR(__xludf.DUMMYFUNCTION("""COMPUTED_VALUE"""),1368.8) -> 1368.8
A64: =IFERROR(__xludf.DUMMYFUNCTION("""COMPUTED_VALUE"""),"PR040") -> PR040 | B64: =IFERROR(__xludf.DUMMYFUNCTION("""COMPUTED_VALUE"""),"VD014") -> VD014 | C64: =IFERROR(__xludf.DUMMYFUNCTION("""COMPUTED_VALUE"""),20.0) -> 20 | D64: =IFERROR(__xludf.DUMMYFUNCTION("""COMPUTED_VALUE"""),1624.0) -> 1624
A65: =IFERROR(__xludf.DUMMYFUNCTION("""COMPUTED_VALUE"""),"PR052") -> PR052 | B65: =IFERROR(__xludf.DUMMYFUNCTION("""COMPUTED_VALUE"""),"VD035") -> VD035 | C65: =IFERROR(__xludf.DUMMYFUNCTION("""COMPUTED_VALUE"""),30.0) -> 30 | D65: =IFERROR(__xludf.DUMMYFUNCTION("""COMPUTED_VALUE"""),1721.55) -> 1721.55
A66: =IFERROR(__xludf.DUMMYFUNCTION("""COMPUTED_VALUE"""),"PR021") -> PR021 | B66: =IFERROR(__xludf.DUMMYFUNCTION("""COMPUTED_VALUE"""),"VD013") -> VD013 | C66: =IFERROR(__xludf.DUMMYFUNCTION("""COMPUTED_VALUE"""),8.0) -> 8 | D66: =IFERROR(__xludf.DUMMYFUNCTION("""COMPUTED_VALUE"""),2689.75) -> 2689.75
A67: =IFERROR(__xludf.DUMMYFUNCTION("""COMPUTED_VALUE"""),"PR050") -> PR050 | B67: =IFERROR(__xludf.DUMMYFUNCTION("""COMPUTED_VALUE"""),"VD015") -> VD015 | C67: =IFERROR(__xludf.DUMMYFUNCTION("""COMPUTED_VALUE"""),24.0) -> 24 | D67: =IFERROR(__xludf.DUMMYFUNCTION("""COMPUTED_VALUE"""),915.94) -> 915.94
A68: =IFERROR(__xludf.DUMMYFUNCTION("""COMPUTED_VALUE"""),"PR036") -> PR036 | B68: =IFERROR(__xludf.DUMMYFUNCTION("""COMPUTED_VALUE"""),"VD040") -> VD040 | C68: =IFERROR(__xludf.DUMMYFUNCTION("""COMPUTED_VALUE"""),12.0) -> 12 | D68: =IFERROR(__xludf.DUMMYFUNCTION("""COMPUTED_VALUE"""),1301.52) -> 1301.52
A69: =IFERROR(__xludf.DUMMYFUNCTION("""COMPUTED_VALUE"""),"PR023") -> PR023 | B69: =IFERROR(__xludf.DUMMYFUNCTION("""COMPUTED_VALUE"""),"VD037") -> VD037 | C69: =IFERROR(__xludf.DUMMYFUNCTION("""COMPUTED_VALUE"""),12.0) -> 12 | D69: =IFERROR(__xludf.DUMMYFUNCTION("""COMPUTED_VALUE"""),3298.68) -> 3298.68
A70: =IFERROR(__xludf.DUMMYFUNCTION("""COMPUTED_VALUE"""),"PR052") -> PR052 | B70: =IFERROR(__xludf.DUMMYFUNCTION("""COMPUTED_VALUE"""),"VD014") -> VD014 | C70: =IFERROR(__xludf.DUMMYFUNCTION("""COMPUTED_VALUE"""),20.0) -> 20 | D70: =IFERROR(__xludf.DUMMYFUNCTION("""COMPUTED_VALUE"""),1127.74) -> 1127.74
A71: =IFERROR(__xludf.DUMMYFUNCTION("""COMPUTED_VALUE"""),"PR051") -> PR051 | B71: =IFERROR(__xludf.DUMMYFUNCTION("""COMPUTED_VALUE"""),"VD018") -> VD018 | C71: =IFERROR(__xludf.DUMMYFUNCTION("""COMPUTED_VALUE"""),6.0) -> 6 | D71: =IFERROR(__xludf.DUMMYFUNCTION("""COMPUTED_VALUE"""),221.09) -> 221.09
A72: =IFERROR(__xludf.DUMMYFUNCTION("""COMPUTED_VALUE"""),"PR019") -> PR019 | B72: =IFERROR(__xludf.DUMMYFUNCTION("""COMPUTED_VALUE"""),"VD010") -> VD010 | C72: =IFERROR(__xludf.DUMMYFUNCTION("""COMPUTED_VALUE"""),20.0) -> 20 | D72: =IFERROR(__xludf.DUMMYFUNCTION("""COMPUTED_VALUE"""),1197.6) -> 1197.6
A73: =IFERROR(__xludf.DUMMYFUNCTION("""COMPUTED_VALUE"""),"PR053") -> PR053 | B73: =IFERROR(__xludf.DUMMYFUNCTION("""COMPUTED_VALUE"""),"VD043") -> VD043 | C73: =IFERROR(__xludf.DUMMYFUNCTION("""COMPUTED_VALUE"""),16.0) -> 16 | D73: =IFERROR(__xludf.DUMMYFUNCTION("""COMPUTED_VALUE"""),950.1) -> 950.1
A74: =IFERROR(__xludf.DUMMYFUNCTION("""COMPUTED_VALUE"""),"PR031") -> PR031 | B74: =IFERROR(__xludf.DUMMYFUNCTION("""COMPUTED_VALUE"""),"VD035") -> VD035 | C74: =IFERROR(__xludf.DUMMYFUNCTION("""COMPUTED_VALUE"""),21.0) -> 21 | D74: =IFERROR(__xludf.DUMMYFUNCTION("""COMPUTED_VALUE"""),6122.55) -> 6122.55
A75: =IFERROR(__xludf.DUMMYFUNCTION("""COMPUTED_VALUE"""),"PR008") -> PR008 | B75: =IFERROR(__xludf.DUMMYFUNCTION("""COMPUTED_VALUE"""),"VD037") -> VD037 | C75: =IFERROR(__xludf.DUMMYFUNCTION("""COMPUTED_VALUE"""),10.0) -> 10 | D75: =IFERROR(__xludf.DUMMYFUNCTION("""COMPUTED_VALUE"""),1078.8) -> 1078.8
A76: =IFERROR(__xludf.DUMMYFUNCTION("""COMPUTED_VALUE"""),"PR010") -> PR010 | B76: =IFERROR(__xludf.DUMMYFUNCTION("""COMPUTED_VALUE"""),"VD023") -> VD023 | C76: =IFERROR(__xludf.DUMMYFUNCTION("""COMPUTED_VALUE"""),14.0) -> 14 | D76: =IFERROR(__xludf.DUMMYFUNCTION("""COMPUTED_VALUE"""),704.03) -> 704.03
A77: =IFERROR(__xludf.DUMMYFUNCTION("""COMPUTED_VALUE"""),"PR012") -> PR012 | B77: =IFERROR(__xludf.DUMMYFUNCTION("""COMPUTED_VALUE"""),"VD018") -> VD018 | C77: =IFERROR(__xludf.DUMMYFUNCTION("""COMPUTED_VALUE"""),10.0) -> 10 | D77: =IFERROR(__xludf.DUMMYFUNCTION("""COMPUTED_VALUE"""),577.02) -> 577.02
A78: =IFERROR(__xludf.DUMMYFUNCTION("""COMPUTED_VALUE"""),"PR043") -> PR043 | B78: =IFERROR(__xludf.DUMMYFUNCTION("""COMPUTED_VALUE"""),"VD033") -> VD033 | C78: =IFERROR(__xludf.DUMMYFUNCTION("""COMPUTED_VALUE"""),12.0) -> 12 | D78: =IFERROR(__xludf.DUMMYFUNCTION("""COMPUTED_VALUE"""),983.1) -> 983.1
A79: =IFERROR(__xludf.DUMMYFUNCTION("""COMPUTED_VALUE"""),"PR004") -> PR004 | B79: =IFERROR(__xludf.DUMMYFUNCTION("""COMPUTED_VALUE"""),"VD015") -> VD015 | C79: =IFERROR(__xludf.DUMMYFUNCTION("""COMPUTED_VALUE"""),10.0) -> 10 | D79: =IFERROR(__xludf.DUMMYFUNCTION("""COMPUTED_VALUE"""),1725.5) -> 1725.5
A80: =IFERROR(__xludf.DUMMYFUNCTION("""COMPUTED_VALUE"""),"PR045") -> PR045 | B80: =IFERROR(__xludf.DUMMYFUNCTION("""COMPUTED_VALUE"""),"VD027") -> VD027 | C80: =IFERROR(__xludf.DUMMYFUNCTION("""COMPUTED_VALUE"""),16.0) -> 16 | D80: =IFERROR(__xludf.DUMMYFUNCTION("""COMPUTED_VALUE"""),1334.0) -> 1334
A81: =IFERROR(__xludf.DUMMYFUNCTION("""COMPUTED_VALUE"""),"PR014") -> PR014 | B81: =IFERROR(__xludf.DUMMYFUNCTION("""COMPUTED_VALUE"""),"VD035") -> VD035 | C81: =IFERROR(__xludf.DUMMYFUNCTION("""COMPUTED_VALUE"""),20.0) -> 20 | D81: =IFERROR(__xludf.DUMMYFUNCTION("""COMPUTED_VALUE"""),877.8) -> 877.8
A82: =IFERROR(__xludf.DUMMYFUNCTION("""COMPUTED_VALUE"""),"PR026") -> PR026 | B82: =IFERROR(__xludf.DUMMYFUNCTION("""COMPUTED_VALUE"""),"VD011") -> VD011 | C82: =IFERROR(__xludf.DUMMYFUNCTION("""COMPUTED_VALUE"""),15.0) -> 15 | D82: =IFERROR(__xludf.DUMMYFUNCTION("""COMPUTED_VALUE"""),6035.78) -> 6035.78
A83: =IFERROR(__xludf.DUMMYFUNCTION("""COMPUTED_VALUE"""),"PR014") -> PR014 | B83: =IFERROR(__xludf.DUMMYFUNCTION("""COMPUTED_VALUE"""),"VD028") -> VD028 | C83: =IFERROR(__xludf.DUMMYFUNCTION("""COMPUTED_VALUE"""),30.0) -> 30 | D83: =IFERROR(__xludf.DUMMYFUNCTION("""COMPUTED_VALUE"""),1328.67) -> 1328.67
A84: =IFERROR(__xludf.DUMMYFUNCTION("""COMPUTED_VALUE"""),"PR024") -> PR024 | B84: =IFERROR(__xludf.DUMMYFUNCTION("""COMPUTED_VALUE"""),"VD019") -> VD019 | C84: =IFERROR(__xludf.DUMMYFUNCTION("""COMPUTED_VALUE"""),30.0) -> 30 | D84: =IFERROR(__xludf.DUMMYFUNCTION("""COMPUTED_VALUE"""),8810.61) -> 8810.61
A85: =IFERROR(__xludf.DUMMYFUNCTION("""COMPUTED_VALUE"""),"PR023") -> PR023 | B85: =IFERROR(__xludf.DUMMYFUNCTION("""COMPUTED_VALUE"""),"VD034") -> VD034 | C85: =IFERROR(__xludf.DUMMYFUNCTION("""COMPUTED_VALUE"""),18.0) -> 18 | D85: =IFERROR(__xludf.DUMMYFUNCTION("""COMPUTED_VALUE"""),5082.97) -> 5082.97
A86: =IFERROR(__xludf.DUMMYFUNCTION("""COMPUTED_VALUE"""),"PR010") -> PR010 | B86: =IFERROR(__xludf.DUMMYFUNCTION("""COMPUTED_VALUE"""),"VD028") -> VD028 | C86: =IFERROR(__xludf.DUMMYFUNCTION("""COMPUTED_VALUE"""),20.0) -> 20 | D86: =IFERROR(__xludf.DUMMYFUNCTION("""COMPUTED_VALUE"""),1050.66) -> 1050.66
A87: =IFERROR(__xludf.DUMMYFUNCTION("""COMPUTED_VALUE"""),"PR042") -> PR042 | B87: =IFERROR(__xludf.DUMMYFUNCTION("""COMPUTED_VALUE"""),"VD041") -> VD041 | C87: =IFERROR(__xludf.DUMMYFUNCTION("""COMPUTED_VALUE"""),24.0) -> 24 | D87: =IFERROR(__xludf.DUMMYFUNCTION("""COMPUTED_VALUE"""),1502.06) -> 1502.06
A88: =IFERROR(__xludf.DUMMYFUNCTION("""COMPUTED_VALUE"""),"PR057") -> PR057 | B88: =IFERROR(__xludf.DUMMYFUNCTION("""COMPUTED_VALUE"""),"VD015") -> VD015 | C88: =IFERROR(__xludf.DUMMYFUNCTION("""COMPUTED_VALUE"""),24.0) -> 24 | D88: =IFERROR(__xludf.DUMMYFUNCTION("""COMPUTED_VALUE"""),2373.36) -> 2373.36
A89: =IFERROR(__xludf.DUMMYFUNCTION("""COMPUTED_VALUE"""),"PR034") -> PR034 | B89: =IFERROR(__xludf.DUMMYFUNCTION("""COMPUTED_VALUE"""),"VD027") -> VD027 | C89: =IFERROR(__xludf.DUMMYFUNCTION("""COMPUTED_VALUE"""),6.0) -> 6 | D89: =IFERROR(__xludf.DUMMYFUNCTION("""COMPUTED_VALUE"""),598.73) -> 598.73
A90: =IFERROR(__xludf.DUMMYFUNCTION("""COMPUTED_VALUE"""),"PR031") -> PR031 | B90: =IFERROR(__xludf.DUMMYFUNCTION("""COMPUTED_VALUE"""),"VD024") -> VD024 | C90: =IFERROR(__xludf.DUMMYFUNCTION("""COMPUTED_VALUE"""),6.0) -> 6 | D90: =IFERROR(__xludf.DUMMYFUNCTION("""COMPUTED_VALUE"""),1675.8) -> 1675.8
A91: =IFERROR(__xludf.DUMMYFUNCTION("""COMPUTED_VALUE"""),"PR046") -> PR046 | B91: =IFERROR(__xludf.DUMMYFUNCTION("""COMPUTED_VALUE"""),"VD038") -> VD038 | C91: =IFERROR(__xludf.DUMMYFUNCTION("""COMPUTED_VALUE"""),8.0) -> 8 | D91: =IFERROR(__xludf.DUMMYFUNCTION("""COMPUTED_VALUE"""),2620.7) -> 2620.7
A92: =IFERROR(__xludf.DUMMYFUNCTION("""COMPUTED_VALUE"""),"PR033") -> PR033 | B92: =IFERROR(__xludf.DUMMYFUNCTION("""COMPUTED_VALUE"""),"VD014") -> VD014 | C92: =IFERROR(__xludf.DUMMYFUNCTION("""COMPUTED_VALUE"""),12.0) -> 12 | D92: =IFERROR(__xludf.DUMMYFUNCTION("""COMPUTED_VALUE"""),3649.0) -> 3649
A93: =IFERROR(__xludf.DUMMYFUNCTION("""COMPUTED_VALUE"""),"PR041") -> PR041 | B93: =IFERROR(__xludf.DUMMYFUNCTION("""COMPUTED_VALUE"""),"VD035") -> VD035 | C93: =IFERROR(__xludf.DUMMYFUNCTION("""COMPUTED_VALUE"""),18.0) -> 18 | D93: =IFERROR(__xludf.DUMMYFUNCTION("""COMPUTED_VALUE"""),1166.08) -> 1166.08
A94: =IFERROR(__xludf.DUMMYFUNCTION("""COMPUTED_VALUE"""),"PR001") -> PR001 | B94: =IFERROR(__xludf.DUMMYFUNCTION("""COMPUTED_VALUE"""),"VD045") -> VD045 | C94: =IFERROR(__xludf.DUMMYFUNCTION("""COMPUTED_VALUE"""),12.0) -> 12 | D94: =IFERROR(__xludf.DUMMYFUNCTION("""COMPUTED_VALUE"""),941.05) -> 941.05
A95: =IFERROR(__xludf.DUMMYFUNCTION("""COMPUTED_VALUE"""),"PR006") -> PR006 | B95: =IFERROR(__xludf.DUMMYFUNCTION("""COMPUTED_VALUE"""),"VD035") -> VD035 | C95: =IFERROR(__xludf.DUMMYFUNCTION("""COMPUTED_VALUE"""),12.0) -> 12 | D95: =IFERROR(__xludf.DUMMYFUNCTION("""COMPUTED_VALUE"""),541.04) -> 541.04
A96: =IFERROR(__xludf.DUMMYFUNCTION("""COMPUTED_VALUE"""),"PR049") -> PR049 | B96: =IFERROR(__xludf.DUMMYFUNCTION("""COMPUTED_VALUE"""),"VD039") -> VD039 | C96: =IFERROR(__xludf.DUMMYFUNCTION("""COMPUTED_VALUE"""),10.0) -> 10 | D96: =IFERROR(__xludf.DUMMYFUNCTION("""COMPUTED_VALUE"""),388.22) -> 388.22
A97: =IFERROR(__xludf.DUMMYFUNCTION("""COMPUTED_VALUE"""),"PR012") -> PR012 | B97: =IFERROR(__xludf.DUMMYFUNCTION("""COMPUTED_VALUE"""),"VD034") -> VD034 | C97: =IFERROR(__xludf.DUMMYFUNCTION("""COMPUTED_VALUE"""),27.0) -> 27 | D97: =IFERROR(__xludf.DUMMYFUNCTION("""COMPUTED_VALUE"""),1584.36) -> 1584.36
A98: =IFERROR(__xludf.DUMMYFUNCTION("""COMPUTED_VALUE"""),"PR060") -> PR060 | B98: =IFERROR(__xludf.DUMMYFUNCTION("""COMPUTED_VALUE"""),"VD019") -> VD019 | C98: =IFERROR(__xludf.DUMMYFUNCTION("""COMPUTED_VALUE"""),18.0) -> 18 | D98: =IFERROR(__xludf.DUMMYFUNCTION("""COMPUTED_VALUE"""),3628.8) -> 3628.8
A99: =IFERROR(__xludf.DUMMYFUNCTION("""COMPUTED_VALUE"""),"PR060") -> PR060 | B99: =IFERROR(__xludf.DUMMYFUNCTION("""COMPUTED_VALUE"""),"VD042") -> VD042 | C99: =IFERROR(__xludf.DUMMYFUNCTION("""COMPUTED_VALUE"""),10.0) -> 10 | D99: =IFERROR(__xludf.DUMMYFUNCTION("""COMPUTED_VALUE"""),1980.0) -> 1980
A100: =IFERROR(__xludf.DUMMYFUNCTION("""COMPUTED_VALUE"""),"PR014") -> PR014 | B100: =IFERROR(__xludf.DUMMYFUNCTION("""COMPUTED_VALUE"""),"VD010") -> VD010 | C100: =IFERROR(__xludf.DUMMYFUNCTION("""COMPUTED_VALUE"""),18.0) -> 18 | D100: =IFERROR(__xludf.DUMMYFUNCTION("""COMPUTED_VALUE"""),790.02) -> 790.02
...

Sheet Datos Ventas Dashboard
A1: Productos | B1: Vendedor | C1: Cantidad | D1: Real Brasileño | E1: Peso Mexicano | F1: Sol Peruano | G1: Nombre | H1: Ciudad | I1: Región | J1: =Productos!B1 | K1: =Productos!C1 | L1: =Productos!D1 | M1: =Productos!E1 | N1: =Productos!F1
A2: =IFERROR(__xludf.DUMMYFUNCTION("query('Datos Ventas'!A2:K2000,""SELECT Col7, Col8, Col9, Col10"")"),"PR001") -> PR001 | B2: =IFERROR(__xludf.DUMMYFUNCTION("""COMPUTED_VALUE"""),"VD026") -> VD026 | C2: =IFERROR(__xludf.DUMMYFUNCTION("""COMPUTED_VALUE"""),27.0) -> 27 | D2: =IFERROR(__xludf.DUMMYFUNCTION("""COMPUTED_VALUE"""),1957.23) -> 1957.23 | E2: =IFERROR(__xludf.DUMMYFUNCTION("GOOGLEFINANCE(""Currency:BRLMXN"")*D2"),6648.7103099999995) -> 6648.7103 | F2: =IFERROR(__xludf.DUMMYFUNCTION("GOOGLEFINANCE(""Currency:BRLPEN"")*D2"),1283.1599879999999) -> 1283.16 | G2: {=_xlfn.XLOOKUP(B2,Vendedores!$A$2:$A$41,Vendedores!$B$2:$B$41,"No hay datos")} -> No hay datos | H2: {=_xlfn.XLOOKUP(B2,Vendedores!$A$2:$A$41,Vendedores!$C$2:$C$41,"No hay datos")} -> No hay datos | I2: {=_xlfn.XLOOKUP(B2,Vendedores!$A$2:$A$41,Vendedores!$D$2:$D$41,"No hay datos")} -> No hay datos | J2: {=_xlfn.XLOOKUP(A2,Productos!$A$2:$A$61,Productos!$B$2:$F$61)} -> #N/A
A3: =IFERROR(__xludf.DUMMYFUNCTION("""COMPUTED_VALUE"""),"PR058") -> PR058 | B3: =IFERROR(__xludf.DUMMYFUNCTION("""COMPUTED_VALUE"""),"VD037") -> VD037 | C3: =IFERROR(__xludf.DUMMYFUNCTION("""COMPUTED_VALUE"""),14.0) -> 14 | D3: =IFERROR(__xludf.DUMMYFUNCTION("""COMPUTED_VALUE"""),2872.8) -> 2872.8 | E3: =IFERROR(__xludf.DUMMYFUNCTION("GOOGLEFINANCE(""Currency:BRLMXN"")*D3"),9758.9016) -> 9758.9016 | F3: =IFERROR(__xludf.DUMMYFUNCTION("GOOGLEFINANCE(""Currency:BRLPEN"")*D3"),1883.40768) -> 1883.4077 | G3: {=_xlfn.XLOOKUP(B3,Vendedores!$A$2:$A$41,Vendedores!$B$2:$B$41,"No hay datos")} -> No hay datos | H3: {=_xlfn.XLOOKUP(B3,Vendedores!$A$2:$A$41,Vendedores!$C$2:$C$41,"No hay datos")} -> No hay datos | I3: {=_xlfn.XLOOKUP(B3,Vendedores!$A$2:$A$41,Vendedores!$D$2:$D$41,"No hay datos")} -> No hay datos | J3: {=_xlfn.XLOOKUP(A3,Productos!$A$2:$A$61,Productos!$B$2:$F$61)} -> #N/A
A4: =IFERROR(__xludf.DUMMYFUNCTION("""COMPUTED_VALUE"""),"PR020") -> PR020 | B4: =IFERROR(__xludf.DUMMYFUNCTION("""COMPUTED_VALUE"""),"VD034") -> VD034 | C4: =IFERROR(__xludf.DUMMYFUNCTION("""COMPUTED_VALUE"""),20.0) -> 20 | D4: =IFERROR(__xludf.DUMMYFUNCTION("""COMPUTED_VALUE"""),7137.62) -> 7137.62 | E4: =IFERROR(__xludf.DUMMYFUNCTION("GOOGLEFINANCE(""Currency:BRLMXN"")*D4"),24246.49514) -> 24246.495 | F4: =IFERROR(__xludf.DUMMYFUNCTION("GOOGLEFINANCE(""Currency:BRLPEN"")*D4"),4679.423672) -> 4679.4237 | G4: {=_xlfn.XLOOKUP(B4,Vendedores!$A$2:$A$41,Vendedores!$B$2:$B$41,"No hay datos")} -> No hay datos | H4: {=_xlfn.XLOOKUP(B4,Vendedores!$A$2:$A$41,Vendedores!$C$2:$C$41,"No hay datos")} -> No hay datos | I4: {=_xlfn.XLOOKUP(B4,Vendedores!$A$2:$A$41,Vendedores!$D$2:$D$41,"No hay datos")} -> No hay datos | J4: {=_xlfn.XLOOKUP(A4,Productos!$A$2:$A$61,Productos!$B$2:$F$61)} -> #N/A
A5: =IFERROR(__xludf.DUMMYFUNCTION("""COMPUTED_VALUE"""),"PR035") -> PR035 | B5: =IFERROR(__xludf.DUMMYFUNCTION("""COMPUTED_VALUE"""),"VD021") -> VD021 | C5: =IFERROR(__xludf.DUMMYFUNCTION("""COMPUTED_VALUE"""),24.0) -> 24 | D5: =IFERROR(__xludf.DUMMYFUNCTION("""COMPUTED_VALUE"""),2478.77) -> 2478.77 | E5: =IFERROR(__xludf.DUMMYFUNCTION("GOOGLEFINANCE(""Currency:BRLMXN"")*D5"),8420.38169) -> 8420.3817 | F5: =IFERROR(__xludf.DUMMYFUNCTION("GOOGLEFINANCE(""Currency:BRLPEN"")*D5"),1625.081612) -> 1625.0816 | G5: {=_xlfn.XLOOKUP(B5,Vendedores!$A$2:$A$41,Vendedores!$B$2:$B$41,"No hay datos")} -> No hay datos | H5: {=_xlfn.XLOOKUP(B5,Vendedores!$A$2:$A$41,Vendedores!$C$2:$C$41,"No hay datos")} -> No hay datos | I5: {=_xlfn.XLOOKUP(B5,Vendedores!$A$2:$A$41,Vendedores!$D$2:$D$41,"No hay datos")} -> No hay datos | J5: {=_xlfn.XLOOKUP(A5,Productos!$A$2:$A$61,Productos!$B$2:$F$61)} -> #N/A
A6: =IFERROR(__xludf.DUMMYFUNCTION("""COMPUTED_VALUE"""),"PR016") -> PR016 | B6: =IFERROR(__xludf.DUMMYFUNCTION("""COMPUTED_VALUE"""),"VD027") -> VD027 | C6: =IFERROR(__xludf.DUMMYFUNCTION("""COMPUTED_VALUE"""),10.0) -> 10 | D6: =IFERROR(__xludf.DUMMYFUNCTION("""COMPUTED_VALUE"""),303.03) -> 303.03 | E6: =IFERROR(__xludf.DUMMYFUNCTION("GOOGLEFINANCE(""Currency:BRLMXN"")*D6"),1029.3929099999998) -> 1029.3929 | F6: =IFERROR(__xludf.DUMMYFUNCTION("GOOGLEFINANCE(""Currency:BRLPEN"")*D6"),198.66646799999998) -> 198.66647 | G6: {=_xlfn.XLOOKUP(B6,Vendedores!$A$2:$A$41,Vendedores!$B$2:$B$41,"No hay datos")} -> No hay datos | H6: {=_xlfn.XLOOKUP(B6,Vendedores!$A$2:$A$41,Vendedores!$C$2:$C$41,"No hay datos")} -> No hay datos | I6: {=_xlfn.XLOOKUP(B6,Vendedores!$A$2:$A$41,Vendedores!$D$2:$D$41,"No hay datos")} -> No hay datos | J6: {=_xlfn.XLOOKUP(A6,Productos!$A$2:$A$61,Productos!$B$2:$F$61)} -> #N/A
A7: =IFERROR(__xludf.DUMMYFUNCTION("""COMPUTED_VALUE"""),"PR051") -> PR051 | B7: =IFERROR(__xludf.DUMMYFUNCTION("""COMPUTED_VALUE"""),"VD048") -> VD048 | C7: =IFERROR(__xludf.DUMMYFUNCTION("""COMPUTED_VALUE"""),18.0) -> 18 | D7: =IFERROR(__xludf.DUMMYFUNCTION("""COMPUTED_VALUE"""),704.72) -> 704.72 | E7: =IFERROR(__xludf.DUMMYFUNCTION("GOOGLEFINANCE(""Currency:BRLMXN"")*D7"),2393.93384) -> 2393.9338 | F7: =IFERROR(__xludf.DUMMYFUNCTION("GOOGLEFINANCE(""Currency:BRLPEN"")*D7"),462.014432) -> 462.01443 | G7: {=_xlfn.XLOOKUP(B7,Vendedores!$A$2:$A$41,Vendedores!$B$2:$B$41,"No hay datos")} -> No hay datos | H7: {=_xlfn.XLOOKUP(B7,Vendedores!$A$2:$A$41,Vendedores!$C$2:$C$41,"No hay datos")} -> No hay datos | I7: {=_xlfn.XLOOKUP(B7,Vendedores!$A$2:$A$41,Vendedores!$D$2:$D$41,"No hay datos")} -> No hay datos | J7: {=_xlfn.XLOOKUP(A7,Productos!$A$2:$A$61,Productos!$B$2:$F$61)} -> #N/A
A8: =IFERROR(__xludf.DUMMYFUNCTION("""COMPUTED_VALUE"""),"PR042") -> PR042 | B8: =IFERROR(__xludf.DUMMYFUNCTION("""COMPUTED_VALUE"""),"VD025") -> VD025 | C8: =IFERROR(__xludf.DUMMYFUNCTION("""COMPUTED_VALUE"""),27.0) -> 27 | D8: =IFERROR(__xludf.DUMMYFUNCTION("""COMPUTED_VALUE"""),1778.76) -> 1778.76 | E8: =IFERROR(__xludf.DUMMYFUNCTION("GOOGLEFINANCE(""Currency:BRLMXN"")*D8"),6042.447719999999) -> 6042.4477 | F8: =IFERROR(__xludf.DUMMYFUNCTION("GOOGLEFINANCE(""Currency:BRLPEN"")*D8"),1166.1550559999998) -> 1166.1551 | G8: {=_xlfn.XLOOKUP(B8,Vendedores!$A$2:$A$41,Vendedores!$B$2:$B$41,"No hay datos")} -> No hay datos | H8: {=_xlfn.XLOOKUP(B8,Vendedores!$A$2:$A$41,Vendedores!$C$2:$C$41,"No hay datos")} -> No hay datos | I8: {=_xlfn.XLOOKUP(B8,Vendedores!$A$2:$A$41,Vendedores!$D$2:$D$41,"No hay datos")} -> No hay datos | J8: {=_xlfn.XLOOKUP(A8,Productos!$A$2:$A$61,Productos!$B$2:$F$61)} -> #N/A
A9: =IFERROR(__xludf.DUMMYFUNCTION("""COMPUTED_VALUE"""),"PR050") -> PR050 | B9: =IFERROR(__xludf.DUMMYFUNCTION("""COMPUTED_VALUE"""),"VD037") -> VD037 | C9: =IFERROR(__xludf.DUMMYFUNCTION("""COMPUTED_VALUE"""),14.0) -> 14 | D9: =IFERROR(__xludf.DUMMYFUNCTION("""COMPUTED_VALUE"""),511.27) -> 511.27 | E9: =IFERROR(__xludf.DUMMYFUNCTION("GOOGLEFINANCE(""Currency:BRLMXN"")*D9"),1736.7841899999999) -> 1736.7842 | F9: =IFERROR(__xludf.DUMMYFUNCTION("GOOGLEFINANCE(""Currency:BRLPEN"")*D9"),335.188612) -> 335.18861 | G9: {=_xlfn.XLOOKUP(B9,Vendedores!$A$2:$A$41,Vendedores!$B$2:$B$41,"No hay datos")} -> No hay datos | H9: {=_xlfn.XLOOKUP(B9,Vendedores!$A$2:$A$41,Vendedores!$C$2:$C$41,"No hay datos")} -> No hay datos | I9: {=_xlfn.XLOOKUP(B9,Vendedores!$A$2:$A$41,Vendedores!$D$2:$D$41,"No hay datos")} -> No hay datos | J9: {=_xlfn.XLOOKUP(A9,Productos!$A$2:$A$61,Productos!$B$2:$F$61)} -> #N/A
A10: =IFERROR(__xludf.DUMMYFUNCTION("""COMPUTED_VALUE"""),"PR001") -> PR001 | B10: =IFERROR(__xludf.DUMMYFUNCTION("""COMPUTED_VALUE"""),"VD036") -> VD036 | C10: =IFERROR(__xludf.DUMMYFUNCTION("""COMPUTED_VALUE"""),12.0) -> 12 | D10: =IFERROR(__xludf.DUMMYFUNCTION("""COMPUTED_VALUE"""),901.51) -> 901.51 | E10: =IFERROR(__xludf.DUMMYFUNCTION("GOOGLEFINANCE(""Currency:BRLMXN"")*D10"),3062.4294699999996) -> 3062.4295 | F10: =IFERROR(__xludf.DUMMYFUNCTION("GOOGLEFINANCE(""Currency:BRLPEN"")*D10"),591.029956) -> 591.02996 | G10: {=_xlfn.XLOOKUP(B10,Vendedores!$A$2:$A$41,Vendedores!$B$2:$B$41,"No hay datos")} -> No hay datos | H10: {=_xlfn.XLOOKUP(B10,Vendedores!$A$2:$A$41,Vendedores!$C$2:$C$41,"No hay datos")} -> No hay datos | I10: {=_xlfn.XLOOKUP(B10,Vendedores!$A$2:$A$41,Vendedores!$D$2:$D$41,"No hay datos")} -> No hay datos | J10: {=_xlfn.XLOOKUP(A10,Productos!$A$2:$A$61,Productos!$B$2:$F$61)} -> #N/A
A11: =IFERROR(__xludf.DUMMYFUNCTION("""COMPUTED_VALUE"""),"PR059") -> PR059 | B11: =IFERROR(__xludf.DUMMYFUNCTION("""COMPUTED_VALUE"""),"VD049") -> VD049 | C11: =IFERROR(__xludf.DUMMYFUNCTION("""COMPUTED_VALUE"""),27.0) -> 27 | D11: =IFERROR(__xludf.DUMMYFUNCTION("""COMPUTED_VALUE"""),5783.4) -> 5783.4 | E11: =IFERROR(__xludf.DUMMYFUNCTION("GOOGLEFINANCE(""Currency:BRLMXN"")*D11"),19646.209799999997) -> 19646.21 | F11: =IFERROR(__xludf.DUMMYFUNCTION("GOOGLEFINANCE(""Currency:BRLPEN"")*D11"),3791.5970399999997) -> 3791.597 | G11: {=_xlfn.XLOOKUP(B11,Vendedores!$A$2:$A$41,Vendedores!$B$2:$B$41,"No hay datos")} -> No hay datos | H11: {=_xlfn.XLOOKUP(B11,Vendedores!$A$2:$A$41,Vendedores!$C$2:$C$41,"No hay datos")} -> No hay datos | I11: {=_xlfn.XLOOKUP(B11,Vendedores!$A$2:$A$41,Vendedores!$D$2:$D$41,"No hay datos")} -> No hay datos | J11: {=_xlfn.XLOOKUP(A11,Productos!$A$2:$A$61,Productos!$B$2:$F$61)} -> #N/A
A12: =IFERROR(__xludf.DUMMYFUNCTION("""COMPUTED_VALUE"""),"PR019") -> PR019 | B12: =IFERROR(__xludf.DUMMYFUNCTION("""COMPUTED_VALUE"""),"VD021") -> VD021 | C12: =IFERROR(__xludf.DUMMYFUNCTION("""COMPUTED_VALUE"""),15.0) -> 15 | D12: =IFERROR(__xludf.DUMMYFUNCTION("""COMPUTED_VALUE"""),845.81) -> 845.81 | E12: =IFERROR(__xludf.DUMMYFUNCTION("GOOGLEFINANCE(""Currency:BRLMXN"")*D12"),2873.2165699999996) -> 2873.2166 | F12: =IFERROR(__xludf.DUMMYFUNCTION("GOOGLEFINANCE(""Currency:BRLPEN"")*D12"),554.5130359999999) -> 554.51304 | G12: {=_xlfn.XLOOKUP(B12,Vendedores!$A$2:$A$41,Vendedores!$B$2:$B$41,"No hay datos")} -> No hay datos | H12: {=_xlfn.XLOOKUP(B12,Vendedores!$A$2:$A$41,Vendedores!$C$2:$C$41,"No hay datos")} -> No hay datos | I12: {=_xlfn.XLOOKUP(B12,Vendedores!$A$2:$A$41,Vendedores!$D$2:$D$41,"No hay datos")} -> No hay datos | J12: {=_xlfn.XLOOKUP(A12,Productos!$A$2:$A$61,Productos!$B$2:$F$61)} -> #N/A
A13: =IFERROR(__xludf.DUMMYFUNCTION("""COMPUTED_VALUE"""),"PR055") -> PR055 | B13: =IFERROR(__xludf.DUMMYFUNCTION("""COMPUTED_VALUE"""),"VD015") -> VD015 | C13: =IFERROR(__xludf.DUMMYFUNCTION("""COMPUTED_VALUE"""),18.0) -> 18 | D13: =IFERROR(__xludf.DUMMYFUNCTION("""COMPUTED_VALUE"""),1844.75) -> 1844.75 | E13: =IFERROR(__xludf.DUMMYFUNCTION("GOOGLEFINANCE(""Currency:BRLMXN"")*D13"),6266.61575) -> 6266.6157 | F13: =IFERROR(__xludf.DUMMYFUNCTION("GOOGLEFINANCE(""Currency:BRLPEN"")*D13"),1209.4180999999999) -> 1209.4181 | G13: {=_xlfn.XLOOKUP(B13,Vendedores!$A$2:$A$41,Vendedores!$B$2:$B$41,"No hay datos")} -> No hay datos | H13: {=_xlfn.XLOOKUP(B13,Vendedores!$A$2:$A$41,Vendedores!$C$2:$C$41,"No hay datos")} -> No hay datos | I13: {=_xlfn.XLOOKUP(B13,Vendedores!$A$2:$A$41,Vendedores!$D$2:$D$41,"No hay datos")} -> No hay datos | J13: {=_xlfn.XLOOKUP(A13,Productos!$A$2:$A$61,Productos!$B$2:$F$61)} -> #N/A
A14: =IFERROR(__xludf.DUMMYFUNCTION("""COMPUTED_VALUE"""),"PR052") -> PR052 | B14: =IFERROR(__xludf.DUMMYFUNCTION("""COMPUTED_VALUE"""),"VD012") -> VD012 | C14: =IFERROR(__xludf.DUMMYFUNCTION("""COMPUTED_VALUE"""),16.0) -> 16 | D14: =IFERROR(__xludf.DUMMYFUNCTION("""COMPUTED_VALUE"""),950.1) -> 950.1 | E14: =IFERROR(__xludf.DUMMYFUNCTION("GOOGLEFINANCE(""Currency:BRLMXN"")*D14"),3227.4897) -> 3227.4897 | F14: =IFERROR(__xludf.DUMMYFUNCTION("GOOGLEFINANCE(""Currency:BRLPEN"")*D14"),622.8855599999999) -> 622.88556 | G14: {=_xlfn.XLOOKUP(B14,Vendedores!$A$2:$A$41,Vendedores!$B$2:$B$41,"No hay datos")} -> No hay datos | H14: {=_xlfn.XLOOKUP(B14,Vendedores!$A$2:$A$41,Vendedores!$C$2:$C$41,"No hay datos")} -> No hay datos | I14: {=_xlfn.XLOOKUP(B14,Vendedores!$A$2:$A$41,Vendedores!$D$2:$D$41,"No hay datos")} -> No hay datos | J14: {=_xlfn.XLOOKUP(A14,Productos!$A$2:$A$61,Productos!$B$2:$F$61)} -> #N/A
A15: =IFERROR(__xludf.DUMMYFUNCTION("""COMPUTED_VALUE"""),"PR052") -> PR052 | B15: =IFERROR(__xludf.DUMMYFUNCTION("""COMPUTED_VALUE"""),"VD043") -> VD043 | C15: =IFERROR(__xludf.DUMMYFUNCTION("""COMPUTED_VALUE"""),9.0) -> 9 | D15: =IFERROR(__xludf.DUMMYFUNCTION("""COMPUTED_VALUE"""),511.97) -> 511.97 | E15: =IFERROR(__xludf.DUMMYFUNCTION("GOOGLEFINANCE(""Currency:BRLMXN"")*D15"),1739.16209) -> 1739.1621 | F15: =IFERROR(__xludf.DUMMYFUNCTION("GOOGLEFINANCE(""Currency:BRLPEN"")*D15"),335.647532) -> 335.64753 | G15: {=_xlfn.XLOOKUP(B15,Vendedores!$A$2:$A$41,Vendedores!$B$2:$B$41,"No hay datos")} -> No hay datos | H15: {=_xlfn.XLOOKUP(B15,Vendedores!$A$2:$A$41,Vendedores!$C$2:$C$41,"No hay datos")} -> No hay datos | I15: {=_xlfn.XLOOKUP(B15,Vendedores!$A$2:$A$41,Vendedores!$D$2:$D$41,"No hay datos")} -> No hay datos | J15: {=_xlfn.XLOOKUP(A15,Productos!$A$2:$A$61,Productos!$B$2:$F$61)} -> #N/A
A16: =IFERROR(__xludf.DUMMYFUNCTION("""COMPUTED_VALUE"""),"PR014") -> PR014 | B16: =IFERROR(__xludf.DUMMYFUNCTION("""COMPUTED_VALUE"""),"VD020") -> VD020 | C16: =IFERROR(__xludf.DUMMYFUNCTION("""COMPUTED_VALUE"""),9.0) -> 9 | D16: =IFERROR(__xludf.DUMMYFUNCTION("""COMPUTED_VALUE"""),420.15) -> 420.15 | E16: =IFERROR(__xludf.DUMMYFUNCTION("GOOGLEFINANCE(""Currency:BRLMXN"")*D16"),1427.2495499999998) -> 1427.2495 | F16: =IFERROR(__xludf.DUMMYFUNCTION("GOOGLEFINANCE(""Currency:BRLPEN"")*D16"),275.45034) -> 275.45034 | G16: {=_xlfn.XLOOKUP(B16,Vendedores!$A$2:$A$41,Vendedores!$B$2:$B$41,"No hay datos")} -> No hay datos | H16: {=_xlfn.XLOOKUP(B16,Vendedores!$A$2:$A$41,Vendedores!$C$2:$C$41,"No hay datos")} -> No hay datos | I16: {=_xlfn.XLOOKUP(B16,Vendedores!$A$2:$A$41,Vendedores!$D$2:$D$41,"No hay datos")} -> No hay datos | J16: {=_xlfn.XLOOKUP(A16,Productos!$A$2:$A$61,Productos!$B$2:$F$61)} -> #N/A
A17: =IFERROR(__xludf.DUMMYFUNCTION("""COMPUTED_VALUE"""),"PR055") -> PR055 | B17: =IFERROR(__xludf.DUMMYFUNCTION("""COMPUTED_VALUE"""),"VD019") -> VD019 | C17: =IFERROR(__xludf.DUMMYFUNCTION("""COMPUTED_VALUE"""),9.0) -> 9 | D17: =IFERROR(__xludf.DUMMYFUNCTION("""COMPUTED_VALUE"""),890.01) -> 890.01 | E17: =IFERROR(__xludf.DUMMYFUNCTION("GOOGLEFINANCE(""Currency:BRLMXN"")*D17"),3023.36397) -> 3023.364 | F17: =IFERROR(__xludf.DUMMYFUNCTION("GOOGLEFINANCE(""Currency:BRLPEN"")*D17"),583.490556) -> 583.49056 | G17: {=_xlfn.XLOOKUP(B17,Vendedores!$A$2:$A$41,Vendedores!$B$2:$B$41,"No hay datos")} -> No hay datos | H17: {=_xlfn.XLOOKUP(B17,Vendedores!$A$2:$A$41,Vendedores!$C$2:$C$41,"No hay datos")} -> No hay datos | I17: {=_xlfn.XLOOKUP(B17,Vendedores!$A$2:$A$41,Vendedores!$D$2:$D$41,"No hay datos")} -> No hay datos | J17: {=_xlfn.XLOOKUP(A17,Productos!$A$2:$A$61,Productos!$B$2:$F$61)} -> #N/A
A18: =IFERROR(__xludf.DUMMYFUNCTION("""COMPUTED_VALUE"""),"PR045") -> PR045 | B18: =IFERROR(__xludf.DUMMYFUNCTION("""COMPUTED_VALUE"""),"VD041") -> VD041 | C18: =IFERROR(__xludf.DUMMYFUNCTION("""COMPUTED_VALUE"""),14.0) -> 14 | D18: =IFERROR(__xludf.DUMMYFUNCTION("""COMPUTED_VALUE"""),1157.1) -> 1157.1 | E18: =IFERROR(__xludf.DUMMYFUNCTION("GOOGLEFINANCE(""Currency:BRLMXN"")*D18"),3930.6686999999993) -> 3930.6687 | F18: =IFERROR(__xludf.DUMMYFUNCTION("GOOGLEFINANCE(""Currency:BRLPEN"")*D18"),758.59476) -> 758.59476 | G18: {=_xlfn.XLOOKUP(B18,Vendedores!$A$2:$A$41,Vendedores!$B$2:$B$41,"No hay datos")} -> No hay datos | H18: {=_xlfn.XLOOKUP(B18,Vendedores!$A$2:$A$41,Vendedores!$C$2:$C$41,"No hay datos")} -> No hay datos | I18: {=_xlfn.XLOOKUP(B18,Vendedores!$A$2:$A$41,Vendedores!$D$2:$D$41,"No hay datos")} -> No hay datos | J18: {=_xlfn.XLOOKUP(A18,Productos!$A$2:$A$61,Productos!$B$2:$F$61)} -> #N/A
A19: =IFERROR(__xludf.DUMMYFUNCTION("""COMPUTED_VALUE"""),"PR053") -> PR053 | B19: =IFERROR(__xludf.DUMMYFUNCTION("""COMPUTED_VALUE"""),"VD013") -> VD013 | C19: =IFERROR(__xludf.DUMMYFUNCTION("""COMPUTED_VALUE"""),9.0) -> 9 | D19: =IFERROR(__xludf.DUMMYFUNCTION("""COMPUTED_VALUE"""),511.97) -> 511.97 | E19: =IFERROR(__xludf.DUMMYFUNCTION("GOOGLEFINANCE(""Currency:BRLMXN"")*D19"),1739.16209) -> 1739.1621 | F19: =IFERROR(__xludf.DUMMYFUNCTION("GOOGLEFINANCE(""Currency:BRLPEN"")*D19"),335.647532) -> 335.64753 | G19: {=_xlfn.XLOOKUP(B19,Vendedores!$A$2:$A$41,Vendedores!$B$2:$B$41,"No hay datos")} -> No hay datos | H19: {=_xlfn.XLOOKUP(B19,Vendedores!$A$2:$A$41,Vendedores!$C$2:$C$41,"No hay datos")} -> No hay datos | I19: {=_xlfn.XLOOKUP(B19,Vendedores!$A$2:$A$41,Vendedores!$D$2:$D$41,"No hay datos")} -> No hay datos | J19: {=_xlfn.XLOOKUP(A19,Productos!$A$2:$A$61,Productos!$B$2:$F$61)} -> #N/A
A20: =IFERROR(__xludf.DUMMYFUNCTION("""COMPUTED_VALUE"""),"PR054") -> PR054 | B20: =IFERROR(__xludf.DUMMYFUNCTION("""COMPUTED_VALUE"""),"VD028") -> VD028 | C20: =IFERROR(__xludf.DUMMYFUNCTION("""COMPUTED_VALUE"""),9.0) -> 9 | D20: =IFERROR(__xludf.DUMMYFUNCTION("""COMPUTED_VALUE"""),538.92) -> 538.92 | E20: =IFERROR(__xludf.DUMMYFUNCTION("GOOGLEFINANCE(""Currency:BRLMXN"")*D20"),1830.7112399999999) -> 1830.7112 | F20: =IFERROR(__xludf.DUMMYFUNCTION("GOOGLEFINANCE(""Currency:BRLPEN"")*D20"),353.3159519999999) -> 353.31595 | G20: {=_xlfn.XLOOKUP(B20,Vendedores!$A$2:$A$41,Vendedores!$B$2:$B$41,"No hay datos")} -> No hay datos | H20: {=_xlfn.XLOOKUP(B20,Vendedores!$A$2:$A$41,Vendedores!$C$2:$C$41,"No hay datos")} -> No hay datos | I20: {=_xlfn.XLOOKUP(B20,Vendedores!$A$2:$A$41,Vendedores!$D$2:$D$41,"No hay datos")} -> No hay datos | J20: {=_xlfn.XLOOKUP(A20,Productos!$A$2:$A$61,Productos!$B$2:$F$61)} -> #N/A
A21: =IFERROR(__xludf.DUMMYFUNCTION("""COMPUTED_VALUE"""),"PR020") -> PR020 | B21: =IFERROR(__xludf.DUMMYFUNCTION("""COMPUTED_VALUE"""),"VD047") -> VD047 | C21: =IFERROR(__xludf.DUMMYFUNCTION("""COMPUTED_VALUE"""),27.0) -> 27 | D21: =IFERROR(__xludf.DUMMYFUNCTION("""COMPUTED_VALUE"""),8907.03) -> 8907.03 | E21: =IFERROR(__xludf.DUMMYFUNCTION("GOOGLEFINANCE(""Currency:BRLMXN"")*D21"),30257.18091) -> 30257.181 | F21: =IFERROR(__xludf.DUMMYFUNCTION("GOOGLEFINANCE(""Currency:BRLPEN"")*D21"),5839.448868) -> 5839.4489 | G21: {=_xlfn.XLOOKUP(B21,Vendedores!$A$2:$A$41,Vendedores!$B$2:$B$41,"No hay datos")} -> No hay datos | H21: {=_xlfn.XLOOKUP(B21,Vendedores!$A$2:$A$41,Vendedores!$C$2:$C$41,"No hay datos")} -> No hay datos | I21: {=_xlfn.XLOOKUP(B21,Vendedores!$A$2:$A$41,Vendedores!$D$2:$D$41,"No hay datos")} -> No hay datos | J21: {=_xlfn.XLOOKUP(A21,Productos!$A$2:$A$61,Productos!$B$2:$F$61)} -> #N/A
A22: =IFERROR(__xludf.DUMMYFUNCTION("""COMPUTED_VALUE"""),"PR047") -> PR047 | B22: =IFERROR(__xludf.DUMMYFUNCTION("""COMPUTED_VALUE"""),"VD017") -> VD017 | C22: =IFERROR(__xludf.DUMMYFUNCTION("""COMPUTED_VALUE"""),12.0) -> 12 | D22: =IFERROR(__xludf.DUMMYFUNCTION("""COMPUTED_VALUE"""),4174.56) -> 4174.56 | E22: =IFERROR(__xludf.DUMMYFUNCTION("GOOGLEFINANCE(""Currency:BRLMXN"")*D22"),14180.98032) -> 14180.98 | F22: =IFERROR(__xludf.DUMMYFUNCTION("GOOGLEFINANCE(""Currency:BRLPEN"")*D22"),2736.841536) -> 2736.8415 | G22: {=_xlfn.XLOOKUP(B22,Vendedores!$A$2:$A$41,Vendedores!$B$2:$B$41,"No hay datos")} -> No hay datos | H22: {=_xlfn.XLOOKUP(B22,Vendedores!$A$2:$A$41,Vendedores!$C$2:$C$41,"No hay datos")} -> No hay datos | I22: {=_xlfn.XLOOKUP(B22,Vendedores!$A$2:$A$41,Vendedores!$D$2:$D$41,"No hay datos")} -> No hay datos | J22: {=_xlfn.XLOOKUP(A22,Productos!$A$2:$A$61,Productos!$B$2:$F$61)} -> #N/A
A23: =IFERROR(__xludf.DUMMYFUNCTION("""COMPUTED_VALUE"""),"PR047") -> PR047 | B23: =IFERROR(__xludf.DUMMYFUNCTION("""COMPUTED_VALUE"""),"VD040") -> VD040 | C23: =IFERROR(__xludf.DUMMYFUNCTION("""COMPUTED_VALUE"""),15.0) -> 15 | D23: =IFERROR(__xludf.DUMMYFUNCTION("""COMPUTED_VALUE"""),4826.84) -> 4826.84 | E23: =IFERROR(__xludf.DUMMYFUNCTION("GOOGLEFINANCE(""Currency:BRLMXN"")*D23"),16396.77548) -> 16396.775 | F23: =IFERROR(__xludf.DUMMYFUNCTION("GOOGLEFINANCE(""Currency:BRLPEN"")*D23"),3164.476304) -> 3164.4763 | G23: {=_xlfn.XLOOKUP(B23,Vendedores!$A$2:$A$41,Vendedores!$B$2:$B$41,"No hay datos")} -> No hay datos | H23: {=_xlfn.XLOOKUP(B23,Vendedores!$A$2:$A$41,Vendedores!$C$2:$C$41,"No hay datos")} -> No hay datos | I23: {=_xlfn.XLOOKUP(B23,Vendedores!$A$2:$A$41,Vendedores!$D$2:$D$41,"No hay datos")} -> No hay datos | J23: {=_xlfn.XLOOKUP(A23,Productos!$A$2:$A$61,Productos!$B$2:$F$61)} -> #N/A
A24: =IFERROR(__xludf.DUMMYFUNCTION("""COMPUTED_VALUE"""),"PR003") -> PR003 | B24: =IFERROR(__xludf.DUMMYFUNCTION("""COMPUTED_VALUE"""),"VD033") -> VD033 | C24: =IFERROR(__xludf.DUMMYFUNCTION("""COMPUTED_VALUE"""),8.0) -> 8 | D24: =IFERROR(__xludf.DUMMYFUNCTION("""COMPUTED_VALUE"""),629.59) -> 629.59 | E24: =IFERROR(__xludf.DUMMYFUNCTION("GOOGLEFINANCE(""Currency:BRLMXN"")*D24"),2138.71723) -> 2138.7172 | F24: =IFERROR(__xludf.DUMMYFUNCTION("GOOGLEFINANCE(""Currency:BRLPEN"")*D24"),412.759204) -> 412.7592 | G24: {=_xlfn.XLOOKUP(B24,Vendedores!$A$2:$A$41,Vendedores!$B$2:$B$41,"No hay datos")} -> No hay datos | H24: {=_xlfn.XLOOKUP(B24,Vendedores!$A$2:$A$41,Vendedores!$C$2:$C$41,"No hay datos")} -> No hay datos | I24: {=_xlfn.XLOOKUP(B24,Vendedores!$A$2:$A$41,Vendedores!$D$2:$D$41,"No hay datos")} -> No hay datos | J24: {=_xlfn.XLOOKUP(A24,Productos!$A$2:$A$61,Productos!$B$2:$F$61)} -> #N/A
A25: =IFERROR(__xludf.DUMMYFUNCTION("""COMPUTED_VALUE"""),"PR058") -> PR058 | B25: =IFERROR(__xludf.DUMMYFUNCTION("""COMPUTED_VALUE"""),"VD014") -> VD014 | C25: =IFERROR(__xludf.DUMMYFUNCTION("""COMPUTED_VALUE"""),21.0) -> 21 | D25: =IFERROR(__xludf.DUMMYFUNCTION("""COMPUTED_VALUE"""),4536.0) -> 4536 | E25: =IFERROR(__xludf.DUMMYFUNCTION("GOOGLEFINANCE(""Currency:BRLMXN"")*D25"),15408.792) -> 15408.792 | F25: =IFERROR(__xludf.DUMMYFUNCTION("GOOGLEFINANCE(""Currency:BRLPEN"")*D25"),2973.8016) -> 2973.8016 | G25: {=_xlfn.XLOOKUP(B25,Vendedores!$A$2:$A$41,Vendedores!$B$2:$B$41,"No hay datos")} -> No hay datos | H25: {=_xlfn.XLOOKUP(B25,Vendedores!$A$2:$A$41,Vendedores!$C$2:$C$41,"No hay datos")} -> No hay datos | I25: {=_xlfn.XLOOKUP(B25,Vendedores!$A$2:$A$41,Vendedores!$D$2:$D$41,"No hay datos")} -> No hay datos | J25: {=_xlfn.XLOOKUP(A25,Productos!$A$2:$A$61,Productos!$B$2:$F$61)} -> #N/A
A26: =IFERROR(__xludf.DUMMYFUNCTION("""COMPUTED_VALUE"""),"PR049") -> PR049 | B26: =IFERROR(__xludf.DUMMYFUNCTION("""COMPUTED_VALUE"""),"VD029") -> VD029 | C26: =IFERROR(__xludf.DUMMYFUNCTION("""COMPUTED_VALUE"""),12.0) -> 12 | D26: =IFERROR(__xludf.DUMMYFUNCTION("""COMPUTED_VALUE"""),473.76) -> 473.76 | E26: =IFERROR(__xludf.DUMMYFUNCTION("GOOGLEFINANCE(""Currency:BRLMXN"")*D26"),1609.3627199999999) -> 1609.3627 | F26: =IFERROR(__xludf.DUMMYFUNCTION("GOOGLEFINANCE(""Currency:BRLPEN"")*D26"),310.59705599999995) -> 310.59706 | G26: {=_xlfn.XLOOKUP(B26,Vendedores!$A$2:$A$41,Vendedores!$B$2:$B$41,"No hay datos")} -> No hay datos | H26: {=_xlfn.XLOOKUP(B26,Vendedores!$A$2:$A$41,Vendedores!$C$2:$C$41,"No hay datos")} -> No hay datos | I26: {=_xlfn.XLOOKUP(B26,Vendedores!$A$2:$A$41,Vendedores!$D$2:$D$41,"No hay datos")} -> No hay datos | J26: {=_xlfn.XLOOKUP(A26,Productos!$A$2:$A$61,Productos!$B$2:$F$61)} -> #N/A
A27: =IFERROR(__xludf.DUMMYFUNCTION("""COMPUTED_VALUE"""),"PR035") -> PR035 | B27: =IFERROR(__xludf.DUMMYFUNCTION("""COMPUTED_VALUE"""),"VD010") -> VD010 | C27: =IFERROR(__xludf.DUMMYFUNCTION("""COMPUTED_VALUE"""),27.0) -> 27 | D27: =IFERROR(__xludf.DUMMYFUNCTION("""COMPUTED_VALUE"""),2763.94) -> 2763.94 | E27: =IFERROR(__xludf.DUMMYFUNCTION("GOOGLEFINANCE(""Currency:BRLMXN"")*D27"),9389.10418) -> 9389.1042 | F27: =IFERROR(__xludf.DUMMYFUNCTION("GOOGLEFINANCE(""Currency:BRLPEN"")*D27"),1812.0390639999998) -> 1812.0391 | G27: {=_xlfn.XLOOKUP(B27,Vendedores!$A$2:$A$41,Vendedores!$B$2:$B$41,"No hay datos")} -> No hay datos | H27: {=_xlfn.XLOOKUP(B27,Vendedores!$A$2:$A$41,Vendedores!$C$2:$C$41,"No hay datos")} -> No hay datos | I27: {=_xlfn.XLOOKUP(B27,Vendedores!$A$2:$A$41,Vendedores!$D$2:$D$41,"No hay datos")} -> No hay datos | J27: {=_xlfn.XLOOKUP(A27,Productos!$A$2:$A$61,Productos!$B$2:$F$61)} -> #N/A
A28: =IFERROR(__xludf.DUMMYFUNCTION("""COMPUTED_VALUE"""),"PR003") -> PR003 | B28: =IFERROR(__xludf.DUMMYFUNCTION("""COMPUTED_VALUE"""),"VD024") -> VD024 | C28: =IFERROR(__xludf.DUMMYFUNCTION("""COMPUTED_VALUE"""),18.0) -> 18 | D28: =IFERROR(__xludf.DUMMYFUNCTION("""COMPUTED_VALUE"""),1480.39) -> 1480.39 | E28: =IFERROR(__xludf.DUMMYFUNCTION("GOOGLEFINANCE(""Currency:BRLMXN"")*D28"),5028.88483) -> 5028.8848 | F28: =IFERROR(__xludf.DUMMYFUNCTION("GOOGLEFINANCE(""Currency:BRLPEN"")*D28"),970.543684) -> 970.54368 | G28: {=_xlfn.XLOOKUP(B28,Vendedores!$A$2:$A$41,Vendedores!$B$2:$B$41,"No hay datos")} -> No hay datos | H28: {=_xlfn.XLOOKUP(B28,Vendedores!$A$2:$A$41,Vendedores!$C$2:$C$41,"No hay datos")} -> No hay datos | I28: {=_xlfn.XLOOKUP(B28,Vendedores!$A$2:$A$41,Vendedores!$D$2:$D$41,"No hay datos")} -> No hay datos | J28: {=_xlfn.XLOOKUP(A28,Productos!$A$2:$A$61,Productos!$B$2:$F$61)} -> #N/A
A29: =IFERROR(__xludf.DUMMYFUNCTION("""COMPUTED_VALUE"""),"PR006") -> PR006 | B29: =IFERROR(__xludf.DUMMYFUNCTION("""COMPUTED_VALUE"""),"VD021") -> VD021 | C29: =IFERROR(__xludf.DUMMYFUNCTION("""COMPUTED_VALUE"""),27.0) -> 27 | D29: =IFERROR(__xludf.DUMMYFUNCTION("""COMPUTED_VALUE"""),1249.67) -> 1249.67 | E29: =IFERROR(__xludf.DUMMYFUNCTION("GOOGLEFINANCE(""Currency:BRLMXN"")*D29"),4245.12899) -> 4245.129 | F29: =IFERROR(__xludf.DUMMYFUNCTION("GOOGLEFINANCE(""Currency:BRLPEN"")*D29"),819.283652) -> 819.28365 | G29: {=_xlfn.XLOOKUP(B29,Vendedores!$A$2:$A$41,Vendedores!$B$2:$B$41,"No hay datos")} -> No hay datos | H29: {=_xlfn.XLOOKUP(B29,Vendedores!$A$2:$A$41,Vendedores!$C$2:$C$41,"No hay datos")} -> No hay datos | I29: {=_xlfn.XLOOKUP(B29,Vendedores!$A$2:$A$41,Vendedores!$D$2:$D$41,"No hay datos")} -> No hay datos | J29: {=_xlfn.XLOOKUP(A29,Productos!$A$2:$A$61,Productos!$B$2:$F$61)} -> #N/A
A30: =IFERROR(__xludf.DUMMYFUNCTION("""COMPUTED_VALUE"""),"PR002") -> PR002 | B30: =IFERROR(__xludf.DUMMYFUNCTION("""COMPUTED_VALUE"""),"VD040") -> VD040 | C30: =IFERROR(__xludf.DUMMYFUNCTION("""COMPUTED_VALUE"""),24.0) -> 24 | D30: =IFERROR(__xludf.DUMMYFUNCTION("""COMPUTED_VALUE"""),1996.34) -> 1996.34 | E30: =IFERROR(__xludf.DUMMYFUNCTION("GOOGLEFINANCE(""Currency:BRLMXN"")*D30"),6781.56698) -> 6781.567 | F30: =IFERROR(__xludf.DUMMYFUNCTION("GOOGLEFINANCE(""Currency:BRLPEN"")*D30"),1308.8005039999998) -> 1308.8005 | G30: {=_xlfn.XLOOKUP(B30,Vendedores!$A$2:$A$41,Vendedores!$B$2:$B$41,"No hay datos")} -> No hay datos | H30: {=_xlfn.XLOOKUP(B30,Vendedores!$A$2:$A$41,Vendedores!$C$2:$C$41,"No hay datos")} -> No hay datos | I30: {=_xlfn.XLOOKUP(B30,Vendedores!$A$2:$A$41,Vendedores!$D$2:$D$41,"No hay datos")} -> No hay datos | J30: {=_xlfn.XLOOKUP(A30,Productos!$A$2:$A$61,Productos!$B$2:$F$61)} -> #N/A
A31: =IFERROR(__xludf.DUMMYFUNCTION("""COMPUTED_VALUE"""),"PR038") -> PR038 | B31: =IFERROR(__xludf.DUMMYFUNCTION("""COMPUTED_VALUE"""),"VD016") -> VD016 | C31: =IFERROR(__xludf.DUMMYFUNCTION("""COMPUTED_VALUE"""),12.0) -> 12 | D31: =IFERROR(__xludf.DUMMYFUNCTION("""COMPUTED_VALUE"""),1972.02) -> 1972.02 | E31: =IFERROR(__xludf.DUMMYFUNCTION("GOOGLEFINANCE(""Currency:BRLMXN"")*D31"),6698.95194) -> 6698.9519 | F31: =IFERROR(__xludf.DUMMYFUNCTION("GOOGLEFINANCE(""Currency:BRLPEN"")*D31"),1292.856312) -> 1292.8563 | G31: {=_xlfn.XLOOKUP(B31,Vendedores!$A$2:$A$41,Vendedores!$B$2:$B$41,"No hay datos")} -> No hay datos | H31: {=_xlfn.XLOOKUP(B31,Vendedores!$A$2:$A$41,Vendedores!$C$2:$C$41,"No hay datos")} -> No hay datos | I31: {=_xlfn.XLOOKUP(B31,Vendedores!$A$2:$A$41,Vendedores!$D$2:$D$41,"No hay datos")} -> No hay datos | J31: {=_xlfn.XLOOKUP(A31,Productos!$A$2:$A$61,Productos!$B$2:$F$61)} -> #N/A
A32: =IFERROR(__xludf.DUMMYFUNCTION("""COMPUTED_VALUE"""),"PR027") -> PR027 | B32: =IFERROR(__xludf.DUMMYFUNCTION("""COMPUTED_VALUE"""),"VD035") -> VD035 | C32: =IFERROR(__xludf.DUMMYFUNCTION("""COMPUTED_VALUE"""),30.0) -> 30 | D32: =IFERROR(__xludf.DUMMYFUNCTION("""COMPUTED_VALUE"""),3996.0) -> 3996 | E32: =IFERROR(__xludf.DUMMYFUNCTION("GOOGLEFINANCE(""Currency:BRLMXN"")*D32"),13574.411999999998) -> 13574.412 | F32: =IFERROR(__xludf.DUMMYFUNCTION("GOOGLEFINANCE(""Currency:BRLPEN"")*D32"),2619.7776) -> 2619.7776 | G32: {=_xlfn.XLOOKUP(B32,Vendedores!$A$2:$A$41,Vendedores!$B$2:$B$41,"No hay datos")} -> No hay datos | H32: {=_xlfn.XLOOKUP(B32,Vendedores!$A$2:$A$41,Vendedores!$C$2:$C$41,"No hay datos")} -> No hay datos | I32: {=_xlfn.XLOOKUP(B32,Vendedores!$A$2:$A$41,Vendedores!$D$2:$D$41,"No hay datos")} -> No hay datos | J32: {=_xlfn.XLOOKUP(A32,Productos!$A$2:$A$61,Productos!$B$2:$F$61)} -> #N/A
A33: =IFERROR(__xludf.DUMMYFUNCTION("""COMPUTED_VALUE"""),"PR059") -> PR059 | B33: =IFERROR(__xludf.DUMMYFUNCTION("""COMPUTED_VALUE"""),"VD049") -> VD049 | C33: =IFERROR(__xludf.DUMMYFUNCTION("""COMPUTED_VALUE"""),12.0) -> 12 | D33: =IFERROR(__xludf.DUMMYFUNCTION("""COMPUTED_VALUE"""),2419.2) -> 2419.2 | E33: =IFERROR(__xludf.DUMMYFUNCTION("GOOGLEFINANCE(""Currency:BRLMXN"")*D33"),8218.022399999998) -> 8218.0224 | F33: =IFERROR(__xludf.DUMMYFUNCTION("GOOGLEFINANCE(""Currency:BRLPEN"")*D33"),1586.0275199999999) -> 1586.0275 | G33: {=_xlfn.XLOOKUP(B33,Vendedores!$A$2:$A$41,Vendedores!$B$2:$B$41,"No hay datos")} -> No hay datos | H33: {=_xlfn.XLOOKUP(B33,Vendedores!$A$2:$A$41,Vendedores!$C$2:$C$41,"No hay datos")} -> No hay datos | I33: {=_xlfn.XLOOKUP(B33,Vendedores!$A$2:$A$41,Vendedores!$D$2:$D$41,"No hay datos")} -> No hay datos | J33: {=_xlfn.XLOOKUP(A33,Productos!$A$2:$A$61,Productos!$B$2:$F$61)} -> #N/A
A34: =IFERROR(__xludf.DUMMYFUNCTION("""COMPUTED_VALUE"""),"PR035") -> PR035 | B34: =IFERROR(__xludf.DUMMYFUNCTION("""COMPUTED_VALUE"""),"VD019") -> VD019 | C34: =IFERROR(__xludf.DUMMYFUNCTION("""COMPUTED_VALUE"""),21.0) -> 21 | D34: =IFERROR(__xludf.DUMMYFUNCTION("""COMPUTED_VALUE"""),2207.31) -> 2207.31 | E34: =IFERROR(__xludf.DUMMYFUNCTION("GOOGLEFINANCE(""Currency:BRLMXN"")*D34"),7498.232069999999) -> 7498.2321 | F34: =IFERROR(__xludf.DUMMYFUNCTION("GOOGLEFINANCE(""Currency:BRLPEN"")*D34"),1447.112436) -> 1447.1124 | G34: {=_xlfn.XLOOKUP(B34,Vendedores!$A$2:$A$41,Vendedores!$B$2:$B$41,"No hay datos")} -> No hay datos | H34: {=_xlfn.XLOOKUP(B34,Vendedores!$A$2:$A$41,Vendedores!$C$2:$C$41,"No hay datos")} -> No hay datos | I34: {=_xlfn.XLOOKUP(B34,Vendedores!$A$2:$A$41,Vendedores!$D$2:$D$41,"No hay datos")} -> No hay datos | J34: {=_xlfn.XLOOKUP(A34,Productos!$A$2:$A$61,Productos!$B$2:$F$61)} -> #N/A
A35: =IFERROR(__xludf.DUMMYFUNCTION("""COMPUTED_VALUE"""),"PR028") -> PR028 | B35: =IFERROR(__xludf.DUMMYFUNCTION("""COMPUTED_VALUE"""),"VD011") -> VD011 | C35: =IFERROR(__xludf.DUMMYFUNCTION("""COMPUTED_VALUE"""),16.0) -> 16 | D35: =IFERROR(__xludf.DUMMYFUNCTION("""COMPUTED_VALUE"""),4718.11) -> 4718.11 | E35: =IFERROR(__xludf.DUMMYFUNCTION("GOOGLEFINANCE(""Currency:BRLMXN"")*D35"),16027.419669999997) -> 16027.42 | F35: =IFERROR(__xludf.DUMMYFUNCTION("GOOGLEFINANCE(""Currency:BRLPEN"")*D35"),3093.1929159999995) -> 3093.1929 | G35: {=_xlfn.XLOOKUP(B35,Vendedores!$A$2:$A$41,Vendedores!$B$2:$B$41,"No hay datos")} -> No hay datos | H35: {=_xlfn.XLOOKUP(B35,Vendedores!$A$2:$A$41,Vendedores!$C$2:$C$41,"No hay datos")} -> No hay datos | I35: {=_xlfn.XLOOKUP(B35,Vendedores!$A$2:$A$41,Vendedores!$D$2:$D$41,"No hay datos")} -> No hay datos | J35: {=_xlfn.XLOOKUP(A35,Productos!$A$2:$A$61,Productos!$B$2:$F$61)} -> #N/A
A36: =IFERROR(__xludf.DUMMYFUNCTION("""COMPUTED_VALUE"""),"PR018") -> PR018 | B36: =IFERROR(__xludf.DUMMYFUNCTION("""COMPUTED_VALUE"""),"VD016") -> VD016 | C36: =IFERROR(__xludf.DUMMYFUNCTION("""COMPUTED_VALUE"""),10.0) -> 10 | D36: =IFERROR(__xludf.DUMMYFUNCTION("""COMPUTED_VALUE"""),378.35) -> 378.35 | E36: =IFERROR(__xludf.DUMMYFUNCTION("GOOGLEFINANCE(""Currency:BRLMXN"")*D36"),1285.25495) -> 1285.255 | F36: =IFERROR(__xludf.DUMMYFUNCTION("GOOGLEFINANCE(""Currency:BRLPEN"")*D36"),248.04626) -> 248.04626 | G36: {=_xlfn.XLOOKUP(B36,Vendedores!$A$2:$A$41,Vendedores!$B$2:$B$41,"No hay datos")} -> No hay datos | H36: {=_xlfn.XLOOKUP(B36,Vendedores!$A$2:$A$41,Vendedores!$C$2:$C$41,"No hay datos")} -> No hay datos | I36: {=_xlfn.XLOOKUP(B36,Vendedores!$A$2:$A$41,Vendedores!$D$2:$D$41,"No hay datos")} -> No hay datos | J36: {=_xlfn.XLOOKUP(A36,Productos!$A$2:$A$61,Productos!$B$2:$F$61)} -> #N/A
A37: =IFERROR(__xludf.DUMMYFUNCTION("""COMPUTED_VALUE"""),"PR035") -> PR035 | B37: =IFERROR(__xludf.DUMMYFUNCTION("""COMPUTED_VALUE"""),"VD018") -> VD018 | C37: =IFERROR(__xludf.DUMMYFUNCTION("""COMPUTED_VALUE"""),28.0) -> 28 | D37: =IFERROR(__xludf.DUMMYFUNCTION("""COMPUTED_VALUE"""),2149.73) -> 2149.73 | E37: =IFERROR(__xludf.DUMMYFUNCTION("GOOGLEFINANCE(""Currency:BRLMXN"")*D37"),7302.63281) -> 7302.6328 | F37: =IFERROR(__xludf.DUMMYFUNCTION("GOOGLEFINANCE(""Currency:BRLPEN"")*D37"),1409.3629879999999) -> 1409.363 | G37: {=_xlfn.XLOOKUP(B37,Vendedores!$A$2:$A$41,Vendedores!$B$2:$B$41,"No hay datos")} -> No hay datos | H37: {=_xlfn.XLOOKUP(B37,Vendedores!$A$2:$A$41,Vendedores!$C$2:$C$41,"No hay datos")} -> No hay datos | I37: {=_xlfn.XLOOKUP(B37,Vendedores!$A$2:$A$41,Vendedores!$D$2:$D$41,"No hay datos")} -> No hay datos | J37: {=_xlfn.XLOOKUP(A37,Productos!$A$2:$A$61,Productos!$B$2:$F$61)} -> #N/A
A38: =IFERROR(__xludf.DUMMYFUNCTION("""COMPUTED_VALUE"""),"PR057") -> PR057 | B38: =IFERROR(__xludf.DUMMYFUNCTION("""COMPUTED_VALUE"""),"VD034") -> VD034 | C38: =IFERROR(__xludf.DUMMYFUNCTION("""COMPUTED_VALUE"""),9.0) -> 9 | D38: =IFERROR(__xludf.DUMMYFUNCTION("""COMPUTED_VALUE"""),906.19) -> 906.19 | E38: =IFERROR(__xludf.DUMMYFUNCTION("GOOGLEFINANCE(""Currency:BRLMXN"")*D38"),3078.32743) -> 3078.3274 | F38: =IFERROR(__xludf.DUMMYFUNCTION("GOOGLEFINANCE(""Currency:BRLPEN"")*D38"),594.098164) -> 594.09816 | G38: {=_xlfn.XLOOKUP(B38,Vendedores!$A$2:$A$41,Vendedores!$B$2:$B$41,"No hay datos")} -> No hay datos | H38: {=_xlfn.XLOOKUP(B38,Vendedores!$A$2:$A$41,Vendedores!$C$2:$C$41,"No hay datos")} -> No hay datos | I38: {=_xlfn.XLOOKUP(B38,Vendedores!$A$2:$A$41,Vendedores!$D$2:$D$41,"No hay datos")} -> No hay datos | J38: {=_xlfn.XLOOKUP(A38,Productos!$A$2:$A$61,Productos!$B$2:$F$61)} -> #N/A
A39: =IFERROR(__xludf.DUMMYFUNCTION("""COMPUTED_VALUE"""),"PR004") -> PR004 | B39: =IFERROR(__xludf.DUMMYFUNCTION("""COMPUTED_VALUE"""),"VD024") -> VD024 | C39: =IFERROR(__xludf.DUMMYFUNCTION("""COMPUTED_VALUE"""),15.0) -> 15 | D39: =IFERROR(__xludf.DUMMYFUNCTION("""COMPUTED_VALUE"""),2610.0) -> 2610 | E39: =IFERROR(__xludf.DUMMYFUNCTION("GOOGLEFINANCE(""Currency:BRLMXN"")*D39"),8866.17) -> 8866.17 | F39: =IFERROR(__xludf.DUMMYFUNCTION("GOOGLEFINANCE(""Currency:BRLPEN"")*D39"),1711.116) -> 1711.116 | G39: {=_xlfn.XLOOKUP(B39,Vendedores!$A$2:$A$41,Vendedores!$B$2:$B$41,"No hay datos")} -> No hay datos | H39: {=_xlfn.XLOOKUP(B39,Vendedores!$A$2:$A$41,Vendedores!$C$2:$C$41,"No hay datos")} -> No hay datos | I39: {=_xlfn.XLOOKUP(B39,Vendedores!$A$2:$A$41,Vendedores!$D$2:$D$41,"No hay datos")} -> No hay datos | J39: {=_xlfn.XLOOKUP(A39,Productos!$A$2:$A$61,Productos!$B$2:$F$61)} -> #N/A
A40: =IFERROR(__xludf.DUMMYFUNCTION("""COMPUTED_VALUE"""),"PR014") -> PR014 | B40: =IFERROR(__xludf.DUMMYFUNCTION("""COMPUTED_VALUE"""),"VD011") -> VD011 | C40: =IFERROR(__xludf.DUMMYFUNCTION("""COMPUTED_VALUE"""),12.0) -> 12 | D40: =IFERROR(__xludf.DUMMYFUNCTION("""COMPUTED_VALUE"""),560.2) -> 560.2 | E40: =IFERROR(__xludf.DUMMYFUNCTION("GOOGLEFINANCE(""Currency:BRLMXN"")*D40"),1902.9994000000002) -> 1902.9994 | F40: =IFERROR(__xludf.DUMMYFUNCTION("GOOGLEFINANCE(""Currency:BRLPEN"")*D40"),367.26712000000003) -> 367.26712 | G40: {=_xlfn.XLOOKUP(B40,Vendedores!$A$2:$A$41,Vendedores!$B$2:$B$41,"No hay datos")} -> No hay datos | H40: {=_xlfn.XLOOKUP(B40,Vendedores!$A$2:$A$41,Vendedores!$C$2:$C$41,"No hay datos")} -> No hay datos | I40: {=_xlfn.XLOOKUP(B40,Vendedores!$A$2:$A$41,Vendedores!$D$2:$D$41,"No hay datos")} -> No hay datos | J40: {=_xlfn.XLOOKUP(A40,Productos!$A$2:$A$61,Productos!$B$2:$F$61)} -> #N/A
A41: =IFERROR(__xludf.DUMMYFUNCTION("""COMPUTED_VALUE"""),"PR027") -> PR027 | B41: =IFERROR(__xludf.DUMMYFUNCTION("""COMPUTED_VALUE"""),"VD018") -> VD018 | C41: =IFERROR(__xludf.DUMMYFUNCTION("""COMPUTED_VALUE"""),27.0) -> 27 | D41: =IFERROR(__xludf.DUMMYFUNCTION("""COMPUTED_VALUE"""),3888.0) -> 3888 | E41: =IFERROR(__xludf.DUMMYFUNCTION("GOOGLEFINANCE(""Currency:BRLMXN"")*D41"),13207.536) -> 13207.536 | F41: =IFERROR(__xludf.DUMMYFUNCTION("GOOGLEFINANCE(""Currency:BRLPEN"")*D41"),2548.9728) -> 2548.9728 | G41: {=_xlfn.XLOOKUP(B41,Vendedores!$A$2:$A$41,Vendedores!$B$2:$B$41,"No hay datos")} -> No hay datos | H41: {=_xlfn.XLOOKUP(B41,Vendedores!$A$2:$A$41,Vendedores!$C$2:$C$41,"No hay datos")} -> No hay datos | I41: {=_xlfn.XLOOKUP(B41,Vendedores!$A$2:$A$41,Vendedores!$D$2:$D$41,"No hay datos")} -> No hay datos | J41: {=_xlfn.XLOOKUP(A41,Productos!$A$2:$A$61,Productos!$B$2:$F$61)} -> #N/A
A42: =IFERROR(__xludf.DUMMYFUNCTION("""COMPUTED_VALUE"""),"PR032") -> PR032 | B42: =IFERROR(__xludf.DUMMYFUNCTION("""COMPUTED_VALUE"""),"VD011") -> VD011 | C42: =IFERROR(__xludf.DUMMYFUNCTION("""COMPUTED_VALUE"""),24.0) -> 24 | D42: =IFERROR(__xludf.DUMMYFUNCTION("""COMPUTED_VALUE"""),6600.0) -> 6600 | E42: =IFERROR(__xludf.DUMMYFUNCTION("GOOGLEFINANCE(""Currency:BRLMXN"")*D42"),22420.199999999997) -> 22420.2 | F42: =IFERROR(__xludf.DUMMYFUNCTION("GOOGLEFINANCE(""Currency:BRLPEN"")*D42"),4326.96) -> 4326.96 | G42: {=_xlfn.XLOOKUP(B42,Vendedores!$A$2:$A$41,Vendedores!$B$2:$B$41,"No hay datos")} -> No hay datos | H42: {=_xlfn.XLOOKUP(B42,Vendedores!$A$2:$A$41,Vendedores!$C$2:$C$41,"No hay datos")} -> No hay datos | I42: {=_xlfn.XLOOKUP(B42,Vendedores!$A$2:$A$41,Vendedores!$D$2:$D$41,"No hay datos")} -> No hay datos | J42: {=_xlfn.XLOOKUP(A42,Productos!$A$2:$A$61,Productos!$B$2:$F$61)} -> #N/A
A43: =IFERROR(__xludf.DUMMYFUNCTION("""COMPUTED_VALUE"""),"PR006") -> PR006 | B43: =IFERROR(__xludf.DUMMYFUNCTION("""COMPUTED_VALUE"""),"VD015") -> VD015 | C43: =IFERROR(__xludf.DUMMYFUNCTION("""COMPUTED_VALUE"""),27.0) -> 27 | D43: =IFERROR(__xludf.DUMMYFUNCTION("""COMPUTED_VALUE"""),1260.44) -> 1260.44 | E43: =IFERROR(__xludf.DUMMYFUNCTION("GOOGLEFINANCE(""Currency:BRLMXN"")*D43"),4281.71468) -> 4281.7147 | F43: =IFERROR(__xludf.DUMMYFUNCTION("GOOGLEFINANCE(""Currency:BRLPEN"")*D43"),826.344464) -> 826.34446 | G43: {=_xlfn.XLOOKUP(B43,Vendedores!$A$2:$A$41,Vendedores!$B$2:$B$41,"No hay datos")} -> No hay datos | H43: {=_xlfn.XLOOKUP(B43,Vendedores!$A$2:$A$41,Vendedores!$C$2:$C$41,"No hay datos")} -> No hay datos | I43: {=_xlfn.XLOOKUP(B43,Vendedores!$A$2:$A$41,Vendedores!$D$2:$D$41,"No hay datos")} -> No hay datos | J43: {=_xlfn.XLOOKUP(A43,Productos!$A$2:$A$61,Productos!$B$2:$F$61)} -> #N/A
A44: =IFERROR(__xludf.DUMMYFUNCTION("""COMPUTED_VALUE"""),"PR028") -> PR028 | B44: =IFERROR(__xludf.DUMMYFUNCTION("""COMPUTED_VALUE"""),"VD048") -> VD048 | C44: =IFERROR(__xludf.DUMMYFUNCTION("""COMPUTED_VALUE"""),20.0) -> 20 | D44: =IFERROR(__xludf.DUMMYFUNCTION("""COMPUTED_VALUE"""),5597.76) -> 5597.76 | E44: =IFERROR(__xludf.DUMMYFUNCTION("GOOGLEFINANCE(""Currency:BRLMXN"")*D44"),19015.59072) -> 19015.591 | F44: =IFERROR(__xludf.DUMMYFUNCTION("GOOGLEFINANCE(""Currency:BRLPEN"")*D44"),3669.891456) -> 3669.8915 | G44: {=_xlfn.XLOOKUP(B44,Vendedores!$A$2:$A$41,Vendedores!$B$2:$B$41,"No hay datos")} -> No hay datos | H44: {=_xlfn.XLOOKUP(B44,Vendedores!$A$2:$A$41,Vendedores!$C$2:$C$41,"No hay datos")} -> No hay datos | I44: {=_xlfn.XLOOKUP(B44,Vendedores!$A$2:$A$41,Vendedores!$D$2:$D$41,"No hay datos")} -> No hay datos | J44: {=_xlfn.XLOOKUP(A44,Productos!$A$2:$A$61,Productos!$B$2:$F$61)} -> #N/A
A45: =IFERROR(__xludf.DUMMYFUNCTION("""COMPUTED_VALUE"""),"PR033") -> PR033 | B45: =IFERROR(__xludf.DUMMYFUNCTION("""COMPUTED_VALUE"""),"VD024") -> VD024 | C45: =IFERROR(__xludf.DUMMYFUNCTION("""COMPUTED_VALUE"""),24.0) -> 24 | D45: =IFERROR(__xludf.DUMMYFUNCTION("""COMPUTED_VALUE"""),7485.12) -> 7485.12 | E45: =IFERROR(__xludf.DUMMYFUNCTION("GOOGLEFINANCE(""Currency:BRLMXN"")*D45"),25426.95264) -> 25426.953 | F45: =IFERROR(__xludf.DUMMYFUNCTION("GOOGLEFINANCE(""Currency:BRLPEN"")*D45"),4907.244672) -> 4907.2447 | G45: {=_xlfn.XLOOKUP(B45,Vendedores!$A$2:$A$41,Vendedores!$B$2:$B$41,"No hay datos")} -> No hay datos | H45: {=_xlfn.XLOOKUP(B45,Vendedores!$A$2:$A$41,Vendedores!$C$2:$C$41,"No hay datos")} -> No hay datos | I45: {=_xlfn.XLOOKUP(B45,Vendedores!$A$2:$A$41,Vendedores!$D$2:$D$41,"No hay datos")} -> No hay datos | J45: {=_xlfn.XLOOKUP(A45,Productos!$A$2:$A$61,Productos!$B$2:$F$61)} -> #N/A
A46: =IFERROR(__xludf.DUMMYFUNCTION("""COMPUTED_VALUE"""),"PR008") -> PR008 | B46: =IFERROR(__xludf.DUMMYFUNCTION("""COMPUTED_VALUE"""),"VD027") -> VD027 | C46: =IFERROR(__xludf.DUMMYFUNCTION("""COMPUTED_VALUE"""),20.0) -> 20 | D46: =IFERROR(__xludf.DUMMYFUNCTION("""COMPUTED_VALUE"""),2049.72) -> 2049.72 | E46: =IFERROR(__xludf.DUMMYFUNCTION("GOOGLEFINANCE(""Currency:BRLMXN"")*D46"),6962.898839999999) -> 6962.8988 | F46: =IFERROR(__xludf.DUMMYFUNCTION("GOOGLEFINANCE(""Currency:BRLPEN"")*D46"),1343.7964319999999) -> 1343.7964 | G46: {=_xlfn.XLOOKUP(B46,Vendedores!$A$2:$A$41,Vendedores!$B$2:$B$41,"No hay datos")} -> No hay datos | H46: {=_xlfn.XLOOKUP(B46,Vendedores!$A$2:$A$41,Vendedores!$C$2:$C$41,"No hay datos")} -> No hay datos | I46: {=_xlfn.XLOOKUP(B46,Vendedores!$A$2:$A$41,Vendedores!$D$2:$D$41,"No hay datos")} -> No hay datos | J46: {=_xlfn.XLOOKUP(A46,Productos!$A$2:$A$61,Productos!$B$2:$F$61)} -> #N/A
A47: =IFERROR(__xludf.DUMMYFUNCTION("""COMPUTED_VALUE"""),"PR013") -> PR013 | B47: =IFERROR(__xludf.DUMMYFUNCTION("""COMPUTED_VALUE"""),"VD048") -> VD048 | C47: =IFERROR(__xludf.DUMMYFUNCTION("""COMPUTED_VALUE"""),27.0) -> 27 | D47: =IFERROR(__xludf.DUMMYFUNCTION("""COMPUTED_VALUE"""),1238.9) -> 1238.9 | E47: =IFERROR(__xludf.DUMMYFUNCTION("GOOGLEFINANCE(""Currency:BRLMXN"")*D47"),4208.5433) -> 4208.5433 | F47: =IFERROR(__xludf.DUMMYFUNCTION("GOOGLEFINANCE(""Currency:BRLPEN"")*D47"),812.22284) -> 812.22284 | G47: {=_xlfn.XLOOKUP(B47,Vendedores!$A$2:$A$41,Vendedores!$B$2:$B$41,"No hay datos")} -> No hay datos | H47: {=_xlfn.XLOOKUP(B47,Vendedores!$A$2:$A$41,Vendedores!$C$2:$C$41,"No hay datos")} -> No hay datos | I47: {=_xlfn.XLOOKUP(B47,Vendedores!$A$2:$A$41,Vendedores!$D$2:$D$41,"No hay datos")} -> No hay datos | J47: {=_xlfn.XLOOKUP(A47,Productos!$A$2:$A$61,Productos!$B$2:$F$61)} -> #N/A
A48: =IFERROR(__xludf.DUMMYFUNCTION("""COMPUTED_VALUE"""),"PR011") -> PR011 | B48: =IFERROR(__xludf.DUMMYFUNCTION("""COMPUTED_VALUE"""),"VD026") -> VD026 | C48: =IFERROR(__xludf.DUMMYFUNCTION("""COMPUTED_VALUE"""),18.0) -> 18 | D48: =IFERROR(__xludf.DUMMYFUNCTION("""COMPUTED_VALUE"""),1013.04) -> 1013.04 | E48: =IFERROR(__xludf.DUMMYFUNCTION("GOOGLEFINANCE(""Currency:BRLMXN"")*D48"),3441.29688) -> 3441.2969 | F48: =IFERROR(__xludf.DUMMYFUNCTION("GOOGLEFINANCE(""Currency:BRLPEN"")*D48"),664.1490239999999) -> 664.14902 | G48: {=_xlfn.XLOOKUP(B48,Vendedores!$A$2:$A$41,Vendedores!$B$2:$B$41,"No hay datos")} -> No hay datos | H48: {=_xlfn.XLOOKUP(B48,Vendedores!$A$2:$A$41,Vendedores!$C$2:$C$41,"No hay datos")} -> No hay datos | I48: {=_xlfn.XLOOKUP(B48,Vendedores!$A$2:$A$41,Vendedores!$D$2:$D$41,"No hay datos")} -> No hay datos | J48: {=_xlfn.XLOOKUP(A48,Productos!$A$2:$A$61,Productos!$B$2:$F$61)} -> #N/A
A49: =IFERROR(__xludf.DUMMYFUNCTION("""COMPUTED_VALUE"""),"PR014") -> PR014 | B49: =IFERROR(__xludf.DUMMYFUNCTION("""COMPUTED_VALUE"""),"VD040") -> VD040 | C49: =IFERROR(__xludf.DUMMYFUNCTION("""COMPUTED_VALUE"""),24.0) -> 24 | D49: =IFERROR(__xludf.DUMMYFUNCTION("""COMPUTED_VALUE"""),1139.54) -> 1139.54 | E49: =IFERROR(__xludf.DUMMYFUNCTION("GOOGLEFINANCE(""Currency:BRLMXN"")*D49"),3871.01738) -> 3871.0174 | F49: =IFERROR(__xludf.DUMMYFUNCTION("GOOGLEFINANCE(""Currency:BRLPEN"")*D49"),747.082424) -> 747.08242 | G49: {=_xlfn.XLOOKUP(B49,Vendedores!$A$2:$A$41,Vendedores!$B$2:$B$41,"No hay datos")} -> No hay datos | H49: {=_xlfn.XLOOKUP(B49,Vendedores!$A$2:$A$41,Vendedores!$C$2:$C$41,"No hay datos")} -> No hay datos | I49: {=_xlfn.XLOOKUP(B49,Vendedores!$A$2:$A$41,Vendedores!$D$2:$D$41,"No hay datos")} -> No hay datos | J49: {=_xlfn.XLOOKUP(A49,Productos!$A$2:$A$61,Productos!$B$2:$F$61)} -> #N/A
A50: =IFERROR(__xludf.DUMMYFUNCTION("""COMPUTED_VALUE"""),"PR043") -> PR043 | B50: =IFERROR(__xludf.DUMMYFUNCTION("""COMPUTED_VALUE"""),"VD035") -> VD035 | C50: =IFERROR(__xludf.DUMMYFUNCTION("""COMPUTED_VALUE"""),18.0) -> 18 | D50: =IFERROR(__xludf.DUMMYFUNCTION("""COMPUTED_VALUE"""),1435.5) -> 1435.5 | E50: =IFERROR(__xludf.DUMMYFUNCTION("GOOGLEFINANCE(""Currency:BRLMXN"")*D50"),4876.3935) -> 4876.3935 | F50: =IFERROR(__xludf.DUMMYFUNCTION("GOOGLEFINANCE(""Currency:BRLPEN"")*D50"),941.1138) -> 941.1138 | G50: {=_xlfn.XLOOKUP(B50,Vendedores!$A$2:$A$41,Vendedores!$B$2:$B$41,"No hay datos")} -> No hay datos | H50: {=_xlfn.XLOOKUP(B50,Vendedores!$A$2:$A$41,Vendedores!$C$2:$C$41,"No hay datos")} -> No hay datos | I50: {=_xlfn.XLOOKUP(B50,Vendedores!$A$2:$A$41,Vendedores!$D$2:$D$41,"No hay datos")} -> No hay datos | J50: {=_xlfn.XLOOKUP(A50,Productos!$A$2:$A$61,Productos!$B$2:$F$61)} -> #N/A
A51: =IFERROR(__xludf.DUMMYFUNCTION("""COMPUTED_VALUE"""),"PR037") -> PR037 | B51: =IFERROR(__xludf.DUMMYFUNCTION("""COMPUTED_VALUE"""),"VD036") -> VD036 | C51: =IFERROR(__xludf.DUMMYFUNCTION("""COMPUTED_VALUE"""),30.0) -> 30 | D51: =IFERROR(__xludf.DUMMYFUNCTION("""COMPUTED_VALUE"""),5040.0) -> 5040 | E51: =IFERROR(__xludf.DUMMYFUNCTION("GOOGLEFINANCE(""Currency:BRLMXN"")*D51"),17120.879999999997) -> 17120.88 | F51: =IFERROR(__xludf.DUMMYFUNCTION("GOOGLEFINANCE(""Currency:BRLPEN"")*D51"),3304.2239999999997) -> 3304.224 | G51: {=_xlfn.XLOOKUP(B51,Vendedores!$A$2:$A$41,Vendedores!$B$2:$B$41,"No hay datos")} -> No hay datos | H51: {=_xlfn.XLOOKUP(B51,Vendedores!$A$2:$A$41,Vendedores!$C$2:$C$41,"No hay datos")} -> No hay datos | I51: {=_xlfn.XLOOKUP(B51,Vendedores!$A$2:$A$41,Vendedores!$D$2:$D$41,"No hay datos")} -> No hay datos | J51: {=_xlfn.XLOOKUP(A51,Productos!$A$2:$A$61,Productos!$B$2:$F$61)} -> #N/A
A52: =IFERROR(__xludf.DUMMYFUNCTION("""COMPUTED_VALUE"""),"PR020") -> PR020 | B52: =IFERROR(__xludf.DUMMYFUNCTION("""COMPUTED_VALUE"""),"VD026") -> VD026 | C52: =IFERROR(__xludf.DUMMYFUNCTION("""COMPUTED_VALUE"""),20.0) -> 20 | D52: =IFERROR(__xludf.DUMMYFUNCTION("""COMPUTED_VALUE"""),6657.78) -> 6657.78 | E52: =IFERROR(__xludf.DUMMYFUNCTION("GOOGLEFINANCE(""Currency:BRLMXN"")*D52"),22616.478659999997) -> 22616.479 | F52: =IFERROR(__xludf.DUMMYFUNCTION("GOOGLEFINANCE(""Currency:BRLPEN"")*D52"),4364.840568) -> 4364.8406 | G52: {=_xlfn.XLOOKUP(B52,Vendedores!$A$2:$A$41,Vendedores!$B$2:$B$41,"No hay datos")} -> No hay datos | H52: {=_xlfn.XLOOKUP(B52,Vendedores!$A$2:$A$41,Vendedores!$C$2:$C$41,"No hay datos")} -> No hay datos | I52: {=_xlfn.XLOOKUP(B52,Vendedores!$A$2:$A$41,Vendedores!$D$2:$D$41,"No hay datos")} -> No hay datos | J52: {=_xlfn.XLOOKUP(A52,Productos!$A$2:$A$61,Productos!$B$2:$F$61)} -> #N/A
A53: =IFERROR(__xludf.DUMMYFUNCTION("""COMPUTED_VALUE"""),"PR052") -> PR052 | B53: =IFERROR(__xludf.DUMMYFUNCTION("""COMPUTED_VALUE"""),"VD035") -> VD035 | C53: =IFERROR(__xludf.DUMMYFUNCTION("""COMPUTED_VALUE"""),12.0) -> 12 | D53: =IFERROR(__xludf.DUMMYFUNCTION("""COMPUTED_VALUE"""),658.68) -> 658.68 | E53: =IFERROR(__xludf.DUMMYFUNCTION("GOOGLEFINANCE(""Currency:BRLMXN"")*D53"),2237.5359599999997) -> 2237.536 | F53: =IFERROR(__xludf.DUMMYFUNCTION("GOOGLEFINANCE(""Currency:BRLPEN"")*D53"),431.8306079999999) -> 431.83061 | G53: {=_xlfn.XLOOKUP(B53,Vendedores!$A$2:$A$41,Vendedores!$B$2:$B$41,"No hay datos")} -> No hay datos | H53: {=_xlfn.XLOOKUP(B53,Vendedores!$A$2:$A$41,Vendedores!$C$2:$C$41,"No hay datos")} -> No hay datos | I53: {=_xlfn.XLOOKUP(B53,Vendedores!$A$2:$A$41,Vendedores!$D$2:$D$41,"No hay datos")} -> No hay datos | J53: {=_xlfn.XLOOKUP(A53,Productos!$A$2:$A$61,Productos!$B$2:$F$61)} -> #N/A
A54: =IFERROR(__xludf.DUMMYFUNCTION("""COMPUTED_VALUE"""),"PR023") -> PR023 | B54: =IFERROR(__xludf.DUMMYFUNCTION("""COMPUTED_VALUE"""),"VD016") -> VD016 | C54: =IFERROR(__xludf.DUMMYFUNCTION("""COMPUTED_VALUE"""),27.0) -> 27 | D54: =IFERROR(__xludf.DUMMYFUNCTION("""COMPUTED_VALUE"""),7894.34) -> 7894.34 | E54: =IFERROR(__xludf.DUMMYFUNCTION("GOOGLEFINANCE(""Currency:BRLMXN"")*D54"),26817.072979999997) -> 26817.073 | F54: =IFERROR(__xludf.DUMMYFUNCTION("GOOGLEFINANCE(""Currency:BRLPEN"")*D54"),5175.529304) -> 5175.5293 | G54: {=_xlfn.XLOOKUP(B54,Vendedores!$A$2:$A$41,Vendedores!$B$2:$B$41,"No hay datos")} -> No hay datos | H54: {=_xlfn.XLOOKUP(B54,Vendedores!$A$2:$A$41,Vendedores!$C$2:$C$41,"No hay datos")} -> No hay datos | I54: {=_xlfn.XLOOKUP(B54,Vendedores!$A$2:$A$41,Vendedores!$D$2:$D$41,"No hay datos")} -> No hay datos | J54: {=_xlfn.XLOOKUP(A54,Productos!$A$2:$A$61,Productos!$B$2:$F$61)} -> #N/A
A55: =IFERROR(__xludf.DUMMYFUNCTION("""COMPUTED_VALUE"""),"PR002") -> PR002 | B55: =IFERROR(__xludf.DUMMYFUNCTION("""COMPUTED_VALUE"""),"VD018") -> VD018 | C55: =IFERROR(__xludf.DUMMYFUNCTION("""COMPUTED_VALUE"""),9.0) -> 9 | D55: =IFERROR(__xludf.DUMMYFUNCTION("""COMPUTED_VALUE"""),717.17) -> 717.17 | E55: =IFERROR(__xludf.DUMMYFUNCTION("GOOGLEFINANCE(""Currency:BRLMXN"")*D55"),2436.2264899999996) -> 2436.2265 | F55: =IFERROR(__xludf.DUMMYFUNCTION("GOOGLEFINANCE(""Currency:BRLPEN"")*D55"),470.17665199999993) -> 470.17665 | G55: {=_xlfn.XLOOKUP(B55,Vendedores!$A$2:$A$41,Vendedores!$B$2:$B$41,"No hay datos")} -> No hay datos | H55: {=_xlfn.XLOOKUP(B55,Vendedores!$A$2:$A$41,Vendedores!$C$2:$C$41,"No hay datos")} -> No hay datos | I55: {=_xlfn.XLOOKUP(B55,Vendedores!$A$2:$A$41,Vendedores!$D$2:$D$41,"No hay datos")} -> No hay datos | J55: {=_xlfn.XLOOKUP(A55,Productos!$A$2:$A$61,Productos!$B$2:$F$61)} -> #N/A
A56: =IFERROR(__xludf.DUMMYFUNCTION("""COMPUTED_VALUE"""),"PR039") -> PR039 | B56: =IFERROR(__xludf.DUMMYFUNCTION("""COMPUTED_VALUE"""),"VD014") -> VD014 | C56: =IFERROR(__xludf.DUMMYFUNCTION("""COMPUTED_VALUE"""),16.0) -> 16 | D56: =IFERROR(__xludf.DUMMYFUNCTION("""COMPUTED_VALUE"""),2663.04) -> 2663.04 | E56: =IFERROR(__xludf.DUMMYFUNCTION("GOOGLEFINANCE(""Currency:BRLMXN"")*D56"),9046.34688) -> 9046.3469 | F56: =IFERROR(__xludf.DUMMYFUNCTION("GOOGLEFINANCE(""Currency:BRLPEN"")*D56"),1745.8890239999998) -> 1745.889 | G56: {=_xlfn.XLOOKUP(B56,Vendedores!$A$2:$A$41,Vendedores!$B$2:$B$41,"No hay datos")} -> No hay datos | H56: {=_xlfn.XLOOKUP(B56,Vendedores!$A$2:$A$41,Vendedores!$C$2:$C$41,"No hay datos")} -> No hay datos | I56: {=_xlfn.XLOOKUP(B56,Vendedores!$A$2:$A$41,Vendedores!$D$2:$D$41,"No hay datos")} -> No hay datos | J56: {=_xlfn.XLOOKUP(A56,Productos!$A$2:$A$61,Productos!$B$2:$F$61)} -> #N/A
A57: =IFERROR(__xludf.DUMMYFUNCTION("""COMPUTED_VALUE"""),"PR060") -> PR060 | B57: =IFERROR(__xludf.DUMMYFUNCTION("""COMPUTED_VALUE"""),"VD044") -> VD044 | C57: =IFERROR(__xludf.DUMMYFUNCTION("""COMPUTED_VALUE"""),6.0) -> 6 | D57: =IFERROR(__xludf.DUMMYFUNCTION("""COMPUTED_VALUE"""),1252.8) -> 1252.8 | E57: =IFERROR(__xludf.DUMMYFUNCTION("GOOGLEFINANCE(""Currency:BRLMXN"")*D57"),4255.7616) -> 4255.7616 | F57: =IFERROR(__xludf.DUMMYFUNCTION("GOOGLEFINANCE(""Currency:BRLPEN"")*D57"),821.3356799999999) -> 821.33568 | G57: {=_xlfn.XLOOKUP(B57,Vendedores!$A$2:$A$41,Vendedores!$B$2:$B$41,"No hay datos")} -> No hay datos | H57: {=_xlfn.XLOOKUP(B57,Vendedores!$A$2:$A$41,Vendedores!$C$2:$C$41,"No hay datos")} -> No hay datos | I57: {=_xlfn.XLOOKUP(B57,Vendedores!$A$2:$A$41,Vendedores!$D$2:$D$41,"No hay datos")} -> No hay datos | J57: {=_xlfn.XLOOKUP(A57,Productos!$A$2:$A$61,Productos!$B$2:$F$61)} -> #N/A
A58: =IFERROR(__xludf.DUMMYFUNCTION("""COMPUTED_VALUE"""),"PR009") -> PR009 | B58: =IFERROR(__xludf.DUMMYFUNCTION("""COMPUTED_VALUE"""),"VD041") -> VD041 | C58: =IFERROR(__xludf.DUMMYFUNCTION("""COMPUTED_VALUE"""),15.0) -> 15 | D58: =IFERROR(__xludf.DUMMYFUNCTION("""COMPUTED_VALUE"""),1560.72) -> 1560.72 | E58: =IFERROR(__xludf.DUMMYFUNCTION("GOOGLEFINANCE(""Currency:BRLMXN"")*D58"),5301.76584) -> 5301.7658 | F58: =IFERROR(__xludf.DUMMYFUNCTION("GOOGLEFINANCE(""Currency:BRLPEN"")*D58"),1023.208032) -> 1023.208 | G58: {=_xlfn.XLOOKUP(B58,Vendedores!$A$2:$A$41,Vendedores!$B$2:$B$41,"No hay datos")} -> No hay datos | H58: {=_xlfn.XLOOKUP(B58,Vendedores!$A$2:$A$41,Vendedores!$C$2:$C$41,"No hay datos")} -> No hay datos | I58: {=_xlfn.XLOOKUP(B58,Vendedores!$A$2:$A$41,Vendedores!$D$2:$D$41,"No hay datos")} -> No hay datos | J58: {=_xlfn.XLOOKUP(A58,Productos!$A$2:$A$61,Productos!$B$2:$F$61)} -> #N/A
A59: =IFERROR(__xludf.DUMMYFUNCTION("""COMPUTED_VALUE"""),"PR057") -> PR057 | B59: =IFERROR(__xludf.DUMMYFUNCTION("""COMPUTED_VALUE"""),"VD046") -> VD046 | C59: =IFERROR(__xludf.DUMMYFUNCTION("""COMPUTED_VALUE"""),15.0) -> 15 | D59: =IFERROR(__xludf.DUMMYFUNCTION("""COMPUTED_VALUE"""),1591.23) -> 1591.23 | E59: =IFERROR(__xludf.DUMMYFUNCTION("GOOGLEFINANCE(""Currency:BRLMXN"")*D59"),5405.40831) -> 5405.4083 | F59: =IFERROR(__xludf.DUMMYFUNCTION("GOOGLEFINANCE(""Currency:BRLPEN"")*D59"),1043.210388) -> 1043.2104 | G59: {=_xlfn.XLOOKUP(B59,Vendedores!$A$2:$A$41,Vendedores!$B$2:$B$41,"No hay datos")} -> No hay datos | H59: {=_xlfn.XLOOKUP(B59,Vendedores!$A$2:$A$41,Vendedores!$C$2:$C$41,"No hay datos")} -> No hay datos | I59: {=_xlfn.XLOOKUP(B59,Vendedores!$A$2:$A$41,Vendedores!$D$2:$D$41,"No hay datos")} -> No hay datos | J59: {=_xlfn.XLOOKUP(A59,Productos!$A$2:$A$61,Productos!$B$2:$F$61)} -> #N/A
A60: =IFERROR(__xludf.DUMMYFUNCTION("""COMPUTED_VALUE"""),"PR018") -> PR018 | B60: =IFERROR(__xludf.DUMMYFUNCTION("""COMPUTED_VALUE"""),"VD037") -> VD037 | C60: =IFERROR(__xludf.DUMMYFUNCTION("""COMPUTED_VALUE"""),10.0) -> 10 | D60: =IFERROR(__xludf.DUMMYFUNCTION("""COMPUTED_VALUE"""),361.9) -> 361.9 | E60: =IFERROR(__xludf.DUMMYFUNCTION("GOOGLEFINANCE(""Currency:BRLMXN"")*D60"),1229.3743) -> 1229.3743 | F60: =IFERROR(__xludf.DUMMYFUNCTION("GOOGLEFINANCE(""Currency:BRLPEN"")*D60"),237.26163999999997) -> 237.26164 | G60: {=_xlfn.XLOOKUP(B60,Vendedores!$A$2:$A$41,Vendedores!$B$2:$B$41,"No hay datos")} -> No hay datos | H60: {=_xlfn.XLOOKUP(B60,Vendedores!$A$2:$A$41,Vendedores!$C$2:$C$41,"No hay datos")} -> No hay datos | I60: {=_xlfn.XLOOKUP(B60,Vendedores!$A$2:$A$41,Vendedores!$D$2:$D$41,"No hay datos")} -> No hay datos | J60: {=_xlfn.XLOOKUP(A60,Productos!$A$2:$A$61,Productos!$B$2:$F$61)} -> #N/A
A61: =IFERROR(__xludf.DUMMYFUNCTION("""COMPUTED_VALUE"""),"PR022") -> PR022 | B61: =IFERROR(__xludf.DUMMYFUNCTION("""COMPUTED_VALUE"""),"VD023") -> VD023 | C61: =IFERROR(__xludf.DUMMYFUNCTION("""COMPUTED_VALUE"""),16.0) -> 16 | D61: =IFERROR(__xludf.DUMMYFUNCTION("""COMPUTED_VALUE"""),5424.0) -> 5424 | E61: =IFERROR(__xludf.DUMMYFUNCTION("GOOGLEFINANCE(""Currency:BRLMXN"")*D61"),18425.327999999998) -> 18425.328 | F61: =IFERROR(__xludf.DUMMYFUNCTION("GOOGLEFINANCE(""Currency:BRLPEN"")*D61"),3555.9743999999996) -> 3555.9744 | G61: {=_xlfn.XLOOKUP(B61,Vendedores!$A$2:$A$41,Vendedores!$B$2:$B$41,"No hay datos")} -> No hay datos | H61: {=_xlfn.XLOOKUP(B61,Vendedores!$A$2:$A$41,Vendedores!$C$2:$C$41,"No hay datos")} -> No hay datos | I61: {=_xlfn.XLOOKUP(B61,Vendedores!$A$2:$A$41,Vendedores!$D$2:$D$41,"No hay datos")} -> No hay datos | J61: {=_xlfn.XLOOKUP(A61,Productos!$A$2:$A$61,Productos!$B$2:$F$61)} -> #N/A
A62: =IFERROR(__xludf.DUMMYFUNCTION("""COMPUTED_VALUE"""),"PR020") -> PR020 | B62: =IFERROR(__xludf.DUMMYFUNCTION("""COMPUTED_VALUE"""),"VD023") -> VD023 | C62: =IFERROR(__xludf.DUMMYFUNCTION("""COMPUTED_VALUE"""),21.0) -> 21 | D62: =IFERROR(__xludf.DUMMYFUNCTION("""COMPUTED_VALUE"""),7242.59) -> 7242.59 | E62: =IFERROR(__xludf.DUMMYFUNCTION("GOOGLEFINANCE(""Currency:BRLMXN"")*D62"),24603.07823) -> 24603.078 | F62: =IFERROR(__xludf.DUMMYFUNCTION("GOOGLEFINANCE(""Currency:BRLPEN"")*D62"),4748.242004) -> 4748.242 | G62: {=_xlfn.XLOOKUP(B62,Vendedores!$A$2:$A$41,Vendedores!$B$2:$B$41,"No hay datos")} -> No hay datos | H62: {=_xlfn.XLOOKUP(B62,Vendedores!$A$2:$A$41,Vendedores!$C$2:$C$41,"No hay datos")} -> No hay datos | I62: {=_xlfn.XLOOKUP(B62,Vendedores!$A$2:$A$41,Vendedores!$D$2:$D$41,"No hay datos")} -> No hay datos | J62: {=_xlfn.XLOOKUP(A62,Productos!$A$2:$A$61,Productos!$B$2:$F$61)} -> #N/A
A63: =IFERROR(__xludf.DUMMYFUNCTION("""COMPUTED_VALUE"""),"PR043") -> PR043 | B63: =IFERROR(__xludf.DUMMYFUNCTION("""COMPUTED_VALUE"""),"VD039") -> VD039 | C63: =IFERROR(__xludf.DUMMYFUNCTION("""COMPUTED_VALUE"""),16.0) -> 16 | D63: =IFERROR(__xludf.DUMMYFUNCTION("""COMPUTED_VALUE"""),1368.8) -> 1368.8 | E63: =IFERROR(__xludf.DUMMYFUNCTION("GOOGLEFINANCE(""Currency:BRLMXN"")*D63"),4649.8135999999995) -> 4649.8136 | F63: =IFERROR(__xludf.DUMMYFUNCTION("GOOGLEFINANCE(""Currency:BRLPEN"")*D63"),897.38528) -> 897.38528 | G63: {=_xlfn.XLOOKUP(B63,Vendedores!$A$2:$A$41,Vendedores!$B$2:$B$41,"No hay datos")} -> No hay datos | H63: {=_xlfn.XLOOKUP(B63,Vendedores!$A$2:$A$41,Vendedores!$C$2:$C$41,"No hay datos")} -> No hay datos | I63: {=_xlfn.XLOOKUP(B63,Vendedores!$A$2:$A$41,Vendedores!$D$2:$D$41,"No hay datos")} -> No hay datos | J63: {=_xlfn.XLOOKUP(A63,Productos!$A$2:$A$61,Productos!$B$2:$F$61)} -> #N/A
A64: =IFERROR(__xludf.DUMMYFUNCTION("""COMPUTED_VALUE"""),"PR040") -> PR040 | B64: =IFERROR(__xludf.DUMMYFUNCTION("""COMPUTED_VALUE"""),"VD014") -> VD014 | C64: =IFERROR(__xludf.DUMMYFUNCTION("""COMPUTED_VALUE"""),20.0) -> 20 | D64: =IFERROR(__xludf.DUMMYFUNCTION("""COMPUTED_VALUE"""),1624.0) -> 1624 | E64: =IFERROR(__xludf.DUMMYFUNCTION("GOOGLEFINANCE(""Currency:BRLMXN"")*D64"),5516.728) -> 5516.728 | F64: =IFERROR(__xludf.DUMMYFUNCTION("GOOGLEFINANCE(""Currency:BRLPEN"")*D64"),1064.6943999999999) -> 1064.6944 | G64: {=_xlfn.XLOOKUP(B64,Vendedores!$A$2:$A$41,Vendedores!$B$2:$B$41,"No hay datos")} -> No hay datos | H64: {=_xlfn.XLOOKUP(B64,Vendedores!$A$2:$A$41,Vendedores!$C$2:$C$41,"No hay datos")} -> No hay datos | I64: {=_xlfn.XLOOKUP(B64,Vendedores!$A$2:$A$41,Vendedores!$D$2:$D$41,"No hay datos")} -> No hay datos | J64: {=_xlfn.XLOOKUP(A64,Productos!$A$2:$A$61,Productos!$B$2:$F$61)} -> #N/A
A65: =IFERROR(__xludf.DUMMYFUNCTION("""COMPUTED_VALUE"""),"PR052") -> PR052 | B65: =IFERROR(__xludf.DUMMYFUNCTION("""COMPUTED_VALUE"""),"VD035") -> VD035 | C65: =IFERROR(__xludf.DUMMYFUNCTION("""COMPUTED_VALUE"""),30.0) -> 30 | D65: =IFERROR(__xludf.DUMMYFUNCTION("""COMPUTED_VALUE"""),1721.55) -> 1721.55 | E65: =IFERROR(__xludf.DUMMYFUNCTION("GOOGLEFINANCE(""Currency:BRLMXN"")*D65"),5848.10535) -> 5848.1053 | F65: =IFERROR(__xludf.DUMMYFUNCTION("GOOGLEFINANCE(""Currency:BRLPEN"")*D65"),1128.64818) -> 1128.6482 | G65: {=_xlfn.XLOOKUP(B65,Vendedores!$A$2:$A$41,Vendedores!$B$2:$B$41,"No hay datos")} -> No hay datos | H65: {=_xlfn.XLOOKUP(B65,Vendedores!$A$2:$A$41,Vendedores!$C$2:$C$41,"No hay datos")} -> No hay datos | I65: {=_xlfn.XLOOKUP(B65,Vendedores!$A$2:$A$41,Vendedores!$D$2:$D$41,"No hay datos")} -> No hay datos | J65: {=_xlfn.XLOOKUP(A65,Productos!$A$2:$A$61,Productos!$B$2:$F$61)} -> #N/A
A66: =IFERROR(__xludf.DUMMYFUNCTION("""COMPUTED_VALUE"""),"PR021") -> PR021 | B66: =IFERROR(__xludf.DUMMYFUNCTION("""COMPUTED_VALUE"""),"VD013") -> VD013 | C66: =IFERROR(__xludf.DUMMYFUNCTION("""COMPUTED_VALUE"""),8.0) -> 8 | D66: =IFERROR(__xludf.DUMMYFUNCTION("""COMPUTED_VALUE"""),2689.75) -> 2689.75 | E66: =IFERROR(__xludf.DUMMYFUNCTION("GOOGLEFINANCE(""Currency:BRLMXN"")*D66"),9137.08075) -> 9137.0807 | F66: =IFERROR(__xludf.DUMMYFUNCTION("GOOGLEFINANCE(""Currency:BRLPEN"")*D66"),1763.4000999999998) -> 1763.4001 | G66: {=_xlfn.XLOOKUP(B66,Vendedores!$A$2:$A$41,Vendedores!$B$2:$B$41,"No hay datos")} -> No hay datos | H66: {=_xlfn.XLOOKUP(B66,Vendedores!$A$2:$A$41,Vendedores!$C$2:$C$41,"No hay datos")} -> No hay datos | I66: {=_xlfn.XLOOKUP(B66,Vendedores!$A$2:$A$41,Vendedores!$D$2:$D$41,"No hay datos")} -> No hay datos | J66: {=_xlfn.XLOOKUP(A66,Productos!$A$2:$A$61,Productos!$B$2:$F$61)} -> #N/A
A67: =IFERROR(__xludf.DUMMYFUNCTION("""COMPUTED_VALUE"""),"PR050") -> PR050 | B67: =IFERROR(__xludf.DUMMYFUNCTION("""COMPUTED_VALUE"""),"VD015") -> VD015 | C67: =IFERROR(__xludf.DUMMYFUNCTION("""COMPUTED_VALUE"""),24.0) -> 24 | D67: =IFERROR(__xludf.DUMMYFUNCTION("""COMPUTED_VALUE"""),915.94) -> 915.94 | E67: =IFERROR(__xludf.DUMMYFUNCTION("GOOGLEFINANCE(""Currency:BRLMXN"")*D67"),3111.44818) -> 3111.4482 | F67: =IFERROR(__xludf.DUMMYFUNCTION("GOOGLEFINANCE(""Currency:BRLPEN"")*D67"),600.490264) -> 600.49026 | G67: {=_xlfn.XLOOKUP(B67,Vendedores!$A$2:$A$41,Vendedores!$B$2:$B$41,"No hay datos")} -> No hay datos | H67: {=_xlfn.XLOOKUP(B67,Vendedores!$A$2:$A$41,Vendedores!$C$2:$C$41,"No hay datos")} -> No hay datos | I67: {=_xlfn.XLOOKUP(B67,Vendedores!$A$2:$A$41,Vendedores!$D$2:$D$41,"No hay datos")} -> No hay datos | J67: {=_xlfn.XLOOKUP(A67,Productos!$A$2:$A$61,Productos!$B$2:$F$61)} -> #N/A
A68: =IFERROR(__xludf.DUMMYFUNCTION("""COMPUTED_VALUE"""),"PR036") -> PR036 | B68: =IFERROR(__xludf.DUMMYFUNCTION("""COMPUTED_VALUE"""),"VD040") -> VD040 | C68: =IFERROR(__xludf.DUMMYFUNCTION("""COMPUTED_VALUE"""),12.0) -> 12 | D68: =IFERROR(__xludf.DUMMYFUNCTION("""COMPUTED_VALUE"""),1301.52) -> 1301.52 | E68: =IFERROR(__xludf.DUMMYFUNCTION("GOOGLEFINANCE(""Currency:BRLMXN"")*D68"),4421.26344) -> 4421.2634 | F68: =IFERROR(__xludf.DUMMYFUNCTION("GOOGLEFINANCE(""Currency:BRLPEN"")*D68"),853.2765119999999) -> 853.27651 | G68: {=_xlfn.XLOOKUP(B68,Vendedores!$A$2:$A$41,Vendedores!$B$2:$B$41,"No hay datos")} -> No hay datos | H68: {=_xlfn.XLOOKUP(B68,Vendedores!$A$2:$A$41,Vendedores!$C$2:$C$41,"No hay datos")} -> No hay datos | I68: {=_xlfn.XLOOKUP(B68,Vendedores!$A$2:$A$41,Vendedores!$D$2:$D$41,"No hay datos")} -> No hay datos | J68: {=_xlfn.XLOOKUP(A68,Productos!$A$2:$A$61,Productos!$B$2:$F$61)} -> #N/A
A69: =IFERROR(__xludf.DUMMYFUNCTION("""COMPUTED_VALUE"""),"PR023") -> PR023 | B69: =IFERROR(__xludf.DUMMYFUNCTION("""COMPUTED_VALUE"""),"VD037") -> VD037 | C69: =IFERROR(__xludf.DUMMYFUNCTION("""COMPUTED_VALUE"""),12.0) -> 12 | D69: =IFERROR(__xludf.DUMMYFUNCTION("""COMPUTED_VALUE"""),3298.68) -> 3298.68 | E69: =IFERROR(__xludf.DUMMYFUNCTION("GOOGLEFINANCE(""Currency:BRLMXN"")*D69"),11205.61596) -> 11205.616 | F69: =IFERROR(__xludf.DUMMYFUNCTION("GOOGLEFINANCE(""Currency:BRLPEN"")*D69"),2162.614608) -> 2162.6146 | G69: {=_xlfn.XLOOKUP(B69,Vendedores!$A$2:$A$41,Vendedores!$B$2:$B$41,"No hay datos")} -> No hay datos | H69: {=_xlfn.XLOOKUP(B69,Vendedores!$A$2:$A$41,Vendedores!$C$2:$C$41,"No hay datos")} -> No hay datos | I69: {=_xlfn.XLOOKUP(B69,Vendedores!$A$2:$A$41,Vendedores!$D$2:$D$41,"No hay datos")} -> No hay datos | J69: {=_xlfn.XLOOKUP(A69,Productos!$A$2:$A$61,Productos!$B$2:$F$61)} -> #N/A
A70: =IFERROR(__xludf.DUMMYFUNCTION("""COMPUTED_VALUE"""),"PR052") -> PR052 | B70: =IFERROR(__xludf.DUMMYFUNCTION("""COMPUTED_VALUE"""),"VD014") -> VD014 | C70: =IFERROR(__xludf.DUMMYFUNCTION("""COMPUTED_VALUE"""),20.0) -> 20 | D70: =IFERROR(__xludf.DUMMYFUNCTION("""COMPUTED_VALUE"""),1127.74) -> 1127.74 | E70: =IFERROR(__xludf.DUMMYFUNCTION("GOOGLEFINANCE(""Currency:BRLMXN"")*D70"),3830.9327799999996) -> 3830.9328 | F70: =IFERROR(__xludf.DUMMYFUNCTION("GOOGLEFINANCE(""Currency:BRLPEN"")*D70"),739.3463439999999) -> 739.34634 | G70: {=_xlfn.XLOOKUP(B70,Vendedores!$A$2:$A$41,Vendedores!$B$2:$B$41,"No hay datos")} -> No hay datos | H70: {=_xlfn.XLOOKUP(B70,Vendedores!$A$2:$A$41,Vendedores!$C$2:$C$41,"No hay datos")} -> No hay datos | I70: {=_xlfn.XLOOKUP(B70,Vendedores!$A$2:$A$41,Vendedores!$D$2:$D$41,"No hay datos")} -> No hay datos | J70: {=_xlfn.XLOOKUP(A70,Productos!$A$2:$A$61,Productos!$B$2:$F$61)} -> #N/A
A71: =IFERROR(__xludf.DUMMYFUNCTION("""COMPUTED_VALUE"""),"PR051") -> PR051 | B71: =IFERROR(__xludf.DUMMYFUNCTION("""COMPUTED_VALUE"""),"VD018") -> VD018 | C71: =IFERROR(__xludf.DUMMYFUNCTION("""COMPUTED_VALUE"""),6.0) -> 6 | D71: =IFERROR(__xludf.DUMMYFUNCTION("""COMPUTED_VALUE"""),221.09) -> 221.09 | E71: =IFERROR(__xludf.DUMMYFUNCTION("GOOGLEFINANCE(""Currency:BRLMXN"")*D71"),751.04273) -> 751.04273 | F71: =IFERROR(__xludf.DUMMYFUNCTION("GOOGLEFINANCE(""Currency:BRLPEN"")*D71"),144.94660399999998) -> 144.9466 | G71: {=_xlfn.XLOOKUP(B71,Vendedores!$A$2:$A$41,Vendedores!$B$2:$B$41,"No hay datos")} -> No hay datos | H71: {=_xlfn.XLOOKUP(B71,Vendedores!$A$2:$A$41,Vendedores!$C$2:$C$41,"No hay datos")} -> No hay datos | I71: {=_xlfn.XLOOKUP(B71,Vendedores!$A$2:$A$41,Vendedores!$D$2:$D$41,"No hay datos")} -> No hay datos | J71: {=_xlfn.XLOOKUP(A71,Productos!$A$2:$A$61,Productos!$B$2:$F$61)} -> #N/A
A72: =IFERROR(__xludf.DUMMYFUNCTION("""COMPUTED_VALUE"""),"PR019") -> PR019 | B72: =IFERROR(__xludf.DUMMYFUNCTION("""COMPUTED_VALUE"""),"VD010") -> VD010 | C72: =IFERROR(__xludf.DUMMYFUNCTION("""COMPUTED_VALUE"""),20.0) -> 20 | D72: =IFERROR(__xludf.DUMMYFUNCTION("""COMPUTED_VALUE"""),1197.6) -> 1197.6 | E72: =IFERROR(__xludf.DUMMYFUNCTION("GOOGLEFINANCE(""Currency:BRLMXN"")*D72"),4068.2471999999993) -> 4068.2472 | F72: =IFERROR(__xludf.DUMMYFUNCTION("GOOGLEFINANCE(""Currency:BRLPEN"")*D72"),785.1465599999999) -> 785.14656 | G72: {=_xlfn.XLOOKUP(B72,Vendedores!$A$2:$A$41,Vendedores!$B$2:$B$41,"No hay datos")} -> No hay datos | H72: {=_xlfn.XLOOKUP(B72,Vendedores!$A$2:$A$41,Vendedores!$C$2:$C$41,"No hay datos")} -> No hay datos | I72: {=_xlfn.XLOOKUP(B72,Vendedores!$A$2:$A$41,Vendedores!$D$2:$D$41,"No hay datos")} -> No hay datos | J72: {=_xlfn.XLOOKUP(A72,Productos!$A$2:$A$61,Productos!$B$2:$F$61)} -> #N/A
A73: =IFERROR(__xludf.DUMMYFUNCTION("""COMPUTED_VALUE"""),"PR053") -> PR053 | B73: =IFERROR(__xludf.DUMMYFUNCTION("""COMPUTED_VALUE"""),"VD043") -> VD043 | C73: =IFERROR(__xludf.DUMMYFUNCTION("""COMPUTED_VALUE"""),16.0) -> 16 | D73: =IFERROR(__xludf.DUMMYFUNCTION("""COMPUTED_VALUE"""),950.1) -> 950.1 | E73: =IFERROR(__xludf.DUMMYFUNCTION("GOOGLEFINANCE(""Currency:BRLMXN"")*D73"),3227.4897) -> 3227.4897 | F73: =IFERROR(__xludf.DUMMYFUNCTION("GOOGLEFINANCE(""Currency:BRLPEN"")*D73"),622.8855599999999) -> 622.88556 | G73: {=_xlfn.XLOOKUP(B73,Vendedores!$A$2:$A$41,Vendedores!$B$2:$B$41,"No hay datos")} -> No hay datos | H73: {=_xlfn.XLOOKUP(B73,Vendedores!$A$2:$A$41,Vendedores!$C$2:$C$41,"No hay datos")} -> No hay datos | I73: {=_xlfn.XLOOKUP(B73,Vendedores!$A$2:$A$41,Vendedores!$D$2:$D$41,"No hay datos")} -> No hay datos | J73: {=_xlfn.XLOOKUP(A73,Productos!$A$2:$A$61,Productos!$B$2:$F$61)} -> #N/A
A74: =IFERROR(__xludf.DUMMYFUNCTION("""COMPUTED_VALUE"""),"PR031") -> PR031 | B74: =IFERROR(__xludf.DUMMYFUNCTION("""COMPUTED_VALUE"""),"VD035") -> VD035 | C74: =IFERROR(__xludf.DUMMYFUNCTION("""COMPUTED_VALUE"""),21.0) -> 21 | D74: =IFERROR(__xludf.DUMMYFUNCTION("""COMPUTED_VALUE"""),6122.55) -> 6122.55 | E74: =IFERROR(__xludf.DUMMYFUNCTION("GOOGLEFINANCE(""Currency:BRLMXN"")*D74"),20798.302349999998) -> 20798.302 | F74: =IFERROR(__xludf.DUMMYFUNCTION("GOOGLEFINANCE(""Currency:BRLPEN"")*D74"),4013.94378) -> 4013.9438 | G74: {=_xlfn.XLOOKUP(B74,Vendedores!$A$2:$A$41,Vendedores!$B$2:$B$41,"No hay datos")} -> No hay datos | H74: {=_xlfn.XLOOKUP(B74,Vendedores!$A$2:$A$41,Vendedores!$C$2:$C$41,"No hay datos")} -> No hay datos | I74: {=_xlfn.XLOOKUP(B74,Vendedores!$A$2:$A$41,Vendedores!$D$2:$D$41,"No hay datos")} -> No hay datos | J74: {=_xlfn.XLOOKUP(A74,Productos!$A$2:$A$61,Productos!$B$2:$F$61)} -> #N/A
A75: =IFERROR(__xludf.DUMMYFUNCTION("""COMPUTED_VALUE"""),"PR008") -> PR008 | B75: =IFERROR(__xludf.DUMMYFUNCTION("""COMPUTED_VALUE"""),"VD037") -> VD037 | C75: =IFERROR(__xludf.DUMMYFUNCTION("""COMPUTED_VALUE"""),10.0) -> 10 | D75: =IFERROR(__xludf.DUMMYFUNCTION("""COMPUTED_VALUE"""),1078.8) -> 1078.8 | E75: =IFERROR(__xludf.DUMMYFUNCTION("GOOGLEFINANCE(""Currency:BRLMXN"")*D75"),3664.6836) -> 3664.6836 | F75: =IFERROR(__xludf.DUMMYFUNCTION("GOOGLEFINANCE(""Currency:BRLPEN"")*D75"),707.2612799999999) -> 707.26128 | G75: {=_xlfn.XLOOKUP(B75,Vendedores!$A$2:$A$41,Vendedores!$B$2:$B$41,"No hay datos")} -> No hay datos | H75: {=_xlfn.XLOOKUP(B75,Vendedores!$A$2:$A$41,Vendedores!$C$2:$C$41,"No hay datos")} -> No hay datos | I75: {=_xlfn.XLOOKUP(B75,Vendedores!$A$2:$A$41,Vendedores!$D$2:$D$41,"No hay datos")} -> No hay datos | J75: {=_xlfn.XLOOKUP(A75,Productos!$A$2:$A$61,Productos!$B$2:$F$61)} -> #N/A
A76: =IFERROR(__xludf.DUMMYFUNCTION("""COMPUTED_VALUE"""),"PR010") -> PR010 | B76: =IFERROR(__xludf.DUMMYFUNCTION("""COMPUTED_VALUE"""),"VD023") -> VD023 | C76: =IFERROR(__xludf.DUMMYFUNCTION("""COMPUTED_VALUE"""),14.0) -> 14 | D76: =IFERROR(__xludf.DUMMYFUNCTION("""COMPUTED_VALUE"""),704.03) -> 704.03 | E76: =IFERROR(__xludf.DUMMYFUNCTION("GOOGLEFINANCE(""Currency:BRLMXN"")*D76"),2391.5899099999997) -> 2391.5899 | F76: =IFERROR(__xludf.DUMMYFUNCTION("GOOGLEFINANCE(""Currency:BRLPEN"")*D76"),461.56206799999995) -> 461.56207 | G76: {=_xlfn.XLOOKUP(B76,Vendedores!$A$2:$A$41,Vendedores!$B$2:$B$41,"No hay datos")} -> No hay datos | H76: {=_xlfn.XLOOKUP(B76,Vendedores!$A$2:$A$41,Vendedores!$C$2:$C$41,"No hay datos")} -> No hay datos | I76: {=_xlfn.XLOOKUP(B76,Vendedores!$A$2:$A$41,Vendedores!$D$2:$D$41,"No hay datos")} -> No hay datos | J76: {=_xlfn.XLOOKUP(A76,Productos!$A$2:$A$61,Productos!$B$2:$F$61)} -> #N/A
A77: =IFERROR(__xludf.DUMMYFUNCTION("""COMPUTED_VALUE"""),"PR012") -> PR012 | B77: =IFERROR(__xludf.DUMMYFUNCTION("""COMPUTED_VALUE"""),"VD018") -> VD018 | C77: =IFERROR(__xludf.DUMMYFUNCTION("""COMPUTED_VALUE"""),10.0) -> 10 | D77: =IFERROR(__xludf.DUMMYFUNCTION("""COMPUTED_VALUE"""),577.02) -> 577.02 | E77: =IFERROR(__xludf.DUMMYFUNCTION("GOOGLEFINANCE(""Currency:BRLMXN"")*D77"),1960.1369399999999) -> 1960.1369 | F77: =IFERROR(__xludf.DUMMYFUNCTION("GOOGLEFINANCE(""Currency:BRLPEN"")*D77"),378.294312) -> 378.29431 | G77: {=_xlfn.XLOOKUP(B77,Vendedores!$A$2:$A$41,Vendedores!$B$2:$B$41,"No hay datos")} -> No hay datos | H77: {=_xlfn.XLOOKUP(B77,Vendedores!$A$2:$A$41,Vendedores!$C$2:$C$41,"No hay datos")} -> No hay datos | I77: {=_xlfn.XLOOKUP(B77,Vendedores!$A$2:$A$41,Vendedores!$D$2:$D$41,"No hay datos")} -> No hay datos | J77: {=_xlfn.XLOOKUP(A77,Productos!$A$2:$A$61,Productos!$B$2:$F$61)} -> #N/A
A78: =IFERROR(__xludf.DUMMYFUNCTION("""COMPUTED_VALUE"""),"PR043") -> PR043 | B78: =IFERROR(__xludf.DUMMYFUNCTION("""COMPUTED_VALUE"""),"VD033") -> VD033 | C78: =IFERROR(__xludf.DUMMYFUNCTION("""COMPUTED_VALUE"""),12.0) -> 12 | D78: =IFERROR(__xludf.DUMMYFUNCTION("""COMPUTED_VALUE"""),983.1) -> 983.1 | E78: =IFERROR(__xludf.DUMMYFUNCTION("GOOGLEFINANCE(""Currency:BRLMXN"")*D78"),3339.5906999999997) -> 3339.5907 | F78: =IFERROR(__xludf.DUMMYFUNCTION("GOOGLEFINANCE(""Currency:BRLPEN"")*D78"),644.52036) -> 644.52036 | G78: {=_xlfn.XLOOKUP(B78,Vendedores!$A$2:$A$41,Vendedores!$B$2:$B$41,"No hay datos")} -> No hay datos | H78: {=_xlfn.XLOOKUP(B78,Vendedores!$A$2:$A$41,Vendedores!$C$2:$C$41,"No hay datos")} -> No hay datos | I78: {=_xlfn.XLOOKUP(B78,Vendedores!$A$2:$A$41,Vendedores!$D$2:$D$41,"No hay datos")} -> No hay datos | J78: {=_xlfn.XLOOKUP(A78,Productos!$A$2:$A$61,Productos!$B$2:$F$61)} -> #N/A
A79: =IFERROR(__xludf.DUMMYFUNCTION("""COMPUTED_VALUE"""),"PR004") -> PR004 | B79: =IFERROR(__xludf.DUMMYFUNCTION("""COMPUTED_VALUE"""),"VD015") -> VD015 | C79: =IFERROR(__xludf.DUMMYFUNCTION("""COMPUTED_VALUE"""),10.0) -> 10 | D79: =IFERROR(__xludf.DUMMYFUNCTION("""COMPUTED_VALUE"""),1725.5) -> 1725.5 | E79: =IFERROR(__xludf.DUMMYFUNCTION("GOOGLEFINANCE(""Currency:BRLMXN"")*D79"),5861.523499999999) -> 5861.5235 | F79: =IFERROR(__xludf.DUMMYFUNCTION("GOOGLEFINANCE(""Currency:BRLPEN"")*D79"),1131.2377999999999) -> 1131.2378 | G79: {=_xlfn.XLOOKUP(B79,Vendedores!$A$2:$A$41,Vendedores!$B$2:$B$41,"No hay datos")} -> No hay datos | H79: {=_xlfn.XLOOKUP(B79,Vendedores!$A$2:$A$41,Vendedores!$C$2:$C$41,"No hay datos")} -> No hay datos | I79: {=_xlfn.XLOOKUP(B79,Vendedores!$A$2:$A$41,Vendedores!$D$2:$D$41,"No hay datos")} -> No hay datos | J79: {=_xlfn.XLOOKUP(A79,Productos!$A$2:$A$61,Productos!$B$2:$F$61)} -> #N/A
A80: =IFERROR(__xludf.DUMMYFUNCTION("""COMPUTED_VALUE"""),"PR045") -> PR045 | B80: =IFERROR(__xludf.DUMMYFUNCTION("""COMPUTED_VALUE"""),"VD027") -> VD027 | C80: =IFERROR(__xludf.DUMMYFUNCTION("""COMPUTED_VALUE"""),16.0) -> 16 | D80: =IFERROR(__xludf.DUMMYFUNCTION("""COMPUTED_VALUE"""),1334.0) -> 1334 | E80: =IFERROR(__xludf.DUMMYFUNCTION("GOOGLEFINANCE(""Currency:BRLMXN"")*D80"),4531.598) -> 4531.598 | F80: =IFERROR(__xludf.DUMMYFUNCTION("GOOGLEFINANCE(""Currency:BRLPEN"")*D80"),874.5704) -> 874.5704 | G80: {=_xlfn.XLOOKUP(B80,Vendedores!$A$2:$A$41,Vendedores!$B$2:$B$41,"No hay datos")} -> No hay datos | H80: {=_xlfn.XLOOKUP(B80,Vendedores!$A$2:$A$41,Vendedores!$C$2:$C$41,"No hay datos")} -> No hay datos | I80: {=_xlfn.XLOOKUP(B80,Vendedores!$A$2:$A$41,Vendedores!$D$2:$D$41,"No hay datos")} -> No hay datos | J80: {=_xlfn.XLOOKUP(A80,Productos!$A$2:$A$61,Productos!$B$2:$F$61)} -> #N/A
A81: =IFERROR(__xludf.DUMMYFUNCTION("""COMPUTED_VALUE"""),"PR014") -> PR014 | B81: =IFERROR(__xludf.DUMMYFUNCTION("""COMPUTED_VALUE"""),"VD035") -> VD035 | C81: =IFERROR(__xludf.DUMMYFUNCTION("""COMPUTED_VALUE"""),20.0) -> 20 | D81: =IFERROR(__xludf.DUMMYFUNCTION("""COMPUTED_VALUE"""),877.8) -> 877.8 | E81: =IFERROR(__xludf.DUMMYFUNCTION("GOOGLEFINANCE(""Currency:BRLMXN"")*D81"),2981.8866) -> 2981.8866 | F81: =IFERROR(__xludf.DUMMYFUNCTION("GOOGLEFINANCE(""Currency:BRLPEN"")*D81"),575.4856799999999) -> 575.48568 | G81: {=_xlfn.XLOOKUP(B81,Vendedores!$A$2:$A$41,Vendedores!$B$2:$B$41,"No hay datos")} -> No hay datos | H81: {=_xlfn.XLOOKUP(B81,Vendedores!$A$2:$A$41,Vendedores!$C$2:$C$41,"No hay datos")} -> No hay datos | I81: {=_xlfn.XLOOKUP(B81,Vendedores!$A$2:$A$41,Vendedores!$D$2:$D$41,"No hay datos")} -> No hay datos | J81: {=_xlfn.XLOOKUP(A81,Productos!$A$2:$A$61,Productos!$B$2:$F$61)} -> #N/A
A82: =IFERROR(__xludf.DUMMYFUNCTION("""COMPUTED_VALUE"""),"PR026") -> PR026 | B82: =IFERROR(__xludf.DUMMYFUNCTION("""COMPUTED_VALUE"""),"VD011") -> VD011 | C82: =IFERROR(__xludf.DUMMYFUNCTION("""COMPUTED_VALUE"""),15.0) -> 15 | D82: =IFERROR(__xludf.DUMMYFUNCTION("""COMPUTED_VALUE"""),6035.78) -> 6035.78 | E82: =IFERROR(__xludf.DUMMYFUNCTION("GOOGLEFINANCE(""Currency:BRLMXN"")*D82"),20503.54466) -> 20503.545 | F82: =IFERROR(__xludf.DUMMYFUNCTION("GOOGLEFINANCE(""Currency:BRLPEN"")*D82"),3957.0573679999998) -> 3957.0574 | G82: {=_xlfn.XLOOKUP(B82,Vendedores!$A$2:$A$41,Vendedores!$B$2:$B$41,"No hay datos")} -> No hay datos | H82: {=_xlfn.XLOOKUP(B82,Vendedores!$A$2:$A$41,Vendedores!$C$2:$C$41,"No hay datos")} -> No hay datos | I82: {=_xlfn.XLOOKUP(B82,Vendedores!$A$2:$A$41,Vendedores!$D$2:$D$41,"No hay datos")} -> No hay datos | J82: {=_xlfn.XLOOKUP(A82,Productos!$A$2:$A$61,Productos!$B$2:$F$61)} -> #N/A
A83: =IFERROR(__xludf.DUMMYFUNCTION("""COMPUTED_VALUE"""),"PR014") -> PR014 | B83: =IFERROR(__xludf.DUMMYFUNCTION("""COMPUTED_VALUE"""),"VD028") -> VD028 | C83: =IFERROR(__xludf.DUMMYFUNCTION("""COMPUTED_VALUE"""),30.0) -> 30 | D83: =IFERROR(__xludf.DUMMYFUNCTION("""COMPUTED_VALUE"""),1328.67) -> 1328.67 | E83: =IFERROR(__xludf.DUMMYFUNCTION("GOOGLEFINANCE(""Currency:BRLMXN"")*D83"),4513.4919899999995) -> 4513.492 | F83: =IFERROR(__xludf.DUMMYFUNCTION("GOOGLEFINANCE(""Currency:BRLPEN"")*D83"),871.076052) -> 871.07605 | G83: {=_xlfn.XLOOKUP(B83,Vendedores!$A$2:$A$41,Vendedores!$B$2:$B$41,"No hay datos")} -> No hay datos | H83: {=_xlfn.XLOOKUP(B83,Vendedores!$A$2:$A$41,Vendedores!$C$2:$C$41,"No hay datos")} -> No hay datos | I83: {=_xlfn.XLOOKUP(B83,Vendedores!$A$2:$A$41,Vendedores!$D$2:$D$41,"No hay datos")} -> No hay datos | J83: {=_xlfn.XLOOKUP(A83,Productos!$A$2:$A$61,Productos!$B$2:$F$61)} -> #N/A
A84: =IFERROR(__xludf.DUMMYFUNCTION("""COMPUTED_VALUE"""),"PR024") -> PR024 | B84: =IFERROR(__xludf.DUMMYFUNCTION("""COMPUTED_VALUE"""),"VD019") -> VD019 | C84: =IFERROR(__xludf.DUMMYFUNCTION("""COMPUTED_VALUE"""),30.0) -> 30 | D84: =IFERROR(__xludf.DUMMYFUNCTION("""COMPUTED_VALUE"""),8810.61) -> 8810.61 | E84: =IFERROR(__xludf.DUMMYFUNCTION("GOOGLEFINANCE(""Currency:BRLMXN"")*D84"),29929.64217) -> 29929.642 | F84: =IFERROR(__xludf.DUMMYFUNCTION("GOOGLEFINANCE(""Currency:BRLPEN"")*D84"),5776.235916) -> 5776.2359 | G84: {=_xlfn.XLOOKUP(B84,Vendedores!$A$2:$A$41,Vendedores!$B$2:$B$41,"No hay datos")} -> No hay datos | H84: {=_xlfn.XLOOKUP(B84,Vendedores!$A$2:$A$41,Vendedores!$C$2:$C$41,"No hay datos")} -> No hay datos | I84: {=_xlfn.XLOOKUP(B84,Vendedores!$A$2:$A$41,Vendedores!$D$2:$D$41,"No hay datos")} -> No hay datos | J84: {=_xlfn.XLOOKUP(A84,Productos!$A$2:$A$61,Productos!$B$2:$F$61)} -> #N/A
A85: =IFERROR(__xludf.DUMMYFUNCTION("""COMPUTED_VALUE"""),"PR023") -> PR023 | B85: =IFERROR(__xludf.DUMMYFUNCTION("""COMPUTED_VALUE"""),"VD034") -> VD034 | C85: =IFERROR(__xludf.DUMMYFUNCTION("""COMPUTED_VALUE"""),18.0) -> 18 | D85: =IFERROR(__xludf.DUMMYFUNCTION("""COMPUTED_VALUE"""),5082.97) -> 5082.97 | E85: =IFERROR(__xludf.DUMMYFUNCTION("GOOGLEFINANCE(""Currency:BRLMXN"")*D85"),17266.84909) -> 17266.849 | F85: =IFERROR(__xludf.DUMMYFUNCTION("GOOGLEFINANCE(""Currency:BRLPEN"")*D85"),3332.395132) -> 3332.3951 | G85: {=_xlfn.XLOOKUP(B85,Vendedores!$A$2:$A$41,Vendedores!$B$2:$B$41,"No hay datos")} -> No hay datos | H85: {=_xlfn.XLOOKUP(B85,Vendedores!$A$2:$A$41,Vendedores!$C$2:$C$41,"No hay datos")} -> No hay datos | I85: {=_xlfn.XLOOKUP(B85,Vendedores!$A$2:$A$41,Vendedores!$D$2:$D$41,"No hay datos")} -> No hay datos | J85: {=_xlfn.XLOOKUP(A85,Productos!$A$2:$A$61,Productos!$B$2:$F$61)} -> #N/A
A86: =IFERROR(__xludf.DUMMYFUNCTION("""COMPUTED_VALUE"""),"PR010") -> PR010 | B86: =IFERROR(__xludf.DUMMYFUNCTION("""COMPUTED_VALUE"""),"VD028") -> VD028 | C86: =IFERROR(__xludf.DUMMYFUNCTION("""COMPUTED_VALUE"""),20.0) -> 20 | D86: =IFERROR(__xludf.DUMMYFUNCTION("""COMPUTED_VALUE"""),1050.66) -> 1050.66 | E86: =IFERROR(__xludf.DUMMYFUNCTION("GOOGLEFINANCE(""Currency:BRLMXN"")*D86"),3569.09202) -> 3569.092 | F86: =IFERROR(__xludf.DUMMYFUNCTION("GOOGLEFINANCE(""Currency:BRLPEN"")*D86"),688.812696) -> 688.8127 | G86: {=_xlfn.XLOOKUP(B86,Vendedores!$A$2:$A$41,Vendedores!$B$2:$B$41,"No hay datos")} -> No hay datos | H86: {=_xlfn.XLOOKUP(B86,Vendedores!$A$2:$A$41,Vendedores!$C$2:$C$41,"No hay datos")} -> No hay datos | I86: {=_xlfn.XLOOKUP(B86,Vendedores!$A$2:$A$41,Vendedores!$D$2:$D$41,"No hay datos")} -> No hay datos | J86: {=_xlfn.XLOOKUP(A86,Productos!$A$2:$A$61,Productos!$B$2:$F$61)} -> #N/A
A87: =IFERROR(__xludf.DUMMYFUNCTION("""COMPUTED_VALUE"""),"PR042") -> PR042 | B87: =IFERROR(__xludf.DUMMYFUNCTION("""COMPUTED_VALUE"""),"VD041") -> VD041 | C87: =IFERROR(__xludf.DUMMYFUNCTION("""COMPUTED_VALUE"""),24.0) -> 24 | D87: =IFERROR(__xludf.DUMMYFUNCTION("""COMPUTED_VALUE"""),1502.06) -> 1502.06 | E87: =IFERROR(__xludf.DUMMYFUNCTION("GOOGLEFINANCE(""Currency:BRLMXN"")*D87"),5102.49782) -> 5102.4978 | F87: =IFERROR(__xludf.DUMMYFUNCTION("GOOGLEFINANCE(""Currency:BRLPEN"")*D87"),984.7505359999999) -> 984.75054 | G87: {=_xlfn.XLOOKUP(B87,Vendedores!$A$2:$A$41,Vendedores!$B$2:$B$41,"No hay datos")} -> No hay datos | H87: {=_xlfn.XLOOKUP(B87,Vendedores!$A$2:$A$41,Vendedores!$C$2:$C$41,"No hay datos")} -> No hay datos | I87: {=_xlfn.XLOOKUP(B87,Vendedores!$A$2:$A$41,Vendedores!$D$2:$D$41,"No hay datos")} -> No hay datos | J87: {=_xlfn.XLOOKUP(A87,Productos!$A$2:$A$61,Productos!$B$2:$F$61)} -> #N/A
A88: =IFERROR(__xludf.DUMMYFUNCTION("""COMPUTED_VALUE"""),"PR057") -> PR057 | B88: =IFERROR(__xludf.DUMMYFUNCTION("""COMPUTED_VALUE"""),"VD015") -> VD015 | C88: =IFERROR(__xludf.DUMMYFUNCTION("""COMPUTED_VALUE"""),24.0) -> 24 | D88: =IFERROR(__xludf.DUMMYFUNCTION("""COMPUTED_VALUE"""),2373.36) -> 2373.36 | E88: =IFERROR(__xludf.DUMMYFUNCTION("GOOGLEFINANCE(""Currency:BRLMXN"")*D88"),8062.30392) -> 8062.3039 | F88: =IFERROR(__xludf.DUMMYFUNCTION("GOOGLEFINANCE(""Currency:BRLPEN"")*D88"),1555.974816) -> 1555.9748 | G88: {=_xlfn.XLOOKUP(B88,Vendedores!$A$2:$A$41,Vendedores!$B$2:$B$41,"No hay datos")} -> No hay datos | H88: {=_xlfn.XLOOKUP(B88,Vendedores!$A$2:$A$41,Vendedores!$C$2:$C$41,"No hay datos")} -> No hay datos | I88: {=_xlfn.XLOOKUP(B88,Vendedores!$A$2:$A$41,Vendedores!$D$2:$D$41,"No hay datos")} -> No hay datos | J88: {=_xlfn.XLOOKUP(A88,Productos!$A$2:$A$61,Productos!$B$2:$F$61)} -> #N/A
A89: =IFERROR(__xludf.DUMMYFUNCTION("""COMPUTED_VALUE"""),"PR034") -> PR034 | B89: =IFERROR(__xludf.DUMMYFUNCTION("""COMPUTED_VALUE"""),"VD027") -> VD027 | C89: =IFERROR(__xludf.DUMMYFUNCTION("""COMPUTED_VALUE"""),6.0) -> 6 | D89: =IFERROR(__xludf.DUMMYFUNCTION("""COMPUTED_VALUE"""),598.73) -> 598.73 | E89: =IFERROR(__xludf.DUMMYFUNCTION("GOOGLEFINANCE(""Currency:BRLMXN"")*D89"),2033.88581) -> 2033.8858 | F89: =IFERROR(__xludf.DUMMYFUNCTION("GOOGLEFINANCE(""Currency:BRLPEN"")*D89"),392.527388) -> 392.52739 | G89: {=_xlfn.XLOOKUP(B89,Vendedores!$A$2:$A$41,Vendedores!$B$2:$B$41,"No hay datos")} -> No hay datos | H89: {=_xlfn.XLOOKUP(B89,Vendedores!$A$2:$A$41,Vendedores!$C$2:$C$41,"No hay datos")} -> No hay datos | I89: {=_xlfn.XLOOKUP(B89,Vendedores!$A$2:$A$41,Vendedores!$D$2:$D$41,"No hay datos")} -> No hay datos | J89: {=_xlfn.XLOOKUP(A89,Productos!$A$2:$A$61,Productos!$B$2:$F$61)} -> #N/A
A90: =IFERROR(__xludf.DUMMYFUNCTION("""COMPUTED_VALUE"""),"PR031") -> PR031 | B90: =IFERROR(__xludf.DUMMYFUNCTION("""COMPUTED_VALUE"""),"VD024") -> VD024 | C90: =IFERROR(__xludf.DUMMYFUNCTION("""COMPUTED_VALUE"""),6.0) -> 6 | D90: =IFERROR(__xludf.DUMMYFUNCTION("""COMPUTED_VALUE"""),1675.8) -> 1675.8 | E90: =IFERROR(__xludf.DUMMYFUNCTION("GOOGLEFINANCE(""Currency:BRLMXN"")*D90"),5692.692599999999) -> 5692.6926 | F90: =IFERROR(__xludf.DUMMYFUNCTION("GOOGLEFINANCE(""Currency:BRLPEN"")*D90"),1098.65448) -> 1098.6545 | G90: {=_xlfn.XLOOKUP(B90,Vendedores!$A$2:$A$41,Vendedores!$B$2:$B$41,"No hay datos")} -> No hay datos | H90: {=_xlfn.XLOOKUP(B90,Vendedores!$A$2:$A$41,Vendedores!$C$2:$C$41,"No hay datos")} -> No hay datos | I90: {=_xlfn.XLOOKUP(B90,Vendedores!$A$2:$A$41,Vendedores!$D$2:$D$41,"No hay datos")} -> No hay datos | J90: {=_xlfn.XLOOKUP(A90,Productos!$A$2:$A$61,Productos!$B$2:$F$61)} -> #N/A
A91: =IFERROR(__xludf.DUMMYFUNCTION("""COMPUTED_VALUE"""),"PR046") -> PR046 | B91: =IFERROR(__xludf.DUMMYFUNCTION("""COMPUTED_VALUE"""),"VD038") -> VD038 | C91: =IFERROR(__xludf.DUMMYFUNCTION("""COMPUTED_VALUE"""),8.0) -> 8 | D91: =IFERROR(__xludf.DUMMYFUNCTION("""COMPUTED_VALUE"""),2620.7) -> 2620.7 | E91: =IFERROR(__xludf.DUMMYFUNCTION("GOOGLEFINANCE(""Currency:BRLMXN"")*D91"),8902.517899999999) -> 8902.5179 | F91: =IFERROR(__xludf.DUMMYFUNCTION("GOOGLEFINANCE(""Currency:BRLPEN"")*D91"),1718.1309199999998) -> 1718.1309 | G91: {=_xlfn.XLOOKUP(B91,Vendedores!$A$2:$A$41,Vendedores!$B$2:$B$41,"No hay datos")} -> No hay datos | H91: {=_xlfn.XLOOKUP(B91,Vendedores!$A$2:$A$41,Vendedores!$C$2:$C$41,"No hay datos")} -> No hay datos | I91: {=_xlfn.XLOOKUP(B91,Vendedores!$A$2:$A$41,Vendedores!$D$2:$D$41,"No hay datos")} -> No hay datos | J91: {=_xlfn.XLOOKUP(A91,Productos!$A$2:$A$61,Productos!$B$2:$F$61)} -> #N/A
A92: =IFERROR(__xludf.DUMMYFUNCTION("""COMPUTED_VALUE"""),"PR033") -> PR033 | B92: =IFERROR(__xludf.DUMMYFUNCTION("""COMPUTED_VALUE"""),"VD014") -> VD014 | C92: =IFERROR(__xludf.DUMMYFUNCTION("""COMPUTED_VALUE"""),12.0) -> 12 | D92: =IFERROR(__xludf.DUMMYFUNCTION("""COMPUTED_VALUE"""),3649.0) -> 3649 | E92: =IFERROR(__xludf.DUMMYFUNCTION("GOOGLEFINANCE(""Currency:BRLMXN"")*D92"),12395.652999999998) -> 12395.653 | F92: =IFERROR(__xludf.DUMMYFUNCTION("GOOGLEFINANCE(""Currency:BRLPEN"")*D92"),2392.2844) -> 2392.2844 | G92: {=_xlfn.XLOOKUP(B92,Vendedores!$A$2:$A$41,Vendedores!$B$2:$B$41,"No hay datos")} -> No hay datos | H92: {=_xlfn.XLOOKUP(B92,Vendedores!$A$2:$A$41,Vendedores!$C$2:$C$41,"No hay datos")} -> No hay datos | I92: {=_xlfn.XLOOKUP(B92,Vendedores!$A$2:$A$41,Vendedores!$D$2:$D$41,"No hay datos")} -> No hay datos | J92: {=_xlfn.XLOOKUP(A92,Productos!$A$2:$A$61,Productos!$B$2:$F$61)} -> #N/A
A93: =IFERROR(__xludf.DUMMYFUNCTION("""COMPUTED_VALUE"""),"PR041") -> PR041 | B93: =IFERROR(__xludf.DUMMYFUNCTION("""COMPUTED_VALUE"""),"VD035") -> VD035 | C93: =IFERROR(__xludf.DUMMYFUNCTION("""COMPUTED_VALUE"""),18.0) -> 18 | D93: =IFERROR(__xludf.DUMMYFUNCTION("""COMPUTED_VALUE"""),1166.08) -> 1166.08 | E93: =IFERROR(__xludf.DUMMYFUNCTION("GOOGLEFINANCE(""Currency:BRLMXN"")*D93"),3961.1737599999997) -> 3961.1738 | F93: =IFERROR(__xludf.DUMMYFUNCTION("GOOGLEFINANCE(""Currency:BRLPEN"")*D93"),764.4820479999998) -> 764.48205 | G93: {=_xlfn.XLOOKUP(B93,Vendedores!$A$2:$A$41,Vendedores!$B$2:$B$41,"No hay datos")} -> No hay datos | H93: {=_xlfn.XLOOKUP(B93,Vendedores!$A$2:$A$41,Vendedores!$C$2:$C$41,"No hay datos")} -> No hay datos | I93: {=_xlfn.XLOOKUP(B93,Vendedores!$A$2:$A$41,Vendedores!$D$2:$D$41,"No hay datos")} -> No hay datos | J93: {=_xlfn.XLOOKUP(A93,Productos!$A$2:$A$61,Productos!$B$2:$F$61)} -> #N/A
A94: =IFERROR(__xludf.DUMMYFUNCTION("""COMPUTED_VALUE"""),"PR001") -> PR001 | B94: =IFERROR(__xludf.DUMMYFUNCTION("""COMPUTED_VALUE"""),"VD045") -> VD045 | C94: =IFERROR(__xludf.DUMMYFUNCTION("""COMPUTED_VALUE"""),12.0) -> 12 | D94: =IFERROR(__xludf.DUMMYFUNCTION("""COMPUTED_VALUE"""),941.05) -> 941.05 | E94: =IFERROR(__xludf.DUMMYFUNCTION("GOOGLEFINANCE(""Currency:BRLMXN"")*D94"),3196.7468499999995) -> 3196.7468 | F94: =IFERROR(__xludf.DUMMYFUNCTION("GOOGLEFINANCE(""Currency:BRLPEN"")*D94"),616.95238) -> 616.95238 | G94: {=_xlfn.XLOOKUP(B94,Vendedores!$A$2:$A$41,Vendedores!$B$2:$B$41,"No hay datos")} -> No hay datos | H94: {=_xlfn.XLOOKUP(B94,Vendedores!$A$2:$A$41,Vendedores!$C$2:$C$41,"No hay datos")} -> No hay datos | I94: {=_xlfn.XLOOKUP(B94,Vendedores!$A$2:$A$41,Vendedores!$D$2:$D$41,"No hay datos")} -> No hay datos | J94: {=_xlfn.XLOOKUP(A94,Productos!$A$2:$A$61,Productos!$B$2:$F$61)} -> #N/A
